Date,Open,High,Low,Close,Adj Close,Volume
2000-01-03,20.21875,20.21875,18.90625,19.15625,13.514280319213867,3490800
2000-01-04,18.78125,19.5,18.78125,19.25,13.580415725708008,4968200
2000-01-05,18.75,18.96875,18.28125,18.40625,12.985166549682617,7524600
2000-01-06,18.40625,19.25,18.40625,19.15625,13.514280319213867,8868600
2000-01-07,19.625,20.4375,19.28125,20.34375,14.352030754089355,8737400
2000-01-10,20.65625,20.65625,19.15625,19.53125,13.778833389282227,5440000
2000-01-11,19.71875,20.25,19.375,20.25,14.28589916229248,5752000
2000-01-12,20.0,20.25,18.84375,18.875,13.315869331359863,5840600
2000-01-13,19.15625,19.625,19.0,19.125,13.492225646972656,7705200
2000-01-14,19.25,19.59375,18.71875,19.28125,13.602459907531738,7083000
2000-01-18,19.15625,21.125,19.125,20.84375,14.704769134521484,12708400
2000-01-19,20.84375,21.25,20.53125,21.09375,14.881136894226074,7712000
2000-01-20,21.09375,21.09375,20.40625,20.40625,14.396127700805664,9798000
2000-01-21,20.75,21.75,20.65625,21.1875,14.947275161743164,6455600
2000-01-24,21.1875,21.75,19.65625,19.9375,14.065433502197266,6052200
2000-01-25,19.96875,20.71875,19.5625,20.0,14.109522819519043,5748000
2000-01-26,20.5,20.9375,19.21875,19.34375,13.646544456481934,8223000
2000-01-27,19.5,19.96875,18.3125,18.75,13.227678298950195,6704000
2000-01-28,18.375,18.8125,17.625,17.90625,12.632431983947754,7333400
2000-01-31,17.9375,18.25,17.75,18.0625,12.742663383483887,5969400
2000-02-01,18.15625,18.4375,17.78125,18.1875,12.83084487915039,5991200
2000-02-02,18.625,18.6875,18.125,18.5625,13.095402717590332,6113400
2000-02-03,18.6875,18.78125,18.28125,18.6875,13.183582305908203,4271800
2000-02-04,18.4375,18.65625,18.15625,18.40625,12.985166549682617,4684200
2000-02-07,18.40625,19.125,18.28125,18.6875,13.183582305908203,3883400
2000-02-08,19.1875,19.1875,18.21875,18.4375,13.007217407226562,4559600
2000-02-09,18.3125,18.6875,17.3125,17.75,12.522201538085938,6528800
2000-02-10,17.53125,18.0,17.46875,17.71875,12.500153541564941,7606400
2000-02-11,17.9375,17.96875,17.0,17.125,12.081283569335938,6207200
2000-02-14,17.375,18.125,16.84375,17.96875,12.676533699035645,6191200
2000-02-15,18.0,19.28125,17.96875,19.25,13.580415725708008,7978600
2000-02-16,19.5,19.875,19.3125,19.5625,13.800877571105957,7648400
2000-02-17,19.25,19.6875,18.59375,19.25,13.580415725708008,5403000
2000-02-18,19.0,19.1875,18.28125,18.34375,12.94107723236084,3593800
2000-02-22,18.3125,18.375,17.625,17.75,12.522201538085938,3786200
2000-02-23,17.625,17.84375,17.15625,17.15625,12.103327751159668,3688800
2000-02-24,17.25,18.28125,17.1875,17.71875,12.500153541564941,6323200
2000-02-25,17.71875,17.78125,16.71875,16.84375,11.882867813110352,7448000
2000-02-28,16.90625,17.65625,16.75,17.5,12.34583568572998,5269400
2000-02-29,17.6875,19.21875,17.5625,19.09375,13.518465042114258,7824200
2000-03-01,19.09375,20.59375,18.78125,20.46875,14.491971015930176,9905200
2000-03-02,20.40625,21.34375,20.21875,21.09375,14.93447494506836,9536200
2000-03-03,21.09375,21.09375,19.625,20.4375,14.469842910766602,7751400
2000-03-06,21.0,21.0625,20.59375,20.625,14.602604866027832,5745400
2000-03-07,20.65625,22.75,20.65625,22.25,15.753105163574219,12973200
2000-03-08,21.25,21.25,19.875,19.9375,14.11584758758545,11930000
2000-03-09,20.4375,20.46875,19.4375,20.0625,14.204345703125,6077000
2000-03-10,19.75,20.90625,19.65625,19.78125,14.005219459533691,4364800
2000-03-13,19.1875,20.71875,19.125,19.4375,13.761841773986816,5174800
2000-03-14,19.28125,19.59375,18.53125,19.078125,13.50739860534668,5844800
2000-03-15,19.21875,19.5625,18.5,18.9375,13.407844543457031,3436600
2000-03-16,18.5625,20.0,18.375,19.6875,13.938846588134766,6056800
2000-03-17,19.28125,19.5,18.90625,19.1875,13.584837913513184,6463000
2000-03-20,18.75,18.78125,17.9375,18.09375,12.810455322265625,7736200
2000-03-21,18.4375,18.90625,18.28125,18.75,13.275089263916016,10294200
2000-03-22,19.125,19.75,18.875,19.34375,13.695457458496094,12027000
2000-03-23,19.1875,19.375,18.625,18.9375,13.407844543457031,8611200
2000-03-24,19.46875,20.0625,19.125,19.5,13.806095123291016,7187200
2000-03-27,19.0,19.875,18.625,19.0625,13.49633502960205,6980600
2000-03-28,18.78125,19.6875,18.5,18.84375,13.341472625732422,10352000
2000-03-29,18.625,20.21875,18.375,20.125,14.248597145080566,9889400
2000-03-30,20.0625,20.84375,19.78125,20.28125,14.359224319458008,8744600
2000-03-31,20.40625,20.71875,19.8125,20.5625,14.558350563049316,4997600
2000-04-03,20.5,21.3125,20.3125,21.25,15.045104026794434,4905200
2000-04-04,21.25,21.625,19.5625,20.0,14.16009521484375,8347600
2000-04-05,20.09375,20.125,18.875,19.0,13.4520845413208,5415000
2000-04-06,19.125,19.875,19.0625,19.59375,13.872469902038574,6482600
2000-04-07,20.09375,20.65625,19.65625,19.8125,14.027344703674316,9264800
2000-04-10,19.8125,19.8125,19.09375,19.15625,13.562718391418457,6530400
2000-04-11,19.5,20.1875,19.15625,20.09375,14.226468086242676,4892200
2000-04-12,20.3125,20.625,19.9375,20.40625,14.447728157043457,4344000
2000-04-13,20.28125,20.71875,19.625,19.65625,13.91672420501709,4435600
2000-04-14,19.78125,20.5,19.1875,19.4375,13.761841773986816,5206400
2000-04-17,19.21875,19.4375,18.75,19.21875,13.606958389282227,5687600
2000-04-18,19.5,21.0,19.1875,20.84375,14.757473945617676,7238800
2000-04-19,20.71875,21.25,20.03125,20.71875,14.668972969055176,5204000
2000-04-20,20.78125,21.25,20.5625,21.125,14.956604957580566,5003000
2000-04-24,21.4375,21.6875,20.21875,20.8125,14.735347747802734,4298200
2000-04-25,21.5,21.5,20.09375,20.71875,14.668972969055176,5953400
2000-04-26,20.875,21.8125,20.21875,21.8125,15.443354606628418,8123800
2000-04-27,21.5625,23.21875,21.25,22.75,16.107114791870117,12422400
2000-04-28,22.53125,22.71875,22.09375,22.09375,15.64247989654541,5453600
2000-05-01,22.03125,22.53125,21.53125,22.125,15.664599418640137,5129200
2000-05-02,22.375,23.75,22.3125,23.6875,16.770862579345703,8542000
2000-05-03,23.4375,23.625,22.28125,22.625,16.018606185913086,6454200
2000-05-04,22.53125,23.5,22.53125,23.5,16.638105392456055,4925800
2000-05-05,23.125,23.59375,22.71875,23.4375,16.59386444091797,5838800
2000-05-08,23.5625,24.46875,23.5625,24.1875,17.124858856201172,6446000
2000-05-09,24.0625,24.46875,23.9375,24.46875,17.323991775512695,5691800
2000-05-10,24.125,24.734375,23.90625,24.59375,17.41248893737793,6895000
2000-05-11,24.59375,25.21875,24.46875,25.1875,17.832866668701172,6565400
2000-05-12,24.9375,25.375,24.4375,25.046875,17.73331069946289,7433600
2000-05-15,24.875,26.0625,24.65625,25.78125,18.253253936767578,7906600
2000-05-16,25.90625,25.90625,24.78125,25.75,18.231130599975586,6955200
2000-05-17,25.5,26.125,25.125,25.5,18.054121017456055,8103400
2000-05-18,25.375,25.4375,24.5,24.8125,17.567365646362305,8104000
2000-05-19,25.0,25.46875,24.65625,25.4375,18.009878158569336,5797200
2000-05-22,24.875,25.0,20.0625,23.6875,16.770862579345703,5941800
2000-05-23,23.8125,24.4375,23.4375,24.375,17.257619857788086,4609800
2000-05-24,24.65625,24.84375,23.96875,24.25,17.16912269592285,4903200
2000-05-25,24.25,24.28125,23.0625,24.15625,17.102737426757812,4213400
2000-05-26,24.4375,24.59375,23.3125,23.4375,16.59386444091797,2180400
2000-05-30,23.6875,24.78125,23.5625,24.5,17.392494201660156,5440600
2000-05-31,24.875,25.875,24.8125,25.46875,18.080217361450195,5252600
2000-06-01,25.03125,25.59375,24.65625,25.375,18.013654708862305,5235600
2000-06-02,25.0,25.0,23.65625,24.125,17.126279830932617,6312000
2000-06-05,24.625,25.0,22.75,22.78125,16.172359466552734,6402600
2000-06-06,23.125,24.5,22.96875,24.25,17.215017318725586,5618800
2000-06-07,24.34375,24.625,23.46875,23.75,16.86008071899414,4266800
2000-06-08,23.625,24.125,23.3125,23.3125,16.54949951171875,6404200
2000-06-09,23.4375,23.4375,22.65625,22.84375,16.216732025146484,5134000
2000-06-12,23.3125,24.25,23.3125,24.15625,17.14846420288086,4376200
2000-06-13,24.15625,25.0,24.15625,24.21875,17.19283676147461,5964800
2000-06-14,24.21875,24.90625,23.65625,23.84375,16.926624298095703,3737600
2000-06-15,23.84375,24.21875,22.75,23.25,16.505123138427734,4982400
2000-06-16,24.0,24.75,23.90625,24.484375,17.381397247314453,4974000
2000-06-19,24.5,24.5,23.3125,24.0,17.03754234313965,3835000
2000-06-20,23.5625,23.875,23.0625,23.84375,16.926624298095703,5039200
2000-06-21,23.84375,24.96875,23.71875,24.875,17.65870475769043,7361600
2000-06-22,24.5625,25.15625,23.53125,23.78125,16.88226318359375,5734400
2000-06-23,24.0,24.625,23.75,23.78125,16.88226318359375,3438000
2000-06-26,23.8125,24.28125,23.34375,23.59375,16.7491512298584,4130800
2000-06-27,23.5,24.0625,23.03125,23.84375,16.926624298095703,5793400
2000-06-28,23.78125,23.78125,22.84375,23.1171875,16.410839080810547,5090000
2000-06-29,23.40625,24.46875,23.21875,24.21875,17.19283676147461,5534800
2000-06-30,24.125,24.34375,23.375,23.59375,16.7491512298584,5088200
2000-07-03,23.375,23.71875,23.375,23.46875,16.660415649414062,963600
2000-07-05,23.125,23.125,22.03125,22.28125,15.817412376403809,5983400
2000-07-06,22.5,23.0625,22.125,22.25,15.795228004455566,5485200
2000-07-07,22.25,22.375,21.5,21.84375,15.506832122802734,4968000
2000-07-10,21.9375,22.4375,20.9375,21.0,14.907855033874512,8191600
2000-07-11,21.875,23.46875,21.875,23.25,16.505123138427734,11754200
2000-07-12,23.40625,23.4375,22.65625,22.96875,16.30545997619629,7285600
2000-07-13,23.0,23.0,22.03125,22.65625,16.083621978759766,4990600
2000-07-14,22.53125,22.75,22.0,22.5625,16.01706886291504,4630400
2000-07-17,22.34375,22.375,21.40625,21.4296875,15.212886810302734,5366400
2000-07-18,21.9375,22.53125,21.875,22.4375,15.928327560424805,5843200
2000-07-19,22.4375,22.875,22.15625,22.46875,15.950514793395996,3343000
2000-07-20,22.5625,22.84375,22.4375,22.5625,16.01706886291504,4030400
2000-07-21,22.5,22.59375,20.75,21.125,14.996588706970215,12768200
2000-07-24,21.3125,21.625,20.59375,20.84375,14.796935081481934,5264200
2000-07-25,21.3125,21.71875,21.0,21.125,14.996588706970215,6930400
2000-07-26,21.125,21.96875,20.9375,21.78125,15.462453842163086,6199800
2000-07-27,22.3125,22.9375,22.25,22.6875,16.10580062866211,10345600
2000-07-28,22.6875,23.25,22.25,22.7265625,16.1335391998291,4396000
2000-07-31,22.71875,23.0625,22.28125,23.0546875,16.36646842956543,4512800
2000-08-01,23.25,23.8125,22.96875,23.40625,16.616044998168945,5314200
2000-08-02,23.75,24.15625,23.6875,23.78125,16.88226318359375,5528800
2000-08-03,23.96875,24.09375,23.28125,23.5625,16.726964950561523,5453400
2000-08-04,23.6875,24.59375,23.4375,24.1328125,17.13182830810547,5453800
2000-08-07,24.0,24.71875,23.90625,24.3515625,17.28712272644043,4068800
2000-08-08,24.375,24.96875,24.34375,24.8984375,17.675342559814453,6499400
2000-08-09,25.5,26.46875,25.46875,26.3125,18.679189682006836,16368800
2000-08-10,26.21875,26.46875,25.90625,26.0703125,18.50725746154785,6562200
2000-08-11,26.0,26.0,25.25,25.5,18.102392196655273,4074000
2000-08-14,25.625,26.40625,25.59375,26.125,18.546077728271484,5606800
2000-08-15,26.5,26.5625,25.4375,25.71875,18.25767707824707,4231200
2000-08-16,25.5,27.0078125,25.3125,27.0078125,19.17279052734375,9355400
2000-08-17,27.125,27.375,26.46875,26.875,19.07850456237793,6307800
2000-08-18,26.96875,26.96875,26.0625,26.34375,18.701370239257812,5170800
2000-08-21,26.5625,26.84375,26.0,26.71875,18.967586517333984,3675200
2000-08-22,26.6875,26.96875,26.1875,26.65625,18.9232120513916,5384400
2000-08-23,26.9375,27.125,26.625,26.9375,19.122873306274414,5797200
2000-08-24,26.9375,26.9375,26.40625,26.5625,18.856666564941406,3233600
2000-08-25,26.65625,26.65625,25.8125,26.34375,18.701370239257812,3108000
2000-08-28,26.4375,27.28125,25.9375,26.8125,19.034130096435547,4337000
2000-08-29,26.8125,27.28125,26.625,26.8828125,19.08405113220215,5235000
2000-08-30,26.90625,27.15625,25.9375,26.5234375,18.82892608642578,5239000
2000-08-31,26.78125,26.90625,25.96875,26.5078125,18.817834854125977,4009200
2000-09-01,26.4375,26.9375,26.375,26.8203125,19.084678649902344,1677600
2000-09-05,26.9375,27.0625,26.15625,26.8125,19.079111099243164,3811400
2000-09-06,27.0625,27.59375,26.75,27.34375,19.45713996887207,5642800
2000-09-07,26.96875,26.96875,26.375,26.71875,19.012409210205078,2936200
2000-09-08,26.375,26.4375,25.59375,26.03125,18.523210525512695,3705200
2000-09-11,26.03125,27.375,26.03125,27.1171875,19.295923233032227,6667800
2000-09-12,27.375,27.375,26.6875,27.1875,19.345956802368164,5068400
2000-09-13,26.96875,26.96875,25.96875,25.96875,18.478715896606445,3613000
2000-09-14,26.0,26.125,25.3125,25.75,18.32306671142578,8556600
2000-09-15,26.46875,26.71875,26.21875,26.34375,18.745567321777344,5253000
2000-09-18,26.46875,26.53125,25.28125,25.5078125,18.150733947753906,3387000
2000-09-19,25.5,25.71875,24.96875,25.28125,17.989513397216797,4164600
2000-09-20,25.59375,25.90625,24.28125,24.3125,17.3001708984375,7442200
2000-09-21,24.25,24.5,23.5625,24.0,17.07780647277832,9834200
2000-09-22,23.875,24.4375,23.1875,23.5234375,16.73870849609375,5172800
2000-09-25,23.40625,23.59375,22.46875,23.3671875,16.62752342224121,10014600
2000-09-26,23.875,24.0625,23.5625,24.0,17.07780647277832,3833000
2000-09-27,24.0625,24.5625,23.5625,24.34375,17.322418212890625,5702400
2000-09-28,24.59375,24.59375,24.0,24.3203125,17.305744171142578,3623400
2000-09-29,24.625,25.21875,24.34375,24.46875,17.411361694335938,4245600
2000-10-02,24.96875,25.53125,24.03125,25.1875,17.922809600830078,4641400
2000-10-03,25.28125,25.375,24.6875,24.8125,17.655975341796875,3994400
2000-10-04,24.71875,24.71875,23.0,23.1875,16.49966812133789,5443800
2000-10-05,23.5,23.5,22.5625,23.125,16.455184936523438,7580000
2000-10-06,23.25,23.6875,21.84375,21.96875,15.63241958618164,8716200
2000-10-09,22.375,22.96875,22.1875,22.1875,15.788082122802734,5943000
2000-10-10,22.875,23.625,22.75,23.0,16.36623764038086,5055600
2000-10-11,23.59375,23.875,22.65625,23.21875,16.521896362304688,4887200
2000-10-12,23.34375,24.59375,23.34375,23.8125,16.944398880004883,8757400
2000-10-13,23.8125,23.8125,22.34375,22.625,16.099403381347656,6249200
2000-10-16,22.625,22.625,21.375,21.59375,15.36558723449707,5857600
2000-10-17,21.8125,22.625,21.59375,21.6875,15.432297706604004,5814400
2000-10-18,22.21875,22.21875,21.0,21.4375,15.254399299621582,6307600
2000-10-19,21.375,22.0625,21.125,21.40625,15.232165336608887,5610200
2000-10-20,21.40625,22.03125,21.09375,22.03125,15.676894187927246,6053400
2000-10-23,21.5625,21.65625,20.25,20.59375,14.65400505065918,10615200
2000-10-24,20.75,21.34375,20.375,20.8125,14.80966854095459,12504400
2000-10-25,17.125,18.9375,17.09375,18.53125,13.186385154724121,50690400
2000-10-26,18.9375,19.0,18.03125,18.5625,13.208627700805664,17802600
2000-10-27,18.59375,18.71875,18.1875,18.5,13.164148330688477,11231200
2000-10-30,18.5,18.625,18.03125,18.375,13.07519817352295,11873000
2000-10-31,18.46875,18.6875,18.28125,18.53125,13.186385154724121,9691000
2000-11-01,18.75,19.40625,18.75,19.28125,13.720063209533691,11709200
2000-11-02,19.1875,19.21875,18.625,18.84375,13.408745765686035,6540600
2000-11-03,18.875,19.34375,18.625,18.84375,13.408745765686035,6798200
2000-11-06,18.84375,19.3125,18.53125,19.125,13.608882904052734,7139000
2000-11-07,19.53125,19.75,18.78125,19.0,13.519933700561523,7676400
2000-11-08,19.5625,19.5625,19.0,19.25,13.697829246520996,6378400
2000-11-09,19.5,19.5625,18.75,18.96875,13.497703552246094,7536000
2000-11-10,19.125,19.4375,18.5625,18.5625,13.208627700805664,5421600
2000-11-13,18.5625,19.0625,18.3125,18.375,13.07519817352295,8474600
2000-11-14,18.0625,19.0625,18.0625,18.8125,13.386517524719238,6131600
2000-11-15,19.03125,19.53125,19.03125,19.375,13.786782264709473,7074400
2000-11-16,19.25,19.53125,18.96875,19.09375,13.58664321899414,6607000
2000-11-17,19.03125,19.0625,18.53125,18.59375,13.230854988098145,8633600
2000-11-20,18.875,19.03125,18.1875,18.25,12.986250877380371,6762600
2000-11-21,18.3125,18.5625,18.125,18.15625,12.919544219970703,5991800
2000-11-22,18.03125,18.09375,17.78125,17.9375,12.763883590698242,4518200
2000-11-24,18.0625,18.75,18.0,18.5,13.164148330688477,1840200
2000-11-27,18.3125,18.6875,18.09375,18.34375,13.05296516418457,3260200
2000-11-28,18.5,18.6875,17.875,17.90625,12.7852144241333,4922800
2000-11-29,17.90625,17.9375,16.9375,17.375,12.40589427947998,8294400
2000-11-30,17.5,17.65625,16.53125,16.6875,11.915010452270508,8874400
2000-12-01,16.875,17.4375,16.125,16.9375,12.09351634979248,9488200
2000-12-04,17.0,17.34375,16.875,17.09375,12.205078125,7558400
2000-12-05,17.25,17.65625,16.9375,17.34375,12.383577346801758,5573600
2000-12-06,17.46875,17.8125,17.28125,17.375,12.40589427947998,6802200
2000-12-07,17.375,18.125,17.28125,17.9375,12.80751895904541,6315200
2000-12-08,17.875,18.6875,17.65625,18.375,13.119900703430176,4857000
2000-12-11,18.65625,19.21875,18.5625,18.96875,13.54384994506836,5433400
2000-12-12,18.96875,19.21875,18.75,19.03125,13.588468551635742,3461400
2000-12-13,19.03125,19.46875,18.40625,18.8125,13.432286262512207,5656200
2000-12-14,18.6875,19.15625,18.25,18.46875,13.18683910369873,5224200
2000-12-15,18.46875,18.84375,18.375,18.625,13.298404693603516,5681000
2000-12-18,18.84375,19.53125,18.84375,19.375,13.833916664123535,8359200
2000-12-19,19.5,19.6875,19.34375,19.53125,13.94547176361084,8361400
2000-12-20,19.28125,19.46875,18.625,18.875,13.47690486907959,8828800
2000-12-21,18.75,19.0,18.1875,18.5,13.209150314331055,6160400
2000-12-22,18.8125,18.84375,18.0,18.0,12.85214900970459,6005000
2000-12-26,18.5,18.96875,18.25,18.8125,13.432286262512207,7857000
2000-12-27,19.0,19.25,18.25,18.5,13.209150314331055,4703800
2000-12-28,18.625,18.71875,18.28125,18.5625,13.253785133361816,5959000
2000-12-29,18.625,18.65625,18.125,18.125,12.941398620605469,5622400
2001-01-02,18.46875,18.875,18.28125,18.40625,13.142213821411133,4855600
2001-01-03,18.71875,18.71875,18.0,18.15625,12.963715553283691,5978400
2001-01-04,17.9375,18.1875,17.40625,18.09375,12.919078826904297,9108400
2001-01-05,18.1875,18.46875,17.8125,18.03125,12.874460220336914,5969600
2001-01-08,18.4375,18.59375,18.25,18.28125,13.052962303161621,6244000
2001-01-09,19.0,19.28125,18.59375,19.03125,13.588468551635742,7611400
2001-01-10,19.0,19.84375,19.0,19.65625,14.034733772277832,9012200
2001-01-11,19.75,20.125,19.53125,20.0625,14.324787139892578,7804200
2001-01-12,19.71875,20.0625,19.71875,20.03125,14.302478790283203,5547400
2001-01-16,20.0,20.34375,19.59375,20.28125,14.480984687805176,5759000
2001-01-17,19.9375,19.9375,19.3125,19.5,13.923164367675781,6504000
2001-01-18,19.4375,19.65625,18.28125,18.78125,13.409963607788086,6811000
2001-01-19,18.78125,19.46875,18.34375,18.5625,13.253785133361816,6532400
2001-01-22,18.875,19.0625,18.625,18.65625,13.32071590423584,3589400
2001-01-23,19.09375,19.5,18.65625,19.3125,13.789286613464355,4915000
2001-01-24,19.4375,20.0625,19.15625,19.90625,14.213223457336426,6639200
2001-01-25,20.0,20.90625,19.625,20.8125,14.860295295715332,6602000
2001-01-26,20.84375,21.09375,20.03125,20.375,14.547913551330566,5625800
2001-01-29,20.200000762939453,20.299999237060547,19.90999984741211,19.950000762939453,14.244463920593262,2925600
2001-01-30,19.954999923706055,20.344999313354492,19.53499984741211,20.1299991607666,14.372992515563965,3864400
2001-01-31,20.2450008392334,20.75,19.975000381469727,20.594999313354492,14.705002784729004,5271200
2001-02-01,20.200000762939453,20.264999389648438,19.850000381469727,20.100000381469727,14.351564407348633,3668800
2001-02-02,20.024999618530273,20.56999969482422,20.0049991607666,20.05500030517578,14.319428443908691,5423200
2001-02-05,20.350000381469727,20.81999969482422,20.25,20.549999237060547,14.67286491394043,5043000
2001-02-06,20.885000228881836,21.5,20.25,21.325000762939453,15.226221084594727,5786800
2001-02-07,21.0,21.795000076293945,20.71500015258789,21.5,15.351175308227539,7126200
2001-02-08,21.575000762939453,21.719999313354492,20.860000610351562,21.399999618530273,15.279775619506836,6566200
2001-02-09,21.475000381469727,21.799999237060547,21.200000762939453,21.235000610351562,15.161965370178223,3630600
2001-02-12,21.125,21.325000762939453,20.725000381469727,21.325000762939453,15.226221084594727,5976200
2001-02-13,20.899999618530273,21.649999618530273,20.809999465942383,21.625,15.440431594848633,6938000
2001-02-14,21.5,21.875,21.354999542236328,21.56999969482422,15.40116024017334,6659200
2001-02-15,21.299999237060547,21.424999237060547,20.6299991607666,20.764999389648438,14.826383590698242,6354800
2001-02-16,21.524999618530273,21.549999237060547,20.774999618530273,20.950000762939453,14.958475112915039,9356600
2001-02-20,21.0,21.450000762939453,20.735000610351562,20.844999313354492,14.883506774902344,9272600
2001-02-21,20.80500030517578,21.239999771118164,20.684999465942383,20.75,14.815666198730469,4856800
2001-02-22,21.149999618530273,21.299999237060547,19.889999389648438,20.040000915527344,14.308727264404297,5519400
2001-02-23,20.149999618530273,20.399999618530273,19.30500030517578,19.774999618530273,14.11950969696045,3781600
2001-02-26,19.770000457763672,20.75,19.600000381469727,20.3799991607666,14.551485061645508,5282600
2001-02-27,20.700000762939453,20.8700008392334,20.5,20.725000381469727,14.843347549438477,4725400
2001-02-28,20.850000381469727,20.895000457763672,19.600000381469727,19.90999984741211,14.259635925292969,4598000
2001-03-01,19.975000381469727,20.6200008392334,19.90999984741211,20.104999542236328,14.399292945861816,3407800
2001-03-02,20.104999542236328,20.729999542236328,20.040000915527344,20.65999984741211,14.796789169311523,4347600
2001-03-05,20.850000381469727,21.2450008392334,20.375,21.059999465942383,15.08327579498291,3246400
2001-03-06,20.934999465942383,21.469999313354492,20.760000228881836,21.424999237060547,15.344687461853027,4815200
2001-03-07,21.424999237060547,22.475000381469727,21.420000076293945,22.375,16.025074005126953,7932200
2001-03-08,22.375,22.600000381469727,21.90999984741211,22.579999923706055,16.17189598083496,6202000
2001-03-09,22.584999084472656,22.950000762939453,21.969999313354492,22.2549991607666,15.939138412475586,5537800
2001-03-12,22.350000381469727,22.479999542236328,21.46500015258789,21.530000686645508,15.41989517211914,5053000
2001-03-13,21.53499984741211,21.6200008392334,20.40999984741211,20.59000015258789,14.746650695800781,5633800
2001-03-14,20.594999313354492,21.235000610351562,20.184999465942383,20.43000030517578,14.632058143615723,7192400
2001-03-15,20.520000457763672,20.625,19.950000762939453,19.9950008392334,14.320518493652344,6113600
2001-03-16,19.799999237060547,20.325000762939453,19.5,19.549999237060547,14.001801490783691,5755400
2001-03-19,20.0,20.700000762939453,19.850000381469727,20.30500030517578,14.542536735534668,6082000
2001-03-20,20.649999618530273,21.1299991607666,20.350000381469727,20.549999237060547,14.717998504638672,6290400
2001-03-21,20.5,20.579999923706055,19.274999618530273,19.395000457763672,13.890791893005371,6641600
2001-03-22,19.125,19.125,17.950000762939453,18.93000030517578,13.557753562927246,8991800
2001-03-23,19.100000381469727,19.674999237060547,18.530000686645508,19.424999237060547,13.91228199005127,5971800
2001-03-26,19.549999237060547,20.09000015258789,19.0049991607666,19.485000610351562,13.955251693725586,5329400
2001-03-27,19.690000534057617,19.860000610351562,18.75,19.0,13.607890129089355,6184400
2001-03-28,18.725000381469727,18.844999313354492,18.299999237060547,18.395000457763672,13.174579620361328,5715200
2001-03-29,18.15999984741211,18.15999984741211,17.565000534057617,17.565000534057617,12.580134391784668,6060400
2001-03-30,17.975000381469727,18.610000610351562,17.975000381469727,18.375,13.160263061523438,7372600
2001-04-02,18.375,18.375,17.100000381469727,17.100000381469727,12.247099876403809,8014400
2001-04-03,17.049999237060547,17.25,16.100000381469727,16.204999923706055,11.606099128723145,10228000
2001-04-04,16.299999237060547,16.75,16.274999618530273,16.44499969482422,11.777981758117676,9784600
2001-04-05,16.950000762939453,17.25,16.28499984741211,17.125,12.265002250671387,7579600
2001-04-06,17.0,17.424999237060547,16.450000762939453,17.09000015258789,12.239936828613281,6480000
2001-04-09,17.375,17.924999237060547,17.25,17.69499969482422,12.673237800598145,4402200
2001-04-10,17.989999771118164,18.375,17.46500015258789,18.200000762939453,13.034928321838379,6498000
2001-04-11,18.200000762939453,18.3700008392334,17.475000381469727,17.59000015258789,12.598033905029297,5200200
2001-04-12,17.950000762939453,18.19499969482422,17.459999084472656,17.520000457763672,12.5479097366333,5043800
2001-04-16,17.5,18.18000030517578,17.479999542236328,18.149999618530273,12.999114036560059,4471600
2001-04-17,18.149999618530273,18.625,17.75,18.565000534057617,13.296339988708496,5128000
2001-04-18,18.450000762939453,18.735000610351562,17.799999237060547,18.065000534057617,12.938241958618164,7000400
2001-04-19,18.375,18.399999618530273,17.5,17.614999771118164,12.615947723388672,5344800
2001-04-20,18.049999237060547,18.674999237060547,17.75,18.514999389648438,13.260526657104492,7522400
2001-04-23,18.639999389648438,19.100000381469727,18.600000381469727,19.024999618530273,13.625792503356934,4914000
2001-04-24,19.024999618530273,19.415000915527344,18.549999237060547,18.780000686645508,13.450323104858398,4746600
2001-04-25,18.899999618530273,19.424999237060547,18.59000015258789,19.309999465942383,13.829909324645996,3117200
2001-04-26,19.75,21.299999237060547,19.75,21.065000534057617,15.086860656738281,14455200
2001-04-27,21.100000381469727,21.299999237060547,20.8799991607666,21.05500030517578,15.079689025878906,6896000
2001-04-30,21.350000381469727,21.75,21.15999984741211,21.604999542236328,15.47359561920166,5587600
2001-05-01,21.524999618530273,21.674999237060547,20.905000686645508,21.229999542236328,15.205023765563965,4464400
2001-05-02,20.75,20.75,19.950000762939453,20.149999618530273,14.431533813476562,8663800
2001-05-03,20.274999618530273,20.524999618530273,19.90999984741211,20.25,14.503145217895508,6948600
2001-05-04,20.489999771118164,21.395000457763672,20.30500030517578,20.8799991607666,14.95435619354248,6489600
2001-05-07,21.149999618530273,21.329999923706055,20.364999771118164,20.540000915527344,14.71084213256836,3717800
2001-05-08,20.545000076293945,20.709999084472656,20.024999618530273,20.614999771118164,14.764558792114258,4096400
2001-05-09,20.899999618530273,21.264999389648438,20.774999618530273,21.2549991607666,15.222933769226074,6338800
2001-05-10,21.375,21.5,20.96500015258789,21.299999237060547,15.255151748657227,4383200
2001-05-11,21.274999618530273,21.28499984741211,20.600000381469727,20.895000457763672,14.96509838104248,4326200
2001-05-14,21.44499969482422,21.975000381469727,21.209999084472656,21.975000381469727,15.738591194152832,6812000
2001-05-15,22.0,22.700000762939453,22.0,22.674999237060547,16.239940643310547,7662800
2001-05-16,22.25,22.719999313354492,22.0,22.704999923706055,16.261430740356445,8518800
2001-05-17,22.704999923706055,23.725000381469727,22.524999618530273,23.655000686645508,16.941814422607422,8096000
2001-05-18,23.774999618530273,24.079999923706055,23.5,23.905000686645508,17.120880126953125,7561000
2001-05-21,23.975000381469727,24.625,23.825000762939453,24.600000381469727,17.618633270263672,7525000
2001-05-22,24.575000762939453,24.575000762939453,23.799999237060547,23.9950008392334,17.185335159301758,8038000
2001-05-23,23.9950008392334,23.9950008392334,23.225000381469727,23.309999465942383,16.694734573364258,6695400
2001-05-24,23.325000762939453,23.325000762939453,22.780000686645508,23.295000076293945,16.683988571166992,4970400
2001-05-25,23.299999237060547,23.899999618530273,23.299999237060547,23.7549991607666,17.013444900512695,4211000
2001-05-29,24.0,24.100000381469727,23.3799991607666,23.524999618530273,16.848703384399414,4075600
2001-05-30,23.5,23.6200008392334,22.649999618530273,22.985000610351562,16.461965560913086,5739400
2001-05-31,22.899999618530273,23.434999465942383,22.454999923706055,23.3700008392334,16.73770523071289,7320600
2001-06-01,23.3700008392334,23.469999313354492,22.905000686645508,23.059999465942383,16.51567840576172,5591200
2001-06-04,23.399999618530273,23.950000762939453,23.3700008392334,23.7549991607666,17.05968475341797,6071200
2001-06-05,23.549999237060547,23.700000762939453,23.125,23.700000762939453,17.02017593383789,4766000
2001-06-06,23.274999618530273,23.274999618530273,22.334999084472656,22.5,16.158395767211914,6523400
2001-06-07,22.0,22.475000381469727,21.829999923706055,22.209999084472656,15.950133323669434,6997600
2001-06-08,22.424999237060547,22.43000030517578,21.7549991607666,22.399999618530273,16.086591720581055,3005600
2001-06-11,22.524999618530273,22.690000534057617,21.885000228881836,22.03499984741211,15.824464797973633,4663200
2001-06-12,22.149999618530273,22.549999237060547,22.049999237060547,22.385000228881836,16.07581329345703,4127200
2001-06-13,22.625,23.25,22.079999923706055,22.149999618530273,15.907052993774414,7626200
2001-06-14,22.0,22.149999618530273,21.549999237060547,21.635000228881836,15.537200927734375,6606200
2001-06-15,21.325000762939453,21.920000076293945,21.325000762939453,21.559999465942383,15.483339309692383,6772400
2001-06-18,21.450000762939453,21.774999618530273,21.125,21.19499969482422,15.221211433410645,3849600
2001-06-19,21.25,21.424999237060547,21.0049991607666,21.290000915527344,15.28943920135498,3690000
2001-06-20,21.024999618530273,21.700000762939453,20.649999618530273,20.75,14.901627540588379,5477200
2001-06-21,20.825000762939453,20.864999771118164,19.440000534057617,19.6200008392334,14.090131759643555,13509400
2001-06-22,19.625,20.0,19.0,19.6299991607666,14.097307205200195,10206200
2001-06-25,19.850000381469727,20.084999084472656,19.5,19.795000076293945,14.215804100036621,7371000
2001-06-26,19.795000076293945,20.670000076293945,19.795000076293945,20.565000534057617,14.768775939941406,7513000
2001-06-27,20.2549991607666,20.260000228881836,19.270000457763672,19.325000762939453,13.87827205657959,7236600
2001-06-28,19.325000762939453,19.44499969482422,18.25,18.584999084472656,13.346839904785156,9478600
2001-06-29,18.024999618530273,19.149999618530273,17.600000381469727,17.799999237060547,12.783089637756348,15261000
2001-07-02,17.625,18.05500030517578,17.075000762939453,17.075000762939453,12.262434005737305,11783000
2001-07-03,17.299999237060547,17.545000076293945,17.024999618530273,17.024999618530273,12.226519584655762,7950800
2001-07-05,17.024999618530273,17.424999237060547,16.899999618530273,16.969999313354492,12.18702220916748,14694000
2001-07-06,17.125,17.149999618530273,16.350000381469727,16.584999084472656,11.91053295135498,11702800
2001-07-09,16.75,16.75,15.994999885559082,16.399999618530273,11.777676582336426,8232400
2001-07-10,16.200000762939453,17.149999618530273,16.200000762939453,16.645000457763672,11.953620910644531,10378400
2001-07-11,16.520000457763672,16.649999618530273,15.600000381469727,16.610000610351562,11.928489685058594,12086200
2001-07-12,16.575000762939453,16.875,15.75,15.885000228881836,11.407833099365234,11593800
2001-07-13,15.890000343322754,16.55500030517578,15.399999618530273,16.075000762939453,11.544280052185059,9926000
2001-07-16,16.075000762939453,16.399999618530273,15.005000114440918,15.199999809265137,10.915892601013184,9211600
2001-07-17,15.550000190734863,15.875,14.9350004196167,15.329999923706055,11.009254455566406,10119200
2001-07-18,15.010000228881836,15.75,14.619999885559082,15.505000114440918,11.134929656982422,13338800
2001-07-19,15.699999809265137,15.984999656677246,15.404999732971191,15.774999618530273,11.328839302062988,8520000
2001-07-20,16.100000381469727,16.875,16.0,16.8700008392334,12.115209579467773,9883800
2001-07-23,16.950000762939453,17.110000610351562,16.420000076293945,16.81999969482422,12.079299926757812,6472600
2001-07-24,16.950000762939453,16.950000762939453,15.96500015258789,16.219999313354492,11.64841365814209,5255000
2001-07-25,16.5,17.125,16.079999923706055,17.125,12.298336029052734,9073400
2001-07-26,17.5,17.899999618530273,17.100000381469727,17.75,12.74718189239502,13316800
2001-07-27,17.7549991607666,18.174999237060547,17.260000228881836,18.049999237060547,12.962629318237305,7064000
2001-07-30,18.049999237060547,18.295000076293945,17.825000762939453,18.225000381469727,13.088297843933105,7339200
2001-07-31,18.350000381469727,18.395000457763672,17.440000534057617,17.5049991607666,12.571234703063965,5802400
2001-08-01,17.920000076293945,18.2450008392334,17.174999237060547,17.225000381469727,12.370157241821289,9389000
2001-08-02,17.549999237060547,17.850000381469727,17.155000686645508,17.7450008392334,12.743589401245117,6099400
2001-08-03,17.7450008392334,17.8700008392334,17.5,17.579999923706055,12.625100135803223,4745400
2001-08-06,17.584999084472656,17.920000076293945,17.399999618530273,17.649999618530273,12.675369262695312,3458400
2001-08-07,17.725000381469727,18.125,17.600000381469727,17.68000030517578,12.696910858154297,5003000
2001-08-08,17.68000030517578,17.81999969482422,16.59000015258789,16.75,12.029029846191406,5906400
2001-08-09,16.75,16.844999313354492,15.949999809265137,16.0,11.490418434143066,11512800
2001-08-10,16.299999237060547,16.415000915527344,15.75,15.75,11.310883522033691,10808400
2001-08-13,15.875,15.979999542236328,15.350000381469727,15.399999618530273,11.059528350830078,11173600
2001-08-14,15.399999618530273,15.5,15.050000190734863,15.270000457763672,10.966170310974121,15703600
2001-08-15,15.270000457763672,16.56999969482422,15.270000457763672,16.420000076293945,11.79203987121582,10033800
2001-08-16,16.5,16.549999237060547,15.805000305175781,16.149999618530273,11.598139762878418,9947000
2001-08-17,16.149999618530273,16.200000762939453,15.805000305175781,15.960000038146973,11.461692810058594,3782400
2001-08-20,15.899999618530273,16.100000381469727,15.649999618530273,15.739999771118164,11.303699493408203,3527600
2001-08-21,16.024999618530273,16.200000762939453,15.725000381469727,16.024999618530273,11.508366584777832,5751200
2001-08-22,16.25,16.4950008392334,15.375,15.720000267028809,11.289338111877441,9217800
2001-08-23,15.845000267028809,15.845000267028809,15.324999809265137,15.420000076293945,11.073888778686523,5663600
2001-08-24,15.484999656677246,15.645000457763672,15.3149995803833,15.539999961853027,11.160069465637207,5222800
2001-08-27,15.664999961853027,15.920000076293945,15.539999961853027,15.649999618530273,11.239067077636719,4062400
2001-08-28,15.850000381469727,15.850000381469727,15.125,15.225000381469727,10.933850288391113,6499200
2001-08-29,15.324999809265137,15.550000190734863,15.0,15.074999809265137,10.826126098632812,5299400
2001-08-30,14.975000381469727,15.164999961853027,13.944999694824219,14.0,10.054119110107422,13136200
2001-08-31,13.989999771118164,14.199999809265137,13.880000114440918,13.930000305175781,10.003847122192383,8665000
2001-09-04,14.0,14.675000190734863,13.970000267028809,14.430000305175781,10.409627914428711,8699800
2001-09-05,14.430000305175781,14.645000457763672,14.109999656677246,14.505000114440918,10.463729858398438,6966800
2001-09-06,14.350000381469727,14.729999542236328,14.335000038146973,14.604999542236328,10.535869598388672,6204000
2001-09-07,14.5,14.574999809265137,14.104999542236328,14.140000343322754,10.20042610168457,5234000
2001-09-10,14.140000343322754,14.579999923706055,14.079999923706055,14.364999771118164,10.362741470336914,4751400
2001-09-17,14.699999809265137,14.850000381469727,13.260000228881836,13.324999809265137,9.612491607666016,9754800
2001-09-18,13.324999809265137,13.4399995803833,12.21500015258789,12.25,8.837006568908691,8722800
2001-09-19,12.350000381469727,12.375,10.699999809265137,11.324999809265137,8.169713020324707,16987600
2001-09-20,10.850000381469727,11.359999656677246,10.744999885559082,10.779999732971191,7.776558876037598,11824800
2001-09-21,10.78499984741211,11.649999618530273,10.104999542236328,11.289999961853027,8.144463539123535,12272400
2001-09-24,11.399999618530273,11.475000381469727,10.375,10.505000114440918,7.578178405761719,10482800
2001-09-25,10.649999618530273,10.675000190734863,9.979999542236328,10.029999732971191,7.235518932342529,11797800
2001-09-26,10.25,10.255000114440918,9.675000190734863,9.850000381469727,7.1056694984436035,18639000
2001-09-27,9.875,10.46500015258789,9.779999732971191,10.449999809265137,7.538503646850586,12675400
2001-09-28,10.550000190734863,11.324999809265137,10.550000190734863,11.274999618530273,8.133647918701172,14654200
2001-10-01,11.125,11.125,10.604999542236328,10.949999809265137,7.899195194244385,12487000
2001-10-02,10.800000190734863,11.039999961853027,10.600000381469727,10.710000038146973,7.726064682006836,7604600
2001-10-03,10.649999618530273,11.270000457763672,10.270000457763672,11.164999961853027,8.054296493530273,9241600
2001-10-04,11.225000381469727,12.119999885559082,11.225000381469727,11.875,8.566485404968262,13555800
2001-10-05,12.055000305175781,12.074999809265137,11.5,11.6899995803833,8.433019638061523,8816600
2001-10-08,11.6899995803833,12.369999885559082,11.505000114440918,12.024999618530273,8.67468547821045,9296800
2001-10-09,12.100000381469727,12.335000038146973,11.800000190734863,12.140000343322754,8.757650375366211,6316800
2001-10-10,12.274999618530273,13.024999618530273,12.149999618530273,12.975000381469727,9.36000919342041,8082000
2001-10-11,12.979999542236328,13.345000267028809,12.529999732971191,12.869999885559082,9.284261703491211,8658800
2001-10-12,12.75,13.100000381469727,12.454999923706055,12.670000076293945,9.139984130859375,7960800
2001-10-15,12.670000076293945,12.824999809265137,12.104999542236328,12.28499984741211,8.8622465133667,5907400
2001-10-16,12.25,12.550000190734863,12.149999618530273,12.4350004196167,8.970458984375,12203200
2001-10-17,12.625,12.779999732971191,12.100000381469727,12.180000305175781,8.786506652832031,9068000
2001-10-18,12.25,12.25,11.5,11.524999618530273,8.313995361328125,11480400
2001-10-19,11.524999618530273,12.0600004196167,11.329999923706055,12.0,8.656655311584473,8895600
2001-10-22,12.399999618530273,12.489999771118164,12.074999809265137,12.274999618530273,8.855036735534668,7201800
2001-10-23,12.475000381469727,12.930000305175781,12.180000305175781,12.430000305175781,8.966850280761719,9044000
2001-10-24,12.024999618530273,12.625,11.899999618530273,12.475000381469727,8.999314308166504,12459600
2001-10-25,12.425000190734863,13.699999809265137,12.395000457763672,13.675000190734863,9.864975929260254,10096600
2001-10-26,14.0,14.449999809265137,13.755000114440918,13.960000038146973,10.070575714111328,15553200
2001-10-29,14.100000381469727,14.289999961853027,13.795000076293945,13.899999618530273,10.027289390563965,8481600
2001-10-30,13.625,13.625,13.03499984741211,13.175000190734863,9.504281997680664,9596400
2001-10-31,13.149999618530273,13.154999732971191,12.255000114440918,12.345000267028809,8.905533790588379,14892000
2001-11-01,12.425000190734863,12.449999809265137,11.800000190734863,11.989999771118164,8.649442672729492,13319600
2001-11-02,12.175000190734863,12.1899995803833,11.5,11.680000305175781,8.425809860229492,7218800
2001-11-05,11.850000381469727,11.9350004196167,11.25,11.295000076293945,8.148077011108398,10387000
2001-11-06,11.175000190734863,11.180000305175781,10.470000267028809,10.859999656677246,7.8342695236206055,14368400
2001-11-07,11.024999618530273,11.244999885559082,10.654999732971191,11.074999809265137,7.989369869232178,12862600
2001-11-08,11.350000381469727,11.800000190734863,11.130000114440918,11.359999656677246,8.194967269897461,10685400
2001-11-09,11.75,11.850000381469727,11.300000190734863,11.380000114440918,8.209393501281738,9558200
2001-11-12,11.225000381469727,11.4350004196167,10.824999809265137,11.395000457763672,8.22021484375,7037400
2001-11-13,11.625,11.845000267028809,11.1850004196167,11.5,8.2959623336792,7879200
2001-11-14,11.225000381469727,11.229999542236328,10.75,10.800000190734863,7.790988445281982,10721400
2001-11-15,10.625,10.649999618530273,9.9399995803833,10.024999618530273,7.231912612915039,21546000
2001-11-16,10.055000305175781,10.25,9.994999885559082,10.130000114440918,7.3076558113098145,15336600
2001-11-19,10.154999732971191,10.494999885559082,9.925000190734863,10.175000190734863,7.340117931365967,14378000
2001-11-20,10.5,10.925000190734863,10.5,10.649999618530273,7.6827802658081055,11571200
2001-11-21,10.875,10.895000457763672,10.425000190734863,10.449999809265137,7.538503646850586,7760000
2001-11-23,10.5,10.850000381469727,10.274999618530273,10.739999771118164,7.74770450592041,4516000
2001-11-26,10.725000381469727,10.770000457763672,10.510000228881836,10.545000076293945,7.6070332527160645,10896000
2001-11-27,10.550000190734863,11.055000305175781,10.479999542236328,10.930000305175781,7.931778430938721,15307200
2001-11-28,10.670000076293945,10.899999618530273,10.25,10.654999732971191,7.732217311859131,9644600
2001-11-29,10.845000267028809,10.895000457763672,10.529999732971191,10.850000381469727,7.8737263679504395,7440000
2001-11-30,10.975000381469727,10.984999656677246,10.664999961853027,10.71500015258789,7.775753974914551,6859400
2001-12-03,10.59000015258789,11.194999694824219,10.529999732971191,11.029999732971191,8.004344940185547,10367400
2001-12-04,10.859999656677246,10.954999923706055,10.449999809265137,10.949999809265137,7.94629430770874,15411800
2001-12-05,11.199999809265137,11.390000343322754,10.885000228881836,11.0,7.9825758934021,18855800
2001-12-06,11.0,11.020000457763672,10.404999732971191,10.425000190734863,7.565305709838867,15025400
2001-12-07,10.420000076293945,10.420000076293945,5.46999979019165,6.0,4.354134559631348,153932600
2001-12-10,6.875,7.360000133514404,6.599999904632568,7.0,5.079822540283203,124230400
2001-12-11,7.050000190734863,7.275000095367432,6.775000095367432,7.0,5.079822540283203,49823400
2001-12-12,6.849999904632568,6.909999847412109,6.480000019073486,6.635000228881836,4.814947128295898,36311200
2001-12-13,6.625,6.875,6.445000171661377,6.679999828338623,4.847601890563965,20942400
2001-12-14,6.630000114440918,6.675000190734863,6.409999847412109,6.494999885559082,4.713348388671875,17152200
2001-12-17,6.494999885559082,6.494999885559082,6.099999904632568,6.414999961853027,4.655296802520752,18427400
2001-12-18,6.440000057220459,6.545000076293945,6.255000114440918,6.414999961853027,4.655296802520752,14655200
2001-12-19,6.315000057220459,6.639999866485596,6.304999828338623,6.465000152587891,4.691582202911377,16908200
2001-12-20,6.409999847412109,6.554999828338623,6.400000095367432,6.409999847412109,4.651663780212402,12765000
2001-12-21,6.534999847412109,6.599999904632568,6.465000152587891,6.5,4.716979026794434,12573200
2001-12-24,6.614999771118164,6.835000038146973,6.539999961853027,6.670000076293945,4.840345859527588,8138200
2001-12-26,6.699999809265137,6.699999809265137,6.449999809265137,6.474999904632568,4.698835372924805,16746400
2001-12-27,6.5,6.565000057220459,6.400000095367432,6.489999771118164,4.709719657897949,15625800
2001-12-28,6.539999961853027,6.679999828338623,6.53000020980835,6.59499979019165,4.785919666290283,17539600
2001-12-31,6.585000038146973,6.585000038146973,6.510000228881836,6.550000190734863,4.753261566162109,20425800
2002-01-02,6.525000095367432,6.534999847412109,6.014999866485596,6.135000228881836,4.452101707458496,21234400
2002-01-03,6.099999904632568,6.125,5.429999828338623,5.454999923706055,3.9586329460144043,54276600
2002-01-04,5.425000190734863,5.449999809265137,4.300000190734863,5.110000133514404,3.7082691192626953,104944600
2002-01-07,5.150000095367432,5.75,5.150000095367432,5.514999866485596,4.002172470092773,35116400
2002-01-08,5.744999885559082,5.744999885559082,5.400000095367432,5.494999885559082,3.987661600112915,21900200
2002-01-09,5.525000095367432,6.190000057220459,5.5,6.065000057220459,4.401302337646484,60973400
2002-01-10,6.139999866485596,6.199999809265137,5.760000228881836,5.775000095367432,4.190855026245117,25938400
2002-01-11,5.75,5.75,5.474999904632568,5.474999904632568,3.97314715385437,15324000
2002-01-14,5.480000019073486,5.699999809265137,5.380000114440918,5.385000228881836,3.9078330993652344,14062200
2002-01-15,5.5,5.570000171661377,5.15500020980835,5.335000038146973,3.8715527057647705,20121800
2002-01-16,5.150000095367432,5.34499979019165,5.050000190734863,5.125,3.7191548347473145,23312600
2002-01-17,5.175000190734863,5.275000095367432,5.039999961853027,5.110000133514404,3.7082691192626953,13309600
2002-01-18,5.099999904632568,5.105000019073486,4.974999904632568,5.03000020980835,3.6502163410186768,14406000
2002-01-22,5.159999847412109,5.235000133514404,5.059999942779541,5.125,3.7191548347473145,9731000
2002-01-23,5.199999809265137,5.5,5.179999828338623,5.400000095367432,3.9187207221984863,17498000
2002-01-24,5.670000076293945,6.760000228881836,5.630000114440918,6.715000152587891,4.873002052307129,66363000
2002-01-25,6.635000228881836,7.349999904632568,6.599999904632568,7.170000076293945,5.203188896179199,51041000
2002-01-28,7.239999771118164,7.389999866485596,6.614999771118164,6.744999885559082,4.894773006439209,25914000
2002-01-29,6.864999771118164,7.045000076293945,6.599999904632568,7.019999980926514,5.094336032867432,20899000
2002-01-30,6.625,7.0,6.130000114440918,6.695000171661377,4.858488082885742,24927000
2002-01-31,6.800000190734863,7.090000152587891,6.789999961853027,6.875,4.989110946655273,14527600
2002-02-01,7.025000095367432,7.070000171661377,6.775000095367432,6.949999809265137,5.043537616729736,11822800
2002-02-04,7.0,7.150000095367432,6.764999866485596,6.78000020980835,4.920172691345215,11824600
2002-02-05,6.760000228881836,6.875,6.5,6.71999979019165,4.8766303062438965,11627000
2002-02-06,6.735000133514404,6.864999771118164,6.460000038146973,6.505000114440918,4.720606803894043,12991600
2002-02-07,6.505000114440918,6.75,6.425000190734863,6.545000076293945,4.749634742736816,10253200
2002-02-08,6.59499979019165,7.244999885559082,6.550000190734863,6.974999904632568,5.061677932739258,18151000
2002-02-11,7.25,7.775000095367432,7.15500020980835,7.514999866485596,5.453554153442383,28656200
2002-02-12,7.489999771118164,7.550000190734863,7.255000114440918,7.28000020980835,5.283015251159668,14333600
2002-02-13,7.340000152587891,7.519999980926514,7.224999904632568,7.480000019073486,5.428150177001953,13015800
2002-02-14,7.53000020980835,7.625,7.300000190734863,7.329999923706055,5.319299221038818,8858000
2002-02-15,8.734999656677246,9.0,8.125,8.135000228881836,5.903480052947998,52950400
2002-02-19,8.0,8.0600004196167,7.675000190734863,7.949999809265137,5.769227504730225,14574600
2002-02-20,7.949999809265137,7.96999979019165,7.699999809265137,7.849999904632568,5.696657657623291,7431600
2002-02-21,7.875,8.074999809265137,7.869999885559082,7.894999980926514,5.729314804077148,11172400
2002-02-22,7.954999923706055,8.345000267028809,7.934999942779541,8.244999885559082,5.983304977416992,13177400
2002-02-25,8.255000114440918,8.5,8.15999984741211,8.239999771118164,5.979678153991699,11063800
2002-02-26,8.274999618530273,8.345000267028809,7.739999771118164,8.210000038146973,6.003439426422119,8019400
2002-02-27,8.210000038146973,8.34000015258789,8.074999809265137,8.244999885559082,6.029035568237305,7780200
2002-02-28,8.239999771118164,8.4399995803833,8.175000190734863,8.25,6.03269100189209,6664400
2002-03-01,8.329999923706055,8.545000076293945,8.050000190734863,8.449999809265137,6.178941249847412,10322800
2002-03-04,8.479999542236328,8.744999885559082,8.425000190734863,8.640000343322754,6.317873001098633,11862200
2002-03-05,8.414999961853027,8.600000381469727,8.404999732971191,8.555000305175781,6.255717754364014,7044000
2002-03-06,8.5,8.539999961853027,8.199999809265137,8.539999961853027,6.244750499725342,9615400
2002-03-07,8.744999885559082,8.774999618530273,8.604999542236328,8.6899995803833,6.354434013366699,11598200
2002-03-08,8.6899995803833,8.744999885559082,8.5600004196167,8.625,6.306905269622803,9111200
2002-03-11,8.604999542236328,8.84000015258789,8.3100004196167,8.515000343322754,6.226468563079834,8815600
2002-03-12,8.274999618530273,8.649999618530273,8.270000457763672,8.550000190734863,6.25206184387207,14504600
2002-03-13,8.550000190734863,8.774999618530273,8.375,8.375,6.124094009399414,16685200
2002-03-14,8.364999771118164,8.369999885559082,7.75,8.03499984741211,5.8754754066467285,27275400
2002-03-15,8.03499984741211,8.420000076293945,7.949999809265137,8.335000038146973,6.094845294952393,9337600
2002-03-18,8.484999656677246,8.600000381469727,8.055000305175781,8.300000190734863,6.069253444671631,14533600
2002-03-19,8.430000305175781,8.600000381469727,8.375,8.460000038146973,6.186250686645508,8274600
2002-03-20,8.484999656677246,8.524999618530273,8.28499984741211,8.335000038146973,6.094845294952393,7287000
2002-03-21,8.28499984741211,8.324999809265137,8.029999732971191,8.154999732971191,5.963222503662109,6033400
2002-03-22,8.045000076293945,8.050000190734863,7.84499979019165,7.849999904632568,5.740194797515869,7502600
2002-03-25,7.849999904632568,8.095000267028809,7.78000020980835,8.0,5.849883079528809,5102200
2002-03-26,8.0,8.229999542236328,7.980000019073486,8.175000190734863,5.977849006652832,10125600
2002-03-27,8.274999618530273,8.579999923706055,8.274999618530273,8.5649995803833,6.263026237487793,10739000
2002-03-28,8.5,8.625,8.454999923706055,8.53499984741211,6.24109411239624,6824800
2002-04-01,8.585000038146973,8.600000381469727,8.335000038146973,8.380000114440918,6.127751350402832,7080400
2002-04-02,8.3100004196167,8.510000228881836,8.194999694824219,8.510000228881836,6.222815036773682,7821800
2002-04-03,8.444999694824219,8.479999542236328,8.234999656677246,8.319999694824219,6.083876132965088,5373000
2002-04-04,8.319999694824219,8.550000190734863,8.234999656677246,8.354999542236328,6.109471321105957,6847600
2002-04-05,8.28499984741211,8.359999656677246,8.194999694824219,8.329999923706055,6.091190338134766,4243000
2002-04-08,8.430000305175781,8.670000076293945,8.350000381469727,8.670000076293945,6.339810848236084,9106400
2002-04-09,8.619999885559082,8.850000381469727,8.414999961853027,8.805000305175781,6.4385271072387695,11988400
2002-04-10,8.75,8.90999984741211,8.600000381469727,8.800000190734863,6.434871673583984,8264600
2002-04-11,8.75,8.84000015258789,8.600000381469727,8.635000228881836,6.314218044281006,9696800
2002-04-12,8.460000038146973,8.545000076293945,8.130000114440918,8.1899995803833,5.988816738128662,8532000
2002-04-15,8.239999771118164,8.59000015258789,8.229999542236328,8.550000190734863,6.25206184387207,6408000
2002-04-16,8.574999809265137,8.925000190734863,8.475000381469727,8.734999656677246,6.387341022491455,7410200
2002-04-17,8.835000038146973,9.104999542236328,8.824999809265137,9.0,6.581117153167725,12411600
2002-04-18,8.885000228881836,9.0,8.625,8.8100004196167,6.442182540893555,7312800
2002-04-19,8.8100004196167,8.949999809265137,8.664999961853027,8.869999885559082,6.486054420471191,5110400
2002-04-22,8.895000457763672,9.0,8.75,8.800000190734863,6.434871673583984,4457200
2002-04-23,8.760000228881836,8.9399995803833,8.755000114440918,8.78499984741211,6.423900604248047,3888800
2002-04-24,8.6850004196167,8.864999771118164,8.555000305175781,8.845000267028809,6.467776298522949,4995200
2002-04-25,8.744999885559082,8.970000267028809,8.645000457763672,8.864999771118164,6.482401371002197,6562600
2002-04-26,8.864999771118164,9.109999656677246,8.614999771118164,8.739999771118164,6.390995979309082,4341400
2002-04-29,8.739999771118164,8.760000228881836,8.555000305175781,8.59000015258789,6.281311511993408,4803600
2002-04-30,8.574999809265137,8.645000457763672,8.300000190734863,8.494999885559082,6.211843967437744,6507000
2002-05-01,8.449999809265137,8.725000381469727,8.324999809265137,8.704999923706055,6.365400314331055,4113800
2002-05-02,8.630000114440918,8.704999923706055,8.484999656677246,8.694999694824219,6.358094215393066,4315000
2002-05-03,8.475000381469727,8.635000228881836,8.255000114440918,8.390000343322754,6.135063648223877,8385600
2002-05-06,8.324999809265137,8.324999809265137,7.744999885559082,7.760000228881836,5.674386024475098,8780800
2002-05-07,7.824999809265137,8.095000267028809,7.764999866485596,7.889999866485596,5.76944637298584,7103800
2002-05-08,8.21500015258789,8.274999618530273,8.039999961853027,8.1899995803833,5.988816738128662,8636800
2002-05-09,8.199999809265137,8.319999694824219,8.100000381469727,8.180000305175781,5.981505393981934,5998000
2002-05-10,8.25,8.369999885559082,8.204999923706055,8.300000190734863,6.069253444671631,6542800
2002-05-13,8.3149995803833,8.550000190734863,8.1899995803833,8.489999771118164,6.208187580108643,4644600
2002-05-14,8.425000190734863,8.489999771118164,8.1850004196167,8.40999984741211,6.149686813354492,7490800
2002-05-15,8.6899995803833,8.795000076293945,8.34000015258789,8.375,6.124094009399414,9545600
2002-05-16,8.399999618530273,8.529999732971191,8.375,8.380000114440918,6.127751350402832,3815200
2002-05-17,8.350000381469727,8.550000190734863,8.324999809265137,8.515000343322754,6.226468563079834,8887800
2002-05-20,8.515000343322754,8.734999656677246,8.425000190734863,8.619999885559082,6.303247928619385,4481800
2002-05-21,8.774999618530273,8.845000267028809,8.670000076293945,8.71500015258789,6.372715950012207,10645800
2002-05-22,8.59000015258789,9.0,8.479999542236328,9.0,6.581117153167725,11119200
2002-05-23,9.300000190734863,9.720000267028809,9.28499984741211,9.699999809265137,7.092982769012451,28459800
2002-05-24,9.604999542236328,9.625,9.475000381469727,9.550000190734863,6.983297348022461,8375000
2002-05-28,9.75,9.8149995803833,9.574999809265137,9.675000190734863,7.074703693389893,9309800
2002-05-29,9.024999618530273,9.524999618530273,8.949999809265137,9.359999656677246,6.844363212585449,26839200
2002-05-30,9.0,9.34000015258789,9.0,9.244999885559082,6.760269641876221,9331200
2002-05-31,9.125,9.350000381469727,9.050000190734863,9.274999618530273,6.78220796585083,6323800
2002-06-03,9.25,9.324999809265137,9.125,9.164999961853027,6.701775550842285,5275800
2002-06-04,9.100000381469727,9.350000381469727,8.8100004196167,8.960000038146973,6.596853733062744,7812600
2002-06-05,8.90999984741211,9.0,8.529999732971191,8.890000343322754,6.545319080352783,5945400
2002-06-06,8.925000190734863,9.09000015258789,8.675000190734863,8.8100004196167,6.486415863037109,4231200
2002-06-07,8.699999809265137,8.850000381469727,8.619999885559082,8.84000015258789,6.508505821228027,6268800
2002-06-10,8.800000190734863,8.930000305175781,8.539999961853027,8.539999961853027,6.287625789642334,4038400
2002-06-11,8.694999694824219,8.694999694824219,8.225000381469727,8.244999885559082,6.070433139801025,6117000
2002-06-12,8.25,8.694999694824219,8.25,8.5,6.2581787109375,7474000
2002-06-13,8.505000114440918,8.649999618530273,8.385000228881836,8.550000190734863,6.294987201690674,5472400
2002-06-14,8.350000381469727,8.510000228881836,8.265000343322754,8.399999618530273,6.184550762176514,5140000
2002-06-17,8.460000038146973,8.645000457763672,8.449999809265137,8.539999961853027,6.287625789642334,6645800
2002-06-18,8.600000381469727,8.600000381469727,8.4350004196167,8.475000381469727,6.239772796630859,5700200
2002-06-19,8.425000190734863,8.539999961853027,8.335000038146973,8.385000228881836,6.17350959777832,3653200
2002-06-20,8.395000457763672,8.5,8.074999809265137,8.274999618530273,6.092520713806152,6414800
2002-06-21,8.274999618530273,8.375,7.949999809265137,8.125,5.982081413269043,7850600
2002-06-24,8.125,8.194999694824219,8.029999732971191,8.119999885559082,5.978400707244873,4950800
2002-06-25,8.300000190734863,8.3100004196167,8.039999961853027,8.039999961853027,5.919497966766357,4248200
2002-06-26,7.625,7.889999866485596,7.300000190734863,7.760000228881836,5.713346004486084,9198000
2002-06-27,7.760000228881836,7.875,7.53000020980835,7.875,5.7980170249938965,7363800
2002-06-28,7.864999771118164,8.029999732971191,7.809999942779541,7.96999979019165,5.8679609298706055,7448800
2002-07-01,7.900000095367432,7.920000076293945,7.525000095367432,7.579999923706055,5.580820560455322,5070800
2002-07-02,7.5,7.610000133514404,7.130000114440918,7.25,5.337858200073242,12043600
2002-07-03,7.099999904632568,7.300000190734863,6.875,7.199999809265137,5.30104398727417,7654000
2002-07-05,7.235000133514404,7.489999771118164,7.230000019073486,7.489999771118164,5.514561176300049,2928800
2002-07-08,7.414999961853027,7.480000019073486,7.074999809265137,7.164999961853027,5.275275707244873,7848400
2002-07-09,7.125,7.175000190734863,7.059999942779541,7.059999942779541,5.197967052459717,5812400
2002-07-10,7.110000133514404,7.170000076293945,6.625,6.775000095367432,4.988137722015381,12068800
2002-07-11,6.449999809265137,6.75,6.349999904632568,6.635000228881836,4.885059833526611,10892600
2002-07-12,6.675000190734863,6.795000076293945,6.599999904632568,6.760000228881836,4.977092266082764,11489200
2002-07-15,6.710000038146973,6.784999847412109,6.135000228881836,6.550000190734863,4.822478294372559,8657200
2002-07-16,6.349999904632568,6.75,6.320000171661377,6.525000095367432,4.804074287414551,7104800
2002-07-17,6.599999904632568,6.755000114440918,6.324999809265137,6.425000190734863,4.730445861816406,5802200
2002-07-18,6.425000190734863,6.675000190734863,6.25,6.355000019073486,4.678908348083496,6333200
2002-07-19,6.130000114440918,6.309999942779541,5.554999828338623,5.775000095367432,4.251878261566162,8268800
2002-07-22,5.550000190734863,5.795000076293945,4.925000190734863,4.985000133514404,3.670236349105835,17280600
2002-07-23,4.985000133514404,5.099999904632568,4.485000133514404,4.550000190734863,3.349963903427124,14415600
2002-07-24,4.550000190734863,5.974999904632568,4.525000095367432,5.599999904632568,4.123034954071045,20362400
2002-07-25,6.125,6.650000095367432,5.900000095367432,6.269999980926514,4.616326808929443,18469400
2002-07-26,6.275000095367432,6.494999885559082,6.15500020980835,6.489999771118164,4.778301239013672,10041800
2002-07-29,6.574999809265137,6.934999942779541,6.550000190734863,6.934999942779541,5.1059370040893555,6146600
2002-07-30,6.885000228881836,7.070000171661377,6.730000019073486,6.800000190734863,5.006540298461914,8051800
2002-07-31,6.849999904632568,6.855000019073486,6.505000114440918,6.599999904632568,4.859292030334473,6439200
2002-08-01,6.599999904632568,6.625,6.260000228881836,6.28000020980835,4.6236891746521,6457400
2002-08-02,6.28000020980835,6.340000152587891,5.900000095367432,5.980000019073486,4.4028120040893555,5738400
2002-08-05,5.929999828338623,6.025000095367432,5.650000095367432,5.75,4.2334723472595215,4395000
2002-08-06,5.945000171661377,6.239999771118164,5.900000095367432,6.079999923706055,4.476435661315918,4254400
2002-08-07,6.15500020980835,6.235000133514404,5.690000057220459,6.090000152587891,4.483800411224365,5406800
2002-08-08,6.090000152587891,6.635000228881836,6.050000190734863,6.605000019073486,4.862971782684326,7316800
2002-08-09,6.625,6.900000095367432,6.329999923706055,6.889999866485596,5.072806358337402,4936000
2002-08-12,6.764999866485596,7.0,6.400000095367432,6.824999809265137,5.0249481201171875,4345800
2002-08-13,6.775000095367432,6.965000152587891,6.659999847412109,6.684999942779541,4.921871662139893,4352600
2002-08-14,6.735000133514404,7.125,6.525000095367432,7.090000152587891,5.220056056976318,5535400
2002-08-15,7.019999980926514,7.610000133514404,7.005000114440918,7.559999942779541,5.56609582901001,7931800
2002-08-16,7.5,7.550000190734863,7.244999885559082,7.425000190734863,5.466702938079834,5563800
2002-08-19,7.375,7.485000133514404,7.099999904632568,7.434999942779541,5.474063873291016,4275200
2002-08-20,7.335000038146973,7.335000038146973,6.90500020980835,7.045000076293945,5.186924934387207,5783200
2002-08-21,7.025000095367432,7.114999771118164,6.760000228881836,7.114999771118164,5.238461494445801,5581400
2002-08-22,7.09499979019165,7.534999847412109,7.050000190734863,7.5,5.521921157836914,4952000
2002-08-23,7.400000095367432,7.545000076293945,7.295000076293945,7.340000152587891,5.404120922088623,3830000
2002-08-26,7.349999904632568,7.519999980926514,7.21999979019165,7.494999885559082,5.518239498138428,4857400
2002-08-27,7.625,7.699999809265137,7.46999979019165,7.650000095367432,5.632360458374023,5125000
2002-08-28,7.574999809265137,7.599999904632568,7.420000076293945,7.474999904632568,5.503515720367432,4367200
2002-08-29,7.389999866485596,7.510000228881836,7.224999904632568,7.375,5.42988920211792,4057200
2002-08-30,7.425000190734863,7.724999904632568,7.375,7.599999904632568,5.595546722412109,4506600
2002-09-03,7.409999847412109,7.409999847412109,6.820000171661377,6.900000095367432,5.1222920417785645,6743800
2002-09-04,6.900000095367432,7.050000190734863,6.650000095367432,6.90500020980835,5.126004219055176,5355400
2002-09-05,6.875,6.96999979019165,6.644999980926514,6.840000152587891,5.0777506828308105,5772400
2002-09-06,6.965000152587891,7.010000228881836,6.84499979019165,6.920000076293945,5.137141227722168,4373800
2002-09-09,6.875,6.974999904632568,6.704999923706055,6.914999961853027,5.133427619934082,4306000
2002-09-10,6.900000095367432,7.199999809265137,6.869999885559082,7.15500020980835,5.311594009399414,3868400
2002-09-11,8.0,8.0,7.15500020980835,7.175000190734863,5.326441764831543,2593800
2002-09-12,7.135000228881836,7.239999771118164,6.954999923706055,7.0,5.196527481079102,3584200
2002-09-13,6.925000190734863,7.144999980926514,6.90500020980835,7.065000057220459,5.244781970977783,2753000
2002-09-16,7.050000190734863,7.355000019073486,6.974999904632568,7.300000190734863,5.419236183166504,3681400
2002-09-17,7.239999771118164,7.275000095367432,7.010000228881836,7.074999809265137,5.252202987670898,5608800
2002-09-18,6.974999904632568,7.175000190734863,6.849999904632568,6.989999771118164,5.189103126525879,4499000
2002-09-19,6.815000057220459,7.045000076293945,6.449999809265137,6.599999904632568,4.899584770202637,4332800
2002-09-20,6.630000114440918,6.744999885559082,6.349999904632568,6.489999771118164,4.817922115325928,5888000
2002-09-23,6.505000114440918,6.619999885559082,6.300000190734863,6.599999904632568,4.899584770202637,5008000
2002-09-24,6.425000190734863,6.590000152587891,6.179999828338623,6.190000057220459,4.595215797424316,5716600
2002-09-25,6.215000152587891,6.525000095367432,6.025000095367432,6.5,4.825348377227783,4610600
2002-09-26,6.474999904632568,6.795000076293945,6.315000057220459,6.75,5.0109381675720215,3889400
2002-09-27,6.65500020980835,6.885000228881836,6.514999866485596,6.59499979019165,4.895871639251709,4040800
2002-09-30,6.510000228881836,6.625,6.349999904632568,6.454999923706055,4.7919392585754395,4163200
2002-10-01,6.454999923706055,7.045000076293945,6.429999828338623,7.025000095367432,5.215085983276367,8179200
2002-10-02,6.889999866485596,7.139999866485596,6.855000019073486,6.989999771118164,5.189103126525879,11582000
2002-10-03,7.125,7.300000190734863,7.050000190734863,7.300000190734863,5.419236183166504,9991400
2002-10-04,7.224999904632568,7.369999885559082,7.054999828338623,7.150000095367432,5.307882785797119,7098200
2002-10-07,7.099999904632568,7.400000095367432,6.985000133514404,7.0,5.196527481079102,8388000
2002-10-08,6.929999828338623,7.099999904632568,6.565000057220459,6.715000152587891,4.984955310821533,7310200
2002-10-09,6.590000152587891,6.650000095367432,6.224999904632568,6.389999866485596,4.743687152862549,7640200
2002-10-10,6.375,6.829999923706055,6.25,6.829999923706055,5.070326805114746,6007800
2002-10-11,6.864999771118164,7.045000076293945,6.764999866485596,7.034999847412109,5.222508907318115,4205800
2002-10-14,7.010000228881836,7.449999809265137,6.985000133514404,7.375,5.474913120269775,4629200
2002-10-15,7.525000095367432,7.599999904632568,7.355000019073486,7.5,5.567708492279053,7642400
2002-10-16,7.5,7.5,7.215000152587891,7.335000038146973,5.44521951675415,4766600
2002-10-17,7.409999847412109,7.519999980926514,7.329999923706055,7.474999904632568,5.549150466918945,4316000
2002-10-18,7.309999942779541,7.664999961853027,7.304999828338623,7.664999961853027,5.6901984214782715,5796800
2002-10-21,7.514999866485596,7.90500020980835,7.510000228881836,7.880000114440918,5.849804401397705,5014200
2002-10-22,7.744999885559082,7.875,7.489999771118164,7.599999904632568,5.641944408416748,4566200
2002-10-23,7.5,7.894999980926514,7.5,7.840000152587891,5.82011079788208,5130800
2002-10-24,7.900000095367432,8.175000190734863,7.434999942779541,7.559999942779541,5.612249374389648,9723600
2002-10-25,7.324999809265137,7.5,7.304999828338623,7.440000057220459,5.523166656494141,4562800
2002-10-28,7.440000057220459,7.684999942779541,7.255000114440918,7.445000171661377,5.526877403259277,4220200
2002-10-29,7.425000190734863,7.489999771118164,7.269999980926514,7.389999866485596,5.486047267913818,4158600
2002-10-30,7.445000171661377,7.71999979019165,7.394999980926514,7.630000114440918,5.664216041564941,4837200
2002-10-31,7.755000114440918,8.220000267028809,7.744999885559082,8.09000015258789,6.00570011138916,9575000
2002-11-01,8.0649995803833,8.550000190734863,7.989999771118164,8.550000190734863,6.347185134887695,10410200
2002-11-04,8.600000381469727,8.989999771118164,8.050000190734863,8.3100004196167,6.169018745422363,14046000
2002-11-05,8.335000038146973,8.444999694824219,7.875,8.140000343322754,6.042819023132324,7759800
2002-11-06,8.550000190734863,9.0,8.404999732971191,8.975000381469727,6.66269063949585,23054600
2002-11-07,8.875,8.895000457763672,8.164999961853027,8.274999618530273,6.143039226531982,11794600
2002-11-08,8.449999809265137,8.539999961853027,8.199999809265137,8.289999961853027,6.154173374176025,6086400
2002-11-11,8.1899995803833,8.375,8.015000343322754,8.050000190734863,5.976005554199219,4880800
2002-11-12,8.21500015258789,8.220000267028809,7.835000038146973,7.934999942779541,5.890635013580322,4705200
2002-11-13,7.900000095367432,8.085000038146973,7.699999809265137,7.789999961853027,5.782993316650391,5583000
2002-11-14,7.96999979019165,8.975000381469727,7.894999980926514,8.864999771118164,6.581033229827881,18363200
2002-11-15,8.5600004196167,8.989999771118164,8.5,8.925000190734863,6.625573635101318,9423200
2002-11-18,8.9399995803833,8.9399995803833,8.645000457763672,8.899999618530273,6.607010841369629,5358600
2002-11-19,8.875,9.069999694824219,8.755000114440918,8.824999809265137,6.551336288452148,4070600
2002-11-20,8.774999618530273,9.050000190734863,8.75,9.039999961853027,6.710943222045898,6963200
2002-11-21,9.039999961853027,9.75,9.039999961853027,9.555000305175781,7.093261241912842,21850400
2002-11-22,9.5,9.6850004196167,9.404999732971191,9.425000190734863,6.9967522621154785,12648800
2002-11-25,9.28499984741211,9.34000015258789,8.845000267028809,9.154999732971191,6.841686248779297,6419000
2002-11-26,9.324999809265137,9.475000381469727,9.255000114440918,9.305000305175781,6.953782081604004,6764800
2002-11-27,9.454999923706055,9.649999618530273,9.289999961853027,9.595000267028809,7.170507431030273,6678800
2002-11-29,9.600000381469727,10.694999694824219,9.600000381469727,10.6850004196167,7.985079288482666,15199600
2002-12-02,10.5,10.625,9.9350004196167,10.390000343322754,7.764621257781982,11351000
2002-12-03,10.375,10.609999656677246,9.949999809265137,10.095000267028809,7.544163703918457,9465400
2002-12-04,9.720000267028809,9.9350004196167,9.354999542236328,9.875,7.379755020141602,13957000
2002-12-05,10.024999618530273,10.050000190734863,9.75,9.960000038146973,7.443277359008789,5740800
2002-12-06,9.90999984741211,10.3149995803833,9.765000343322754,10.095000267028809,7.544163703918457,5872000
2002-12-09,9.75,10.25,9.729999542236328,9.75,7.286340236663818,6238200
2002-12-10,9.75,9.984999656677246,9.645000457763672,9.914999961853027,7.409647464752197,9735800
2002-12-11,9.914999961853027,10.550000190734863,9.720000267028809,10.199999809265137,7.622631072998047,22463200
2002-12-12,10.774999618530273,10.774999618530273,10.0,10.0,7.4731669425964355,34595200
2002-12-13,10.005000114440918,10.079999923706055,9.760000228881836,9.875,7.379755020141602,14131600
2002-12-16,9.875,10.1850004196167,9.774999618530273,10.125,7.566579341888428,9647400
2002-12-17,10.130000114440918,10.319999694824219,10.09000015258789,10.175000190734863,7.603946685791016,9815600
2002-12-18,10.050000190734863,11.5,9.510000228881836,10.484999656677246,7.835615634918213,32846000
2002-12-19,9.789999961853027,10.225000381469727,9.609999656677246,9.75,7.286340236663818,15081400
2002-12-20,9.125,9.600000381469727,9.125,9.539999961853027,7.129402160644531,21892000
2002-12-23,9.510000228881836,9.710000038146973,9.375,9.640000343322754,7.204133987426758,7502400
2002-12-24,9.6899995803833,9.805000305175781,9.59000015258789,9.65999984741211,7.21907901763916,2086200
2002-12-26,9.65999984741211,9.770000457763672,9.475000381469727,9.475000381469727,7.080826282501221,3151400
2002-12-27,9.375,9.569999694824219,9.199999809265137,9.199999809265137,6.8753156661987305,3927800
2002-12-30,9.199999809265137,9.329999923706055,9.199999809265137,9.25,6.912680625915527,5471400
2002-12-31,9.239999771118164,9.385000228881836,8.949999809265137,9.354999542236328,6.991147041320801,5978800
2003-01-02,9.524999618530273,9.864999771118164,9.324999809265137,9.59000015258789,7.16676664352417,7197400
2003-01-03,9.604999542236328,9.6850004196167,9.475000381469727,9.489999771118164,7.092037677764893,6098400
2003-01-06,9.489999771118164,9.524999618530273,9.354999542236328,9.449999809265137,7.0621442794799805,6851600
2003-01-07,9.454999923706055,9.475000381469727,9.104999542236328,9.15999984741211,6.845420837402344,8744800
2003-01-08,9.100000381469727,9.619999885559082,9.029999732971191,9.4350004196167,7.050934791564941,10162600
2003-01-09,9.524999618530273,9.694999694824219,9.505000114440918,9.539999961853027,7.129402160644531,9015600
2003-01-10,9.539999961853027,10.0,9.460000038146973,9.824999809265137,7.342387676239014,12512600
2003-01-13,9.824999809265137,9.850000381469727,9.484999656677246,9.744999885559082,7.282602310180664,11313800
2003-01-14,9.75,9.774999618530273,9.375,9.449999809265137,7.0621442794799805,10305600
2003-01-15,9.375,9.609999656677246,9.28499984741211,9.494999885559082,7.095774173736572,9962400
2003-01-16,9.595000267028809,9.725000381469727,9.4350004196167,9.595000267028809,7.170507431030273,7031200
2003-01-17,9.569999694824219,9.600000381469727,9.399999618530273,9.40999984741211,7.032253265380859,4199400
2003-01-21,9.25,9.369999885559082,9.024999618530273,9.069999694824219,6.778162479400635,5866200
2003-01-22,8.75,9.204999923706055,8.600000381469727,9.175000190734863,6.856634140014648,13327800
2003-01-23,9.274999618530273,9.345000267028809,9.085000038146973,9.274999618530273,6.931361675262451,5907200
2003-01-24,9.295000076293945,9.430000305175781,9.0600004196167,9.199999809265137,6.8753156661987305,7765600
2003-01-27,9.125,9.229999542236328,8.800000190734863,8.890000343322754,6.643647193908691,5504000
2003-01-28,9.0,9.199999809265137,8.914999961853027,9.199999809265137,6.8753156661987305,6770600
2003-01-29,9.199999809265137,9.300000190734863,9.005000114440918,9.300000190734863,6.950048446655273,5730600
2003-01-30,9.390000343322754,9.609999656677246,9.3149995803833,9.399999618530273,7.024778842926025,11913000
2003-01-31,9.274999618530273,9.475000381469727,9.114999771118164,9.380000114440918,7.009828567504883,5078400
2003-02-03,9.555000305175781,9.555000305175781,9.350000381469727,9.449999809265137,7.0621442794799805,5748800
2003-02-04,9.425000190734863,9.654999732971191,9.3100004196167,9.574999809265137,7.155555248260498,6024200
2003-02-05,9.625,9.6850004196167,9.475000381469727,9.479999542236328,7.084563732147217,7227200
2003-02-06,9.359999656677246,9.640000343322754,9.359999656677246,9.640000343322754,7.204133987426758,7268600
2003-02-07,9.640000343322754,9.704999923706055,9.420000076293945,9.4399995803833,7.054670333862305,4318200
2003-02-10,9.515000343322754,9.75,9.425000190734863,9.75,7.286340236663818,5735600
2003-02-11,10.0,10.0,9.75,9.795000076293945,7.3199663162231445,6101400
2003-02-12,9.795000076293945,9.895000457763672,9.619999885559082,9.649999618530273,7.211607456207275,5690200
2003-02-13,9.625,9.699999809265137,9.359999656677246,9.395000457763672,7.02104377746582,5423000
2003-02-14,9.494999885559082,9.609999656677246,9.350000381469727,9.595000267028809,7.170507431030273,6564400
2003-02-18,9.399999618530273,9.795000076293945,9.399999618530273,9.779999732971191,7.308753967285156,7141000
2003-02-19,9.755000114440918,9.800000190734863,9.524999618530273,9.699999809265137,7.2489728927612305,7050000
2003-02-20,9.699999809265137,9.869999885559082,9.404999732971191,9.710000038146973,7.256444931030273,7397800
2003-02-21,9.734999656677246,10.085000038146973,9.675000190734863,10.0,7.4731669425964355,7319200
2003-02-24,10.0,10.28499984741211,9.954999923706055,10.239999771118164,7.65252685546875,8243000
2003-02-25,10.199999809265137,10.4399995803833,9.899999618530273,9.970000267028809,7.450748443603516,10619400
2003-02-26,9.930000305175781,10.28499984741211,9.899999618530273,10.149999618530273,7.585265159606934,6308800
2003-02-27,10.225000381469727,10.25,9.899999618530273,9.984999656677246,7.4619550704956055,6911200
2003-02-28,10.050000190734863,10.140000343322754,9.9399995803833,10.130000114440918,7.570319652557373,7067600
2003-03-03,10.225000381469727,10.369999885559082,10.095000267028809,10.25,7.659996032714844,8271000
2003-03-04,10.1850004196167,10.345000267028809,9.960000038146973,9.970000267028809,7.496458530426025,8609800
2003-03-05,10.0,10.029999732971191,9.875,10.0,7.519014358520508,5945200
2003-03-06,9.975000381469727,10.239999771118164,9.96500015258789,10.204999923706055,7.673153877258301,6033200
2003-03-07,10.34000015258789,10.375,10.100000381469727,10.329999923706055,7.767145156860352,15548600
2003-03-10,10.345000267028809,10.350000381469727,10.069999694824219,10.069999694824219,7.57165002822876,6538600
2003-03-11,10.135000228881836,10.175000190734863,9.71500015258789,9.770000457763672,7.346076965332031,7539600
2003-03-12,9.770000457763672,9.770000457763672,9.324999809265137,9.600000381469727,7.218255996704102,9807400
2003-03-13,9.774999618530273,9.800000190734863,9.5649995803833,9.71500015258789,7.304721355438232,5772400
2003-03-14,9.71500015258789,10.25,9.6850004196167,9.774999618530273,7.349839687347412,7926600
2003-03-17,9.699999809265137,10.005000114440918,9.699999809265137,10.0,7.519014358520508,7951200
2003-03-18,10.024999618530273,10.46500015258789,9.949999809265137,10.449999809265137,7.857372283935547,11863200
2003-03-19,10.5,10.5,10.095000267028809,10.25,7.70698881149292,8786400
2003-03-20,10.25,10.664999961853027,10.210000038146973,10.555000305175781,7.936323642730713,14912400
2003-03-21,10.694999694824219,10.699999809265137,10.305000305175781,10.350000381469727,7.782183647155762,10197600
2003-03-24,10.345000267028809,10.475000381469727,10.050000190734863,10.0600004196167,7.564132213592529,8677400
2003-03-25,10.164999961853027,10.460000038146973,10.154999732971191,10.329999923706055,7.767145156860352,9992800
2003-03-26,10.5,10.600000381469727,10.329999923706055,10.345000267028809,7.778419017791748,12025400
2003-03-27,10.4350004196167,10.895000457763672,10.414999961853027,10.75,8.082938194274902,11634000
2003-03-28,10.975000381469727,11.050000190734863,10.6850004196167,10.720000267028809,8.060382843017578,15555000
2003-03-31,10.005000114440918,10.470000267028809,9.994999885559082,10.364999771118164,7.793456077575684,9420400
2003-04-01,10.369999885559082,10.545000076293945,10.335000038146973,10.510000228881836,7.9024858474731445,8798400
2003-04-02,10.510000228881836,10.699999809265137,10.449999809265137,10.65999984741211,8.01527214050293,10094000
2003-04-03,10.625,10.694999694824219,10.300000190734863,10.300000190734863,7.7445855140686035,5709000
2003-04-04,10.399999618530273,10.4399995803833,10.25,10.265000343322754,7.718270301818848,5187600
2003-04-07,10.449999809265137,10.505000114440918,10.265000343322754,10.404999732971191,7.823538780212402,6302000
2003-04-08,10.444999694824219,10.510000228881836,10.335000038146973,10.404999732971191,7.823538780212402,4092200
2003-04-09,10.475000381469727,10.520000457763672,10.395000457763672,10.425000190734863,7.838576793670654,4196800
2003-04-10,10.5,10.779999732971191,10.479999542236328,10.725000381469727,8.0641450881958,6497600
2003-04-11,10.725000381469727,10.880000114440918,10.649999618530273,10.800000190734863,8.12054443359375,6863200
2003-04-14,10.875,10.875,10.670000076293945,10.824999809265137,8.139333724975586,5083800
2003-04-15,10.795000076293945,10.8100004196167,10.385000228881836,10.395000457763672,7.8160176277160645,8482800
2003-04-16,10.385000228881836,10.4399995803833,10.079999923706055,10.135000228881836,7.620520114898682,9582800
2003-04-17,10.0649995803833,10.489999771118164,9.989999771118164,10.475000381469727,7.876169204711914,7954800
2003-04-21,10.475000381469727,10.484999656677246,10.28499984741211,10.380000114440918,7.804736137390137,5197000
2003-04-22,10.354999542236328,10.574999809265137,10.274999618530273,10.510000228881836,7.9024858474731445,6327600
2003-04-23,10.550000190734863,10.6850004196167,10.380000114440918,10.579999923706055,7.955118179321289,5903200
2003-04-24,10.75,10.75,10.609999656677246,10.680000305175781,8.030305862426758,6657800
2003-04-25,10.779999732971191,10.779999732971191,10.574999809265137,10.600000381469727,7.970158100128174,5586200
2003-04-28,10.619999885559082,10.824999809265137,10.550000190734863,10.654999732971191,8.011512756347656,4573600
2003-04-29,10.164999961853027,10.6850004196167,10.164999961853027,10.494999885559082,7.891207695007324,7409200
2003-04-30,10.510000228881836,10.8149995803833,10.510000228881836,10.704999923706055,8.049107551574707,6499000
2003-05-01,10.75,10.819999694824219,10.5600004196167,10.625,7.988951683044434,6124000
2003-05-02,10.6899995803833,11.039999961853027,10.649999618530273,10.975000381469727,8.252124786376953,6538800
2003-05-05,10.975000381469727,11.25,10.925000190734863,11.079999923706055,8.331068992614746,6275800
2003-05-06,11.109999656677246,11.505000114440918,11.109999656677246,11.329999923706055,8.51904582977295,7206400
2003-05-07,11.329999923706055,11.90999984741211,11.3149995803833,11.680000305175781,8.78221321105957,12240600
2003-05-08,11.765000343322754,11.979999542236328,11.494999885559082,11.755000114440918,8.838605880737305,9100000
2003-05-09,11.875,11.875,11.585000038146973,11.850000381469727,8.9100341796875,6491000
2003-05-12,11.5,11.710000038146973,11.354999542236328,11.614999771118164,8.7333402633667,10215400
2003-05-13,11.574999809265137,11.949999809265137,11.539999961853027,11.949999809265137,8.985222816467285,8386800
2003-05-14,11.949999809265137,12.170000076293945,11.78499984741211,12.104999542236328,9.101768493652344,11329200
2003-05-15,12.104999542236328,12.335000038146973,12.029999732971191,12.1850004196167,9.161920547485352,8274200
2003-05-16,12.1850004196167,12.220000267028809,11.819999694824219,11.885000228881836,8.936351776123047,8899000
2003-05-19,11.835000038146973,11.864999771118164,11.604999542236328,11.604999542236328,8.725815773010254,8368600
2003-05-20,11.574999809265137,11.6850004196167,11.414999961853027,11.539999961853027,8.676941871643066,5591200
2003-05-21,11.475000381469727,12.055000305175781,11.4399995803833,11.975000381469727,9.004021644592285,9544200
2003-05-22,11.975000381469727,11.975000381469727,11.694999694824219,11.899999618530273,8.947628021240234,7832400
2003-05-23,11.774999618530273,11.895000457763672,11.739999771118164,11.845000267028809,8.906275749206543,4784400
2003-05-27,11.864999771118164,12.085000038146973,11.770000457763672,12.0,9.022819519042969,6944000
2003-05-28,12.0,12.09000015258789,11.680000305175781,11.779999732971191,8.857400894165039,4946400
2003-05-29,11.875,11.920000076293945,11.53499984741211,11.574999809265137,8.70326042175293,7292800
2003-05-30,11.574999809265137,11.975000381469727,11.5649995803833,11.9350004196167,8.973945617675781,8181000
2003-06-02,11.899999618530273,11.975000381469727,11.699999809265137,11.734999656677246,8.823562622070312,5466400
2003-06-03,11.545000076293945,11.734999656677246,11.399999618530273,11.625,8.7876558303833,6612400
2003-06-04,11.699999809265137,11.869999885559082,11.609999656677246,11.869999885559082,8.972856521606445,6733600
2003-06-05,11.725000381469727,11.869999885559082,11.625,11.850000381469727,8.957744598388672,5173000
2003-06-06,11.925000190734863,12.149999618530273,11.84000015258789,12.024999618530273,9.090025901794434,9665000
2003-06-09,11.9399995803833,12.050000190734863,11.789999961853027,11.824999809265137,8.938841819763184,5233000
2003-06-10,11.824999809265137,11.975000381469727,11.710000038146973,11.925000190734863,9.014437675476074,4497200
2003-06-11,12.0,12.5,11.850000381469727,12.4350004196167,9.399961471557617,12880600
2003-06-12,12.6850004196167,12.6850004196167,12.170000076293945,12.3149995803833,9.309247016906738,10068400
2003-06-13,12.3149995803833,12.319999694824219,11.944999694824219,12.154999732971191,9.1882963180542,7560600
2003-06-16,12.164999961853027,12.270000457763672,11.885000228881836,12.270000457763672,9.27523136138916,8530000
2003-06-17,12.25,12.5,12.175000190734863,12.319999694824219,9.313030242919922,9015200
2003-06-18,12.319999694824219,12.484999656677246,11.770000457763672,12.324999809265137,9.316807746887207,6212400
2003-06-19,12.260000228881836,12.375,12.140000343322754,12.21500015258789,9.233659744262695,5806200
2003-06-20,11.574999809265137,11.899999618530273,11.484999656677246,11.579999923706055,8.753644943237305,17814800
2003-06-23,11.5,11.649999618530273,11.140000343322754,11.28499984741211,8.53064250946045,10935400
2003-06-24,11.069999694824219,11.829999923706055,10.954999923706055,11.40999984741211,8.62513542175293,36839600
2003-06-25,11.600000381469727,11.930000305175781,11.550000190734863,11.720000267028809,8.859472274780273,30634000
2003-06-26,11.720000267028809,12.09000015258789,11.175000190734863,11.710000038146973,8.851911544799805,27029800
2003-06-27,11.675000190734863,11.869999885559082,11.550000190734863,11.5600004196167,8.73852252960205,10684000
2003-06-30,11.5649995803833,11.675000190734863,11.40999984741211,11.5,8.693169593811035,9455400
2003-07-01,11.5,11.5,11.300000190734863,11.359999656677246,8.5873384475708,9542400
2003-07-02,11.359999656677246,11.510000228881836,11.265000343322754,11.359999656677246,8.5873384475708,9443400
2003-07-03,11.270000457763672,11.420000076293945,11.175000190734863,11.1850004196167,8.455052375793457,7309800
2003-07-07,11.114999771118164,11.21500015258789,10.960000038146973,11.114999771118164,8.402135848999023,9647400
2003-07-08,11.0,11.725000381469727,11.0,11.414999961853027,8.628911972045898,12272400
2003-07-09,11.75,11.949999809265137,11.725000381469727,11.725000381469727,8.863251686096191,15811200
2003-07-10,10.925000190734863,11.694999694824219,10.925000190734863,11.375,8.598676681518555,23494400
2003-07-11,11.475000381469727,11.579999923706055,11.175000190734863,11.300000190734863,8.541984558105469,11275400
2003-07-14,11.489999771118164,11.489999771118164,11.109999656677246,11.135000228881836,8.417253494262695,7634000
2003-07-15,11.100000381469727,11.239999771118164,10.875,10.925000190734863,8.258512496948242,8521000
2003-07-16,10.925000190734863,10.925000190734863,10.545000076293945,10.75,8.126219749450684,14445400
2003-07-17,10.625,10.795000076293945,10.454999923706055,10.625,8.03172779083252,12682800
2003-07-18,10.329999923706055,11.199999809265137,10.329999923706055,11.149999618530273,8.428597450256348,16173200
2003-07-21,11.274999618530273,11.319999694824219,10.739999771118164,10.795000076293945,8.160235404968262,9689400
2003-07-22,10.795000076293945,10.989999771118164,10.704999923706055,10.795000076293945,8.160235404968262,6251000
2003-07-23,10.850000381469727,10.9350004196167,10.494999885559082,10.71500015258789,8.09976577758789,5325600
2003-07-24,10.710000038146973,10.875,10.555000305175781,10.569999694824219,7.990154266357422,7551800
2003-07-25,10.574999809265137,10.680000305175781,10.305000305175781,10.550000190734863,7.975033283233643,6396400
2003-07-28,10.425000190734863,10.609999656677246,10.25,10.600000381469727,8.012833595275879,8223400
2003-07-29,10.600000381469727,10.600000381469727,10.260000228881836,10.470000267028809,7.914562702178955,9837600
2003-07-30,10.5,10.579999923706055,10.359999656677246,10.555000305175781,7.978819370269775,7637000
2003-07-31,10.875,11.114999771118164,10.800000190734863,11.085000038146973,8.379460334777832,12770800
2003-08-01,10.989999771118164,11.1899995803833,10.989999771118164,11.119999885559082,8.405912399291992,7596000
2003-08-04,11.21500015258789,11.234999656677246,10.9350004196167,11.140000343322754,8.42103385925293,6301800
2003-08-05,11.1899995803833,11.295000076293945,11.03499984741211,11.074999809265137,8.371898651123047,5696000
2003-08-06,11.199999809265137,11.359999656677246,11.079999923706055,11.25,8.504183769226074,7986600
2003-08-07,11.324999809265137,11.6899995803833,11.25,11.630000114440918,8.791437149047852,7834000
2003-08-08,11.630000114440918,11.880000114440918,10.375,11.71500015258789,8.855693817138672,9087800
2003-08-11,11.71500015258789,11.864999771118164,11.625,11.699999809265137,8.844350814819336,6323400
2003-08-12,11.699999809265137,11.8100004196167,11.529999732971191,11.664999961853027,8.817895889282227,7721400
2003-08-13,11.664999961853027,11.664999961853027,11.364999771118164,11.53499984741211,8.719625473022461,9065000
2003-08-14,11.574999809265137,11.6899995803833,11.414999961853027,11.59000015258789,8.761200904846191,8399200
2003-08-15,11.649999618530273,11.774999618530273,11.550000190734863,11.704999923706055,8.848132133483887,4836200
2003-08-18,11.829999923706055,11.850000381469727,11.649999618530273,11.720000267028809,8.859472274780273,4505800
2003-08-19,11.819999694824219,11.835000038146973,11.635000228881836,11.649999618530273,8.80655574798584,4694000
2003-08-20,11.649999618530273,11.9350004196167,11.600000381469727,11.864999771118164,8.96907901763916,6703800
2003-08-21,11.925000190734863,11.984999656677246,11.729999542236328,11.914999961853027,9.006875038146973,5221000
2003-08-22,11.895000457763672,11.9399995803833,11.619999885559082,11.649999618530273,8.80655574798584,4015800
2003-08-25,11.649999618530273,11.845000267028809,11.529999732971191,11.574999809265137,8.749861717224121,3898400
2003-08-26,11.5,11.699999809265137,11.305000305175781,11.649999618530273,8.80655574798584,3758200
2003-08-27,11.640000343322754,11.770000457763672,11.550000190734863,11.569999694824219,8.74608325958252,4650600
2003-08-28,11.875,12.03499984741211,11.600000381469727,12.020000457763672,9.086252212524414,9229000
2003-08-29,12.020000457763672,12.095000267028809,11.885000228881836,12.09000015258789,9.139165878295898,6623000
2003-09-02,12.024999618530273,12.25,11.824999809265137,12.25,9.308232307434082,7437000
2003-09-03,12.25,12.5,12.074999809265137,12.300000190734863,9.346230506896973,9765800
2003-09-04,12.295000076293945,12.34000015258789,12.0,12.145000457763672,9.2284517288208,6628400
2003-09-05,12.145000457763672,12.255000114440918,12.074999809265137,12.25,9.308232307434082,5243200
2003-09-08,12.550000190734863,12.550000190734863,12.34000015258789,12.510000228881836,9.505796432495117,7225400
2003-09-09,12.510000228881836,12.510000228881836,12.234999656677246,12.260000228881836,9.315831184387207,8310000
2003-09-10,12.260000228881836,12.279999732971191,12.09000015258789,12.164999961853027,9.243647575378418,6987600
2003-09-11,12.1899995803833,12.25,11.9350004196167,11.975000381469727,9.099271774291992,5690800
2003-09-12,12.039999961853027,12.125,11.960000038146973,12.119999885559082,9.209452629089355,4563400
2003-09-15,12.095000267028809,12.125,11.975000381469727,12.005000114440918,9.122069358825684,3934800
2003-09-16,12.09000015258789,12.270000457763672,12.03499984741211,12.260000228881836,9.315831184387207,6773600
2003-09-17,12.25,12.25,11.984999656677246,12.0649995803833,9.167659759521484,7470800
2003-09-18,12.03499984741211,12.199999809265137,11.895000457763672,12.145000457763672,9.2284517288208,7756200
2003-09-19,12.199999809265137,12.234999656677246,12.020000457763672,12.1850004196167,9.258838653564453,6376600
2003-09-22,12.234999656677246,12.479999542236328,12.194999694824219,12.265000343322754,9.31963062286377,6041200
2003-09-23,12.3149995803833,12.475000381469727,12.3100004196167,12.4399995803833,9.452606201171875,4328800
2003-09-24,12.78499984741211,12.949999809265137,12.475000381469727,12.505000114440918,9.501994132995605,7301000
2003-09-25,12.529999732971191,12.550000190734863,12.359999656677246,12.359999656677246,9.391820907592773,4607400
2003-09-26,12.375,12.425000190734863,12.0,12.015000343322754,9.129667282104492,5622800
2003-09-29,12.0649995803833,12.319999694824219,12.024999618530273,12.279999732971191,9.331027030944824,4646800
2003-09-30,12.279999732971191,12.390000343322754,12.100000381469727,12.125,9.213250160217285,8450200
2003-10-01,12.125,12.475000381469727,11.600000381469727,12.475000381469727,9.479202270507812,7422200
2003-10-02,12.475000381469727,12.614999771118164,12.380000114440918,12.614999771118164,9.585579872131348,6499800
2003-10-03,12.664999961853027,12.800000190734863,12.53499984741211,12.694999694824219,9.646369934082031,6300000
2003-10-06,12.604999542236328,12.699999809265137,12.5649995803833,12.585000038146973,9.562785148620605,5397200
2003-10-07,12.585000038146973,13.350000381469727,12.020000457763672,12.770000457763672,9.703354835510254,5464200
2003-10-08,12.675000190734863,12.835000038146973,12.550000190734863,12.630000114440918,9.596976280212402,7406600
2003-10-09,12.25,12.475000381469727,12.239999771118164,12.380000114440918,9.407011032104492,13689200
2003-10-10,12.260000228881836,12.494999885559082,12.244999885559082,12.375,9.403212547302246,12280600
2003-10-13,12.385000228881836,12.425000190734863,12.15999984741211,12.175000190734863,9.251241683959961,5151400
2003-10-14,12.074999809265137,12.1899995803833,11.914999961853027,12.1899995803833,9.262639999389648,8231000
2003-10-15,12.1899995803833,12.199999809265137,11.8100004196167,12.015000343322754,9.129667282104492,13225800
2003-10-16,12.069999694824219,12.279999732971191,12.010000228881836,12.149999618530273,9.232246398925781,9613400
2003-10-17,12.149999618530273,12.149999618530273,11.944999694824219,12.055000305175781,9.160058975219727,7375000
2003-10-20,12.055000305175781,12.104999542236328,11.899999618530273,11.970000267028809,9.095468521118164,6553200
2003-10-21,11.899999618530273,12.210000038146973,11.899999618530273,12.164999961853027,9.243647575378418,7123800
2003-10-22,12.164999961853027,12.164999961853027,11.845000267028809,11.975000381469727,9.099271774291992,6769200
2003-10-23,11.975000381469727,12.024999618530273,11.75,12.024999618530273,9.13726806640625,8671000
2003-10-24,11.9350004196167,12.0,11.829999923706055,11.989999771118164,9.110671997070312,5520000
2003-10-27,11.949999809265137,12.170000076293945,11.949999809265137,12.170000076293945,9.247445106506348,7432400
2003-10-28,12.109999656677246,12.149999618530273,11.779999732971191,12.039999961853027,9.148666381835938,7813400
2003-10-29,12.039999961853027,12.234999656677246,11.725000381469727,11.760000228881836,8.93590259552002,8940400
2003-10-30,11.859999656677246,11.859999656677246,11.550000190734863,11.6850004196167,8.878915786743164,7641400
2003-10-31,11.954999923706055,12.0649995803833,11.869999885559082,11.9399995803833,9.072676658630371,7266000
2003-11-03,12.109999656677246,12.109999656677246,11.800000190734863,11.850000381469727,9.004290580749512,4595000
2003-11-04,11.850000381469727,11.989999771118164,11.71500015258789,11.944999694824219,9.0764741897583,6025200
2003-11-05,11.960000038146973,12.25,11.90999984741211,12.175000190734863,9.251241683959961,7789000
2003-11-06,12.0,12.135000228881836,11.845000267028809,12.050000190734863,9.156258583068848,7480000
2003-11-07,12.3149995803833,12.345000267028809,12.050000190734863,12.104999542236328,9.198053359985352,9739200
2003-11-10,12.104999542236328,12.125,11.930000305175781,11.9350004196167,9.068878173828125,3639600
2003-11-11,11.925000190734863,11.949999809265137,11.84000015258789,11.914999961853027,9.053680419921875,3269000
2003-11-12,11.890000343322754,11.989999771118164,11.835000038146973,11.960000038146973,9.087873458862305,3777800
2003-11-13,11.975000381469727,12.140000343322754,11.970000267028809,12.085000038146973,9.18285846710205,6551400
2003-11-14,12.024999618530273,12.180000305175781,11.954999923706055,12.104999542236328,9.198053359985352,4073200
2003-11-17,11.114999771118164,12.0,11.114999771118164,11.850000381469727,9.004290580749512,4398000
2003-11-18,11.899999618530273,11.949999809265137,11.649999618530273,11.835000038146973,8.992890357971191,4743200
2003-11-19,11.835000038146973,11.864999771118164,11.635000228881836,11.71500015258789,8.901708602905273,4435400
2003-11-20,11.630000114440918,11.710000038146973,11.574999809265137,11.6850004196167,8.878915786743164,6812000
2003-11-21,11.600000381469727,11.645000457763672,11.399999618530273,11.574999809265137,8.795330047607422,6209400
2003-11-24,11.574999809265137,11.645000457763672,11.470000267028809,11.614999771118164,8.825725555419922,4148400
2003-11-25,11.579999923706055,11.770000457763672,11.579999923706055,11.625,8.833321571350098,3751800
2003-11-26,11.625,11.734999656677246,11.524999618530273,11.704999923706055,8.894113540649414,3369400
2003-11-28,11.649999618530273,11.71500015258789,11.579999923706055,11.675000190734863,8.918943405151367,1154000
2003-12-01,11.725000381469727,11.819999694824219,11.65999984741211,11.694999694824219,8.93421745300293,3929600
2003-12-02,11.680000305175781,11.789999961853027,11.65999984741211,11.770000457763672,8.99151611328125,4368200
2003-12-03,11.75,11.829999923706055,11.65999984741211,11.65999984741211,8.907479286193848,3773000
2003-12-04,11.649999618530273,11.925000190734863,11.609999656677246,11.774999618530273,8.995330810546875,9809200
2003-12-05,11.800000190734863,12.220000267028809,11.720000267028809,12.199999809265137,9.320005416870117,10830400
2003-12-08,12.210000038146973,12.319999694824219,12.164999961853027,12.319999694824219,9.4116792678833,5825400
2003-12-09,12.319999694824219,12.335000038146973,12.130000114440918,12.274999618530273,9.377300262451172,5039400
2003-12-10,12.100000381469727,12.5,12.100000381469727,12.5,9.549182891845703,7779600
2003-12-11,12.5,12.539999961853027,12.305000305175781,12.345000267028809,9.430776596069336,7575400
2003-12-12,12.600000381469727,12.8100004196167,12.324999809265137,12.729999542236328,9.72488784790039,13674200
2003-12-15,12.734999656677246,12.75,12.279999732971191,12.329999923706055,9.419316291809082,8258400
2003-12-16,12.28499984741211,12.640000343322754,12.274999618530273,12.569999694824219,9.6026611328125,7902200
2003-12-17,12.350000381469727,12.845000267028809,12.350000381469727,12.800000190734863,9.778361320495605,9539600
2003-12-18,12.859999656677246,13.600000381469727,12.824999809265137,13.5600004196167,10.358956336975098,18686000
2003-12-19,13.5649995803833,13.5649995803833,13.260000228881836,13.399999618530273,10.236724853515625,12887800
2003-12-22,13.324999809265137,13.494999885559082,13.145000457763672,13.494999885559082,10.309298515319824,7519400
2003-12-23,13.345000267028809,13.385000228881836,12.975000381469727,13.005000114440918,9.934974670410156,9127400
2003-12-24,13.069999694824219,13.164999961853027,12.960000038146973,13.104999542236328,10.01136302947998,3143400
2003-12-26,13.164999961853027,13.225000381469727,13.0600004196167,13.119999885559082,10.022828102111816,1554200
2003-12-29,13.220000267028809,13.350000381469727,13.050000190734863,13.085000038146973,9.996088981628418,6872800
2003-12-30,13.135000228881836,13.295000076293945,13.069999694824219,13.109999656677246,10.015188217163086,5832400
2003-12-31,13.010000228881836,13.095000267028809,12.880000114440918,13.0,9.93115234375,4777800
2004-01-02,13.010000228881836,13.145000457763672,12.949999809265137,13.015000343322754,9.942612648010254,3240000
2004-01-05,12.989999771118164,13.119999885559082,12.899999618530273,13.0600004196167,9.97698974609375,10380800
2004-01-06,13.15999984741211,13.444999694824219,13.140000343322754,13.425000190734863,10.25582504272461,10854800
2004-01-07,13.25,13.3100004196167,13.140000343322754,13.265000343322754,10.133596420288086,7213200
2004-01-08,13.239999771118164,13.5,13.199999809265137,13.489999771118164,10.305477142333984,6222400
2004-01-09,13.454999923706055,14.175000190734863,13.390000343322754,14.0,10.695089340209961,19980800
2004-01-12,14.0,14.09000015258789,13.880000114440918,14.024999618530273,10.71418285369873,7055400
2004-01-13,14.09000015258789,14.175000190734863,13.925000190734863,13.989999771118164,10.687451362609863,8044600
2004-01-14,13.960000038146973,13.975000381469727,13.600000381469727,13.694999694824219,10.462087631225586,6557000
2004-01-15,13.720000267028809,13.864999771118164,13.425000190734863,13.425000190734863,10.25582504272461,6421600
2004-01-16,13.489999771118164,13.755000114440918,13.404999732971191,13.744999885559082,10.500286102294922,7394000
2004-01-20,13.895000457763672,14.295000076293945,13.895000457763672,14.199999809265137,10.847872734069824,9028800
2004-01-21,14.175000190734863,14.3149995803833,14.079999923706055,14.244999885559082,10.882251739501953,7742200
2004-01-22,14.25,14.335000038146973,13.949999809265137,14.114999771118164,10.782937049865723,5561000
2004-01-23,14.149999618530273,14.5600004196167,14.0,14.460000038146973,11.046503067016602,16265000
2004-01-26,14.460000038146973,14.649999618530273,14.28499984741211,14.640000343322754,11.184006690979004,11209400
2004-01-27,14.579999923706055,14.744999885559082,14.364999771118164,14.5600004196167,11.122893333435059,6785000
2004-01-28,14.53499984741211,14.835000038146973,14.40999984741211,14.704999923706055,11.233658790588379,10957200
2004-01-29,15.074999809265137,15.125,14.385000228881836,15.114999771118164,11.54687213897705,17092400
2004-01-30,15.239999771118164,15.34000015258789,14.970000267028809,15.074999809265137,11.516319274902344,7310600
2004-02-02,15.244999885559082,15.300000190734863,14.869999885559082,15.244999885559082,11.646187782287598,8741400
2004-02-03,15.175000190734863,15.329999923706055,14.949999809265137,15.100000381469727,11.535420417785645,8562600
2004-02-04,15.09000015258789,15.194999694824219,15.015000343322754,15.050000190734863,11.497221946716309,7446400
2004-02-05,15.055000305175781,15.100000381469727,14.510000228881836,14.699999809265137,11.229843139648438,9594200
2004-02-06,14.600000381469727,14.824999809265137,14.5600004196167,14.824999809265137,11.325334548950195,4290400
2004-02-09,14.875,15.079999923706055,14.829999923706055,15.015000343322754,11.470479965209961,6538600
2004-02-10,15.010000228881836,15.385000228881836,15.005000114440918,15.180000305175781,11.59653377532959,8755600
2004-02-11,15.329999923706055,15.604999542236328,15.329999923706055,15.520000457763672,11.856270790100098,12215400
2004-02-12,15.449999809265137,15.845000267028809,15.449999809265137,15.8149995803833,12.081624984741211,9459800
2004-02-13,15.75,15.880000114440918,15.65999984741211,15.819999694824219,12.085448265075684,8390800
2004-02-17,15.8100004196167,15.9350004196167,15.65999984741211,15.895000457763672,12.142746925354004,5128600
2004-02-18,15.875,15.9350004196167,15.46500015258789,15.475000381469727,11.821893692016602,5525600
2004-02-19,15.524999618530273,15.779999732971191,15.414999961853027,15.59000015258789,11.909748077392578,9235600
2004-02-20,15.71500015258789,15.71500015258789,15.329999923706055,15.454999923706055,11.806615829467773,7236800
2004-02-23,15.5,15.5649995803833,15.380000114440918,15.510000228881836,11.84862995147705,3868400
2004-02-24,15.484999656677246,15.53499984741211,15.125,15.520000457763672,11.856270790100098,9125800
2004-02-25,15.5,15.734999656677246,15.449999809265137,15.569999694824219,11.894463539123535,7020000
2004-02-26,15.5649995803833,15.899999618530273,15.484999656677246,15.864999771118164,12.11982536315918,5866600
2004-02-27,15.864999771118164,16.059999465942383,15.829999923706055,15.979999542236328,12.207674980163574,6216600
2004-03-01,16.0,16.295000076293945,16.0,16.2549991607666,12.417762756347656,7514800
2004-03-02,16.264999389648438,16.350000381469727,15.9399995803833,15.949999809265137,12.231791496276855,8854000
2004-03-03,15.954999923706055,15.954999923706055,15.71500015258789,15.75,12.07841968536377,7893600
2004-03-04,15.774999618530273,15.869999885559082,15.725000381469727,15.78499984741211,12.105259895324707,6020400
2004-03-05,15.78499984741211,15.989999771118164,15.6899995803833,15.755000114440918,12.082252502441406,7714800
2004-03-08,15.880000114440918,15.994999885559082,15.755000114440918,15.805000305175781,12.120594024658203,6260800
2004-03-09,15.0,15.5,14.975000381469727,15.350000381469727,11.7716646194458,20888200
2004-03-10,15.265000343322754,15.460000038146973,14.880000114440918,14.984999656677246,11.49174690246582,12079800
2004-03-11,14.15999984741211,14.675000190734863,13.805000305175781,14.119999885559082,10.828397750854492,36055400
2004-03-12,14.430000305175781,14.8100004196167,14.399999618530273,14.600000381469727,11.19649887084961,19962000
2004-03-15,14.604999542236328,14.739999771118164,14.555000305175781,14.59000015258789,11.188830375671387,10112800
2004-03-16,14.59000015258789,14.604999542236328,14.375,14.430000305175781,11.066132545471191,6684200
2004-03-17,14.680000305175781,15.199999809265137,14.630000114440918,15.100000381469727,11.579944610595703,11124000
2004-03-18,15.0,15.300000190734863,14.914999961853027,15.15999984741211,11.625954627990723,6698800
2004-03-19,15.09000015258789,15.149999618530273,14.664999961853027,14.739999771118164,11.303861618041992,8885800
2004-03-22,14.71500015258789,14.734999656677246,14.5,14.545000076293945,11.15432357788086,6228400
2004-03-23,14.609999656677246,14.675000190734863,14.180000305175781,14.420000076293945,11.058460235595703,7904200
2004-03-24,14.3149995803833,14.479999542236328,14.055000305175781,14.125,10.832229614257812,7914800
2004-03-25,14.180000305175781,14.25,14.055000305175781,14.135000228881836,10.839900970458984,10786800
2004-03-26,14.199999809265137,14.649999618530273,14.199999809265137,14.479999542236328,11.104474067687988,9165800
2004-03-29,14.524999618530273,14.75,14.444999694824219,14.595000267028809,11.19266414642334,8651800
2004-03-30,14.545000076293945,15.09000015258789,14.5,15.010000228881836,11.510921478271484,8769000
2004-03-31,15.010000228881836,15.229999542236328,14.8100004196167,15.194999694824219,11.652796745300293,12735400
2004-04-01,15.194999694824219,15.28499984741211,14.854999542236328,15.020000457763672,11.518592834472656,10776800
2004-04-02,15.020000457763672,15.095000267028809,14.84000015258789,15.010000228881836,11.510921478271484,8888000
2004-04-05,14.975000381469727,15.024999618530273,14.595000267028809,14.6899995803833,11.265518188476562,9692600
2004-04-06,14.6899995803833,14.859999656677246,14.649999618530273,14.704999923706055,11.277020454406738,6025200
2004-04-07,14.675000190734863,14.96500015258789,14.529999732971191,14.845000267028809,11.38438606262207,7992800
2004-04-08,14.949999809265137,15.069999694824219,14.850000381469727,14.925000190734863,11.4457368850708,4871200
2004-04-12,15.0,15.515000343322754,14.96500015258789,15.25,11.694972038269043,8024000
2004-04-13,15.225000381469727,15.3149995803833,14.854999542236328,14.880000114440918,11.411230087280273,5793600
2004-04-14,14.824999809265137,14.954999923706055,14.729999542236328,14.899999618530273,11.426565170288086,5268800
2004-04-15,14.925000190734863,15.135000228881836,14.859999656677246,15.03499984741211,11.530091285705566,5664200
2004-04-16,15.100000381469727,15.425000190734863,15.010000228881836,15.34000015258789,11.763995170593262,6870200
2004-04-19,15.350000381469727,15.545000076293945,15.210000038146973,15.25,11.694972038269043,6321200
2004-04-20,15.324999809265137,15.420000076293945,14.970000267028809,14.970000267028809,11.480244636535645,5339000
2004-04-21,14.975000381469727,14.975000381469727,14.649999618530273,14.920000076293945,11.441899299621582,6260200
2004-04-22,14.925000190734863,15.470000267028809,14.859999656677246,15.395000457763672,11.806169509887695,6217000
2004-04-23,15.395000457763672,15.5,15.199999809265137,15.425000190734863,11.829170227050781,6253400
2004-04-26,15.625,15.725000381469727,15.449999809265137,15.449999809265137,11.848352432250977,5984800
2004-04-27,15.649999618530273,16.174999237060547,15.625,15.835000038146973,12.143599510192871,9001800
2004-04-28,15.5,15.789999961853027,15.4350004196167,15.505000114440918,11.890530586242676,8559000
2004-04-29,15.505000114440918,15.600000381469727,14.954999923706055,15.130000114440918,11.60294246673584,7046400
2004-04-30,15.149999618530273,15.265000343322754,14.725000381469727,14.899999618530273,11.426565170288086,7569400
2004-05-03,14.850000381469727,15.300000190734863,14.800000190734863,15.239999771118164,11.687305450439453,8085200
2004-05-04,15.229999542236328,15.354999542236328,14.904999732971191,15.024999618530273,11.522422790527344,6845000
2004-05-05,14.75,14.930000305175781,14.479999542236328,14.869999885559082,11.403557777404785,13996000
2004-05-06,14.850000381469727,14.975000381469727,14.520000457763672,14.619999885559082,11.211835861206055,6652600
2004-05-07,14.524999618530273,14.664999961853027,14.109999656677246,14.109999656677246,10.820728302001953,5283800
2004-05-10,14.175000190734863,14.175000190734863,13.675000190734863,13.970000267028809,10.713363647460938,8696600
2004-05-11,14.494999885559082,14.505000114440918,14.329999923706055,14.449999809265137,11.081467628479004,11533400
2004-05-12,14.425000190734863,14.739999771118164,14.359999656677246,14.479999542236328,11.104474067687988,8027200
2004-05-13,14.484999656677246,14.725000381469727,14.444999694824219,14.670000076293945,11.250179290771484,4450400
2004-05-14,14.600000381469727,14.795000076293945,14.4399995803833,14.574999809265137,11.177327156066895,4750400
2004-05-17,14.5,14.6850004196167,14.399999618530273,14.460000038146973,11.089138984680176,4038800
2004-05-18,14.454999923706055,14.484999656677246,14.225000381469727,14.4399995803833,11.073799133300781,7035000
2004-05-19,14.449999809265137,14.550000190734863,14.255000114440918,14.305000305175781,10.970273971557617,5254600
2004-05-20,14.425000190734863,14.444999694824219,14.100000381469727,14.170000076293945,10.866742134094238,5559200
2004-05-21,14.175000190734863,14.274999618530273,14.125,14.229999542236328,10.912751197814941,5636200
2004-05-24,14.25,14.645000457763672,14.194999694824219,14.5,11.119810104370117,8005200
2004-05-25,14.524999618530273,14.824999809265137,14.5,14.8100004196167,11.3575439453125,5348200
2004-05-26,14.824999809265137,14.920000076293945,14.600000381469727,14.699999809265137,11.273185729980469,8067200
2004-05-27,14.774999618530273,14.774999618530273,14.239999771118164,14.300000190734863,10.966435432434082,8990200
2004-05-28,14.350000381469727,14.625,14.300000190734863,14.520000457763672,11.135150909423828,9004000
2004-06-01,14.675000190734863,14.8100004196167,14.4350004196167,14.600000381469727,11.244901657104492,6309000
2004-06-02,14.649999618530273,14.675000190734863,14.260000228881836,14.40999984741211,11.098566055297852,5489800
2004-06-03,14.40999984741211,14.640000343322754,14.25,14.28499984741211,11.002287864685059,4600200
2004-06-04,14.399999618530273,14.5,14.225000381469727,14.425000190734863,11.110116004943848,3954200
2004-06-07,14.4399995803833,14.795000076293945,14.395000457763672,14.699999809265137,11.321919441223145,9810000
2004-06-08,14.774999618530273,14.904999732971191,14.475000381469727,14.635000228881836,11.271859169006348,7170000
2004-06-09,14.635000228881836,14.635000228881836,14.40999984741211,14.475000381469727,11.148627281188965,6914200
2004-06-10,14.600000381469727,14.854999542236328,14.5,14.595000267028809,11.241049766540527,9988000
2004-06-14,14.449999809265137,14.625,14.425000190734863,14.5649995803833,11.217945098876953,5933800
2004-06-15,14.649999618530273,14.84000015258789,14.600000381469727,14.6899995803833,11.314220428466797,5977400
2004-06-16,14.84000015258789,15.225000381469727,14.8100004196167,15.175000190734863,11.687765121459961,10497800
2004-06-17,15.125,15.175000190734863,14.949999809265137,15.100000381469727,11.630002975463867,7265400
2004-06-18,15.149999618530273,15.194999694824219,14.800000190734863,15.015000343322754,11.564533233642578,8637800
2004-06-21,14.979999542236328,15.0600004196167,14.8100004196167,14.904999732971191,11.479813575744629,5492800
2004-06-22,14.875,15.024999618530273,14.850000381469727,15.024999618530273,11.572237014770508,4835800
2004-06-23,15.024999618530273,15.345000267028809,15.0,15.3100004196167,11.79174518585205,6311200
2004-06-24,15.3149995803833,15.375,15.164999961853027,15.255000114440918,11.749383926391602,5540000
2004-06-25,15.260000228881836,15.670000076293945,15.25,15.524999618530273,11.95733642578125,8261000
2004-06-28,15.454999923706055,15.489999771118164,15.095000267028809,15.244999885559082,11.741683959960938,6994600
2004-06-29,14.875,15.244999885559082,14.875,14.9399995803833,11.506770133972168,10269800
2004-06-30,14.920000076293945,15.149999618530273,14.850000381469727,15.130000114440918,11.653105735778809,7334200
2004-07-01,15.045000076293945,15.175000190734863,14.949999809265137,15.135000228881836,11.65695858001709,5780600
2004-07-02,15.09000015258789,15.234999656677246,14.949999809265137,15.109999656677246,11.637706756591797,3666400
2004-07-06,15.109999656677246,15.220000267028809,14.859999656677246,14.970000267028809,11.529873847961426,3910600
2004-07-07,14.975000381469727,15.149999618530273,14.819999694824219,15.149999618530273,11.668511390686035,4579200
2004-07-08,15.149999618530273,15.220000267028809,14.920000076293945,15.03499984741211,11.579938888549805,5760000
2004-07-09,15.0,15.074999809265137,14.805000305175781,14.914999961853027,11.487516403198242,6975200
2004-07-12,14.914999961853027,14.960000038146973,14.710000038146973,14.789999961853027,11.391237258911133,4001000
2004-07-13,14.510000228881836,14.9399995803833,14.510000228881836,14.819999694824219,11.414345741271973,5001000
2004-07-14,14.800000190734863,15.34000015258789,14.78499984741211,15.255000114440918,11.749383926391602,9983400
2004-07-15,15.220000267028809,15.6850004196167,15.125,15.524999618530273,11.95733642578125,9042200
2004-07-16,15.725000381469727,15.920000076293945,15.609999656677246,15.75,12.130633354187012,8634600
2004-07-19,15.835000038146973,15.850000381469727,15.5600004196167,15.630000114440918,12.038206100463867,7625400
2004-07-20,15.515000343322754,15.71500015258789,15.40999984741211,15.71500015258789,12.103678703308105,4725600
2004-07-21,15.789999961853027,16.0,15.46500015258789,15.475000381469727,11.91882610321045,6350600
2004-07-22,15.454999923706055,15.604999542236328,15.364999771118164,15.520000457763672,11.953487396240234,5852000
2004-07-23,15.425000190734863,15.539999961853027,15.270000457763672,15.274999618530273,11.764781951904297,5745800
2004-07-26,15.300000190734863,15.425000190734863,14.899999618530273,15.055000305175781,11.595342636108398,4655000
2004-07-27,15.0600004196167,15.649999618530273,15.015000343322754,15.444999694824219,11.895723342895508,5802800
2004-07-28,15.53499984741211,15.75,15.515000343322754,15.600000381469727,12.01509952545166,5855600
2004-07-29,15.65999984741211,15.864999771118164,15.460000038146973,15.739999771118164,12.122929573059082,4457000
2004-07-30,15.789999961853027,15.949999809265137,15.75,15.875,12.226906776428223,4294000
2004-08-02,15.765000343322754,15.824999809265137,15.505000114440918,15.649999618530273,12.053613662719727,3797200
2004-08-03,15.595000267028809,15.925000190734863,15.595000267028809,15.6899995803833,12.084419250488281,5824400
2004-08-04,15.640000343322754,15.694999694824219,15.270000457763672,15.3149995803833,11.79559326171875,5250800
2004-08-05,15.300000190734863,15.399999618530273,15.010000228881836,15.055000305175781,11.595342636108398,6085400
2004-08-06,15.010000228881836,15.069999694824219,14.729999542236328,14.835000038146973,11.425898551940918,8335600
2004-08-09,14.78499984741211,15.104999542236328,14.774999618530273,14.949999809265137,11.514472961425781,4586000
2004-08-10,14.954999923706055,15.03499984741211,14.779999732971191,14.914999961853027,11.487516403198242,3936200
2004-08-11,14.75,14.864999771118164,14.460000038146973,14.545000076293945,11.20254135131836,9748400
2004-08-12,14.475000381469727,14.579999923706055,14.109999656677246,14.145000457763672,10.894463539123535,10311200
2004-08-13,14.145000457763672,14.229999542236328,14.039999961853027,14.039999961853027,10.813591003417969,7269200
2004-08-16,14.039999961853027,14.074999809265137,13.824999809265137,13.895000457763672,10.701910972595215,10702200
2004-08-17,13.899999618530273,13.925000190734863,13.225000381469727,13.649999618530273,10.513212203979492,29539400
2004-08-18,13.875,14.199999809265137,13.779999732971191,14.100000381469727,10.8598051071167,13586000
2004-08-19,14.175000190734863,14.375,14.0600004196167,14.100000381469727,10.8598051071167,7280400
2004-08-20,14.199999809265137,14.595000267028809,14.194999694824219,14.375,11.071606636047363,8440800
2004-08-23,14.475000381469727,14.475000381469727,14.1899995803833,14.1899995803833,10.929118156433105,4629800
2004-08-24,14.225000381469727,14.274999618530273,13.9350004196167,14.100000381469727,10.8598051071167,5099200
2004-08-25,14.149999618530273,14.225000381469727,13.994999885559082,14.199999809265137,10.936820983886719,5679800
2004-08-26,14.15999984741211,14.470000267028809,14.145000457763672,14.395000457763672,11.08700942993164,4681400
2004-08-27,14.390000343322754,14.53499984741211,14.319999694824219,14.475000381469727,11.148627281188965,3996000
2004-08-30,14.475000381469727,14.550000190734863,14.399999618530273,14.505000114440918,11.171731948852539,5683000
2004-08-31,14.350000381469727,14.635000228881836,14.345000267028809,14.585000038146973,11.281964302062988,5081600
2004-09-01,14.614999771118164,14.949999809265137,14.529999732971191,14.9399995803833,11.556563377380371,6934800
2004-09-02,14.96500015258789,14.989999771118164,14.710000038146973,14.850000381469727,11.486946105957031,4775200
2004-09-03,14.8100004196167,15.21500015258789,14.779999732971191,15.0600004196167,11.649386405944824,5116600
2004-09-07,15.020000457763672,15.020000457763672,14.635000228881836,14.734999656677246,11.397989273071289,10888800
2004-09-08,14.6899995803833,15.020000457763672,14.670000076293945,14.954999923706055,11.568171501159668,7987800
2004-09-09,14.954999923706055,15.229999542236328,14.9399995803833,15.1850004196167,11.74608039855957,5679200
2004-09-10,15.175000190734863,15.229999542236328,15.03499984741211,15.154999732971191,11.72287654876709,6058400
2004-09-13,15.239999771118164,15.444999694824219,15.180000305175781,15.380000114440918,11.896918296813965,5891600
2004-09-14,15.3100004196167,15.460000038146973,15.229999542236328,15.364999771118164,11.885315895080566,3900600
2004-09-15,15.279999732971191,15.670000076293945,15.255000114440918,15.454999923706055,11.954935073852539,9207800
2004-09-16,15.460000038146973,15.619999885559082,15.390000343322754,15.539999961853027,12.020684242248535,4921200
2004-09-17,15.600000381469727,15.78499984741211,15.520000457763672,15.760000228881836,12.190861701965332,5992600
2004-09-20,15.760000228881836,15.914999961853027,15.720000267028809,15.795000076293945,12.217931747436523,8939600
2004-09-21,15.779999732971191,16.170000076293945,15.699999809265137,16.135000228881836,12.480937004089355,11148200
2004-09-22,16.024999618530273,16.219999313354492,15.890000343322754,16.030000686645508,12.399713516235352,8455800
2004-09-23,16.239999771118164,16.239999771118164,15.90999984741211,16.1200008392334,12.46933364868164,10935400
2004-09-24,16.100000381469727,16.854999542236328,16.09000015258789,16.790000915527344,12.987604141235352,17199200
2004-09-27,16.790000915527344,16.989999771118164,16.604999542236328,16.610000610351562,12.848363876342773,9697600
2004-09-28,16.75,16.975000381469727,16.55500030517578,16.864999771118164,13.045616149902344,8872200
2004-09-29,16.764999389648438,16.94499969482422,16.524999618530273,16.600000381469727,12.84062671661377,7047400
2004-09-30,16.639999389648438,16.950000762939453,16.625,16.844999313354492,13.030145645141602,6311000
2004-10-01,16.844999313354492,17.34000015258789,16.75,17.200000762939453,13.304746627807617,7899000
2004-10-04,17.190000534057617,17.295000076293945,16.8700008392334,16.934999465942383,13.099757194519043,7426800
2004-10-05,17.024999618530273,17.110000610351562,16.8799991607666,16.985000610351562,13.138442039489746,8834000
2004-10-06,17.040000915527344,17.40999984741211,17.03499984741211,17.395000457763672,13.455587387084961,7842800
2004-10-07,17.649999618530273,18.0049991607666,17.3799991607666,17.524999618530273,13.556145668029785,12812800
2004-10-08,17.524999618530273,17.860000610351562,17.524999618530273,17.684999465942383,13.679910659790039,11519400
2004-10-11,17.725000381469727,17.770000457763672,17.155000686645508,17.19499969482422,13.300882339477539,8830400
2004-10-12,17.18000030517578,17.280000686645508,16.969999313354492,17.049999237060547,13.188713073730469,6968000
2004-10-13,17.100000381469727,17.100000381469727,16.540000915527344,16.889999389648438,13.064950942993164,11135600
2004-10-14,17.014999389648438,17.385000228881836,16.9950008392334,17.219999313354492,13.320216178894043,8392600
2004-10-15,17.34000015258789,17.354999542236328,17.049999237060547,17.155000686645508,13.269940376281738,5641400
2004-10-18,17.155000686645508,17.229999542236328,16.80500030517578,16.854999542236328,13.037878036499023,6800600
2004-10-19,16.815000534057617,17.014999389648438,16.704999923706055,16.770000457763672,12.972126960754395,6824000
2004-10-20,16.84000015258789,17.329999923706055,16.770000457763672,17.309999465942383,13.389832496643066,7892000
2004-10-21,17.344999313354492,17.600000381469727,17.260000228881836,17.375,13.440113067626953,8893600
2004-10-22,17.3799991607666,17.520000457763672,17.200000762939453,17.219999313354492,13.320216178894043,6581800
2004-10-25,17.21500015258789,17.2549991607666,16.860000610351562,17.174999237060547,13.285411834716797,7183400
2004-10-26,17.549999237060547,17.875,17.5,17.864999771118164,13.819140434265137,13452800
2004-10-27,17.924999237060547,18.985000610351562,17.924999237060547,18.360000610351562,14.202046394348145,31657800
2004-10-28,18.209999084472656,18.649999618530273,17.9950008392334,18.125,14.020268440246582,17591000
2004-10-29,18.1200008392334,18.540000915527344,17.875,18.520000457763672,14.325810432434082,12729600
2004-11-01,18.565000534057617,18.68000030517578,18.260000228881836,18.3700008392334,14.209783554077148,10425200
2004-11-02,18.31999969482422,18.385000228881836,17.725000381469727,17.770000457763672,13.745661735534668,10942000
2004-11-03,18.600000381469727,19.075000762939453,18.1299991607666,18.540000915527344,14.341288566589355,14869000
2004-11-04,18.600000381469727,18.75,18.424999237060547,18.450000762939453,14.27165699005127,10912600
2004-11-05,18.674999237060547,18.75,18.420000076293945,18.46500015258789,14.283258438110352,9566400
2004-11-08,18.46500015258789,18.46500015258789,18.065000534057617,18.204999923706055,14.08214282989502,7997800
2004-11-09,18.209999084472656,18.489999771118164,18.084999084472656,18.19499969482422,14.074406623840332,7345400
2004-11-10,18.200000762939453,18.674999237060547,18.094999313354492,18.655000686645508,14.430237770080566,13751000
2004-11-11,18.700000762939453,18.790000915527344,18.600000381469727,18.639999389648438,14.418631553649902,8316400
2004-11-12,18.625,19.084999084472656,18.55500030517578,19.0,14.69710636138916,7282800
2004-11-15,19.0,19.0,18.2549991607666,18.5049991607666,14.314213752746582,8811400
2004-11-16,18.584999084472656,18.799999237060547,18.540000915527344,18.704999923706055,14.468911170959473,7423600
2004-11-17,18.704999923706055,18.989999771118164,18.665000915527344,18.924999237060547,14.63908863067627,8438800
2004-11-18,19.049999237060547,19.475000381469727,19.024999618530273,19.46500015258789,15.05679988861084,12657000
2004-11-19,19.655000686645508,20.155000686645508,19.540000915527344,19.915000915527344,15.404891967773438,13726800
2004-11-22,19.96500015258789,20.125,19.704999923706055,19.989999771118164,15.462898254394531,8201000
2004-11-23,19.9950008392334,20.524999618530273,19.915000915527344,20.235000610351562,15.652410507202148,9476800
2004-11-24,20.299999237060547,20.415000915527344,19.920000076293945,20.395000457763672,15.776185989379883,8150200
2004-11-26,20.375,20.545000076293945,20.299999237060547,20.420000076293945,15.795525550842285,1934200
2004-11-29,20.540000915527344,20.639999389648438,20.264999389648438,20.479999542236328,15.890565872192383,8569200
2004-11-30,20.600000381469727,20.844999313354492,20.514999389648438,20.674999237060547,16.04186248779297,8767000
2004-12-01,20.204999923706055,20.600000381469727,19.815000534057617,19.924999237060547,15.45993709564209,14013400
2004-12-02,19.924999237060547,19.924999237060547,19.190000534057617,19.30500030517578,14.978873252868652,13886000
2004-12-03,19.0,19.614999771118164,18.940000534057617,19.3700008392334,15.029312133789062,14813800
2004-12-06,19.625,19.739999771118164,19.334999084472656,19.559999465942383,15.176734924316406,10144200
2004-12-07,19.594999313354492,19.704999923706055,19.19499969482422,19.225000381469727,14.916799545288086,8282800
2004-12-08,19.225000381469727,19.479999542236328,18.829999923706055,19.174999237060547,14.878009796142578,6146800
2004-12-09,19.25,19.780000686645508,19.25,19.690000534057617,15.277603149414062,6492200
2004-12-10,19.9950008392334,19.9950008392334,19.204999923706055,19.235000610351562,14.924566268920898,7762600
2004-12-13,19.290000915527344,19.614999771118164,19.28499984741211,19.420000076293945,15.068110466003418,7169200
2004-12-14,19.635000228881836,19.950000762939453,19.55500030517578,19.78499984741211,15.351317405700684,8324000
2004-12-15,19.834999084472656,20.09000015258789,19.600000381469727,20.09000015258789,15.58796501159668,7893000
2004-12-16,19.96500015258789,20.084999084472656,19.709999084472656,19.739999771118164,15.316398620605469,7880800
2004-12-17,19.7549991607666,19.93000030517578,19.559999465942383,19.6200008392334,15.223291397094727,8210600
2004-12-20,19.6200008392334,19.799999237060547,19.545000076293945,19.635000228881836,15.234931945800781,6069800
2004-12-21,19.700000762939453,20.024999618530273,19.68000030517578,19.989999771118164,15.510370254516602,6707200
2004-12-22,19.93000030517578,20.125,19.565000534057617,19.799999237060547,15.362954139709473,7604000
2004-12-23,19.834999084472656,19.940000534057617,19.704999923706055,19.899999618530273,15.44054126739502,4340000
2004-12-27,19.899999618530273,19.920000076293945,19.43000030517578,19.43000030517578,15.07586669921875,4588600
2004-12-28,19.55500030517578,19.670000076293945,19.5049991607666,19.645000457763672,15.242684364318848,4023600
2004-12-29,19.649999618530273,19.924999237060547,19.545000076293945,19.834999084472656,15.390103340148926,4467800
2004-12-30,19.78499984741211,19.80500030517578,19.579999923706055,19.635000228881836,15.234931945800781,3472200
2004-12-31,19.709999084472656,19.780000686645508,19.610000610351562,19.6200008392334,15.223291397094727,3187400
2005-01-03,19.375,19.43000030517578,18.969999313354492,19.010000228881836,14.749982833862305,9752000
2005-01-04,19.225000381469727,19.399999618530273,19.020000457763672,19.030000686645508,14.765508651733398,8532800
2005-01-05,19.030000686645508,19.219999313354492,18.600000381469727,18.790000915527344,14.579283714294434,11291200
2005-01-06,18.790000915527344,19.21500015258789,18.59000015258789,19.125,14.839217185974121,10787600
2005-01-07,19.125,19.125,18.639999389648438,18.989999771118164,14.734460830688477,7503600
2005-01-10,19.09000015258789,19.200000762939453,18.854999542236328,18.920000076293945,14.680156707763672,8750600
2005-01-11,18.905000686645508,19.114999771118164,18.790000915527344,19.094999313354492,14.815935134887695,6976400
2005-01-12,19.100000381469727,19.774999618530273,19.045000076293945,19.760000228881836,15.331916809082031,11863400
2005-01-13,19.834999084472656,20.459999084472656,19.815000534057617,20.299999237060547,15.750897407531738,21535800
2005-01-14,20.450000762939453,20.68000030517578,20.125,20.649999618530273,16.02246856689453,14495000
2005-01-18,20.875,21.014999389648438,20.80500030517578,20.90999984741211,16.224210739135742,14418600
2005-01-19,20.885000228881836,21.2450008392334,20.850000381469727,21.100000381469727,16.37162971496582,11362400
2005-01-20,21.100000381469727,21.200000762939453,20.75,20.895000457763672,16.212560653686523,11159800
2005-01-21,20.989999771118164,21.21500015258789,20.895000457763672,20.899999618530273,16.21645164489746,11997000
2005-01-24,21.100000381469727,21.625,21.0,21.0,16.294036865234375,11955800
2005-01-25,21.364999771118164,21.479999542236328,21.024999618530273,21.299999237060547,16.526805877685547,13925200
2005-01-26,21.415000915527344,21.46500015258789,21.165000915527344,21.3700008392334,16.58112335205078,28287000
2005-01-27,21.3700008392334,21.790000915527344,21.329999923706055,21.7549991607666,16.879850387573242,10535800
2005-01-28,21.03499984741211,21.200000762939453,20.209999084472656,20.420000076293945,15.844019889831543,29944800
2005-01-31,20.0,20.614999771118164,19.75,20.565000534057617,15.956521034240723,28627800
2005-02-01,20.56999969482422,20.700000762939453,20.274999618530273,20.469999313354492,15.882810592651367,10650600
2005-02-02,20.649999618530273,20.774999618530273,20.399999618530273,20.774999618530273,16.119457244873047,10735600
2005-02-03,20.774999618530273,20.899999618530273,20.520000457763672,20.889999389648438,16.20868682861328,10811400
2005-02-04,20.875,21.059999465942383,20.7549991607666,20.985000610351562,16.282400131225586,9162600
2005-02-07,20.875,21.024999618530273,20.260000228881836,20.4950008392334,15.902199745178223,6657000
2005-02-08,20.4950008392334,20.700000762939453,20.315000534057617,20.479999542236328,15.890565872192383,6616600
2005-02-09,20.40999984741211,20.649999618530273,20.174999237060547,20.334999084472656,15.778058052062988,8081200
2005-02-10,20.600000381469727,21.014999389648438,20.524999618530273,21.0,16.294036865234375,9719000
2005-02-11,21.024999618530273,21.1200008392334,20.850000381469727,20.950000762939453,16.255239486694336,8995400
2005-02-14,20.889999389648438,21.0,20.655000686645508,20.709999084472656,16.06902313232422,7112400
2005-02-15,20.700000762939453,20.885000228881836,20.540000915527344,20.68000030517578,16.045747756958008,7689600
2005-02-16,20.80500030517578,21.299999237060547,20.719999313354492,21.229999542236328,16.472488403320312,9630000
2005-02-17,21.21500015258789,21.389999389648438,20.875,20.895000457763672,16.212560653686523,8989600
2005-02-18,21.014999389648438,21.34000015258789,20.93000030517578,21.2450008392334,16.48413848876953,7921800
2005-02-22,21.25,21.6200008392334,21.049999237060547,21.065000534057617,16.344478607177734,10560600
2005-02-23,20.975000381469727,21.56999969482422,20.969999313354492,21.549999237060547,16.72079086303711,8150200
2005-02-24,21.575000762939453,21.774999618530273,21.264999389648438,21.770000457763672,16.891489028930664,9370400
2005-02-25,21.450000762939453,22.3799991607666,21.450000762939453,22.375,17.360904693603516,10604600
2005-02-28,22.375,22.645000457763672,21.834999084472656,21.985000610351562,17.05830955505371,11257800
2005-03-01,21.875,21.989999771118164,21.3799991607666,21.424999237060547,16.671192169189453,10382800
2005-03-02,21.424999237060547,22.049999237060547,21.2549991607666,21.8700008392334,17.0174617767334,9062400
2005-03-03,22.014999389648438,22.235000610351562,21.889999389648438,22.040000915527344,17.149736404418945,9607200
2005-03-04,22.225000381469727,22.5,22.0,22.399999618530273,17.42986488342285,9150200
2005-03-07,22.399999618530273,22.399999618530273,21.834999084472656,21.885000228881836,17.029130935668945,10768400
2005-03-08,21.889999389648438,22.040000915527344,21.649999618530273,21.709999084472656,16.89295768737793,8112000
2005-03-09,21.834999084472656,21.899999618530273,21.059999465942383,21.065000534057617,16.39107322692871,11037000
2005-03-10,21.0,21.0049991607666,20.43000030517578,20.5049991607666,15.95531940460205,16841800
2005-03-11,20.125,20.665000915527344,20.05500030517578,20.190000534057617,15.710217475891113,16989400
2005-03-14,20.225000381469727,21.149999618530273,20.0,21.0,16.340496063232422,16115000
2005-03-15,21.100000381469727,21.520000457763672,20.770000457763672,20.770000457763672,16.16152572631836,14628800
2005-03-16,20.774999618530273,21.100000381469727,20.5,20.950000762939453,16.301584243774414,12370400
2005-03-17,21.350000381469727,21.69499969482422,21.149999618530273,21.309999465942383,16.581710815429688,19935400
2005-03-18,21.399999618530273,21.959999084472656,21.350000381469727,21.959999084472656,17.087486267089844,35594600
2005-03-21,22.0,22.0,21.510000228881836,21.770000457763672,16.939645767211914,14493200
2005-03-22,21.950000762939453,22.204999923706055,21.69499969482422,21.729999542236328,16.90852165222168,13378400
2005-03-23,21.649999618530273,21.649999618530273,20.834999084472656,20.940000534057617,16.293813705444336,17170600
2005-03-24,21.174999237060547,21.424999237060547,21.030000686645508,21.030000686645508,16.36383819580078,9652600
2005-03-28,21.104999542236328,21.395000457763672,21.06999969482422,21.260000228881836,16.542802810668945,6707000
2005-03-29,21.260000228881836,21.399999618530273,20.725000381469727,20.739999771118164,16.13818359375,8878600
2005-03-30,21.0,21.100000381469727,20.325000762939453,21.06999969482422,16.394960403442383,12226200
2005-03-31,21.424999237060547,21.674999237060547,21.3700008392334,21.625,16.826812744140625,15898400
2005-04-01,22.0,22.325000762939453,21.864999771118164,22.325000762939453,17.371498107910156,13668800
2005-04-04,22.485000610351562,22.614999771118164,22.18000030517578,22.450000762939453,17.468765258789062,19457200
2005-04-05,22.44499969482422,22.600000381469727,22.014999389648438,22.225000381469727,17.293689727783203,12179000
2005-04-06,22.350000381469727,22.799999237060547,22.229999542236328,22.774999618530273,17.72165298461914,14779200
2005-04-07,22.959999084472656,23.1299991607666,22.399999618530273,22.55500030517578,17.550466537475586,16052800
2005-04-08,22.59000015258789,22.68000030517578,22.15999984741211,22.165000915527344,17.247007369995117,8811400
2005-04-11,22.125,22.479999542236328,21.875,22.295000076293945,17.348154067993164,9322800
2005-04-12,22.299999237060547,22.34000015258789,21.625,21.969999313354492,17.095272064208984,10322400
2005-04-13,21.899999618530273,22.100000381469727,21.315000534057617,21.3799991607666,16.63617515563965,15370200
2005-04-14,21.5049991607666,21.725000381469727,21.165000915527344,21.174999237060547,16.476665496826172,15086600
2005-04-15,21.25,21.420000076293945,20.125,20.299999237060547,15.795802116394043,17978400
2005-04-18,20.260000228881836,20.7549991607666,20.25,20.59000015258789,16.02147102355957,11680600
2005-04-19,20.94499969482422,21.4950008392334,20.899999618530273,21.420000076293945,16.66730308532715,12110200
2005-04-20,21.389999389648438,21.829999923706055,20.850000381469727,20.899999618530273,16.26267433166504,11102400
2005-04-21,21.020000457763672,21.665000915527344,20.905000686645508,21.665000915527344,16.857946395874023,8252600
2005-04-22,21.905000686645508,22.225000381469727,21.55500030517578,21.920000076293945,17.056365966796875,14145800
2005-04-25,22.15999984741211,22.399999618530273,21.9950008392334,22.100000381469727,17.19641876220703,13732800
2005-04-26,22.209999084472656,22.3700008392334,22.010000228881836,22.09000015258789,17.188640594482422,15236400
2005-04-27,22.125,22.125,21.299999237060547,21.3799991607666,16.63617515563965,14007400
2005-04-28,21.325000762939453,21.325000762939453,20.65999984741211,20.774999618530273,16.16541862487793,14522200
2005-04-29,21.0,21.200000762939453,20.469999313354492,20.795000076293945,16.180973052978516,9524000
2005-05-02,20.795000076293945,21.434999465942383,20.725000381469727,21.389999389648438,16.643957138061523,7820200
2005-05-03,21.3700008392334,21.3700008392334,20.950000762939453,20.96500015258789,16.313262939453125,11493000
2005-05-04,21.014999389648438,21.459999084472656,20.875,21.100000381469727,16.41830825805664,9403800
2005-05-05,21.165000915527344,21.584999084472656,21.125,21.28499984741211,16.562253952026367,8031200
2005-05-06,21.440000534057617,21.75,21.200000762939453,21.2450008392334,16.53113555908203,6007000
2005-05-09,21.264999389648438,21.639999389648438,21.219999313354492,21.575000762939453,16.78791046142578,6058400
2005-05-10,21.575000762939453,21.65999984741211,21.010000228881836,21.084999084472656,16.406627655029297,7241600
2005-05-11,21.084999084472656,21.344999313354492,20.985000610351562,21.30500030517578,16.57781982421875,6381600
2005-05-12,21.30500030517578,21.584999084472656,20.31999969482422,20.329999923706055,15.8191499710083,16820200
2005-05-13,20.520000457763672,20.700000762939453,20.05500030517578,20.450000762939453,15.912531852722168,16612400
2005-05-16,20.450000762939453,20.545000076293945,19.825000762939453,20.350000381469727,15.83471965789795,14490000
2005-05-17,20.350000381469727,20.760000228881836,20.344999313354492,20.7549991607666,16.14984703063965,9388200
2005-05-18,20.8700008392334,21.15999984741211,20.274999618530273,20.389999389648438,15.865839004516602,13329000
2005-05-19,20.399999618530273,20.93000030517578,20.334999084472656,20.649999618530273,16.06815528869629,8674200
2005-05-20,20.7549991607666,21.0,20.709999084472656,20.864999771118164,16.235450744628906,8021600
2005-05-23,20.920000076293945,21.170000076293945,20.899999618530273,20.985000610351562,16.32881736755371,9702200
2005-05-24,21.014999389648438,21.21500015258789,20.950000762939453,21.149999618530273,16.457216262817383,5461800
2005-05-25,21.155000686645508,21.510000228881836,20.899999618530273,21.350000381469727,16.612834930419922,6797800
2005-05-26,21.604999542236328,21.610000610351562,21.18000030517578,21.329999923706055,16.597278594970703,4992600
2005-05-27,21.43000030517578,21.649999618530273,21.3700008392334,21.600000381469727,16.807361602783203,4692600
2005-05-31,21.56999969482422,21.56999969482422,21.149999618530273,21.3700008392334,16.676651000976562,5528800
2005-06-01,21.459999084472656,21.920000076293945,21.450000762939453,21.635000228881836,16.88344955444336,6270600
2005-06-02,21.639999389648438,21.795000076293945,21.0,21.520000457763672,16.7937068939209,5437200
2005-06-03,21.56999969482422,21.940000534057617,21.56999969482422,21.704999923706055,16.938074111938477,5706000
2005-06-06,21.825000762939453,21.954999923706055,21.510000228881836,21.93000030517578,17.113658905029297,7848200
2005-06-07,21.93000030517578,22.174999237060547,21.594999313354492,21.610000610351562,16.863948822021484,7501200
2005-06-08,21.610000610351562,22.149999618530273,21.40999984741211,21.594999313354492,16.852231979370117,8650000
2005-06-09,21.594999313354492,22.364999771118164,21.575000762939453,22.30500030517578,17.40630531311035,9256600
2005-06-10,22.30500030517578,22.610000610351562,22.15999984741211,22.399999618530273,17.48044204711914,7590600
2005-06-13,22.200000762939453,22.545000076293945,22.075000762939453,22.40999984741211,17.488237380981445,4848200
2005-06-14,22.424999237060547,22.790000915527344,22.424999237060547,22.600000381469727,17.636520385742188,8479000
2005-06-15,22.725000381469727,22.799999237060547,22.46500015258789,22.649999618530273,17.6755313873291,5730000
2005-06-16,22.71500015258789,22.959999084472656,22.674999237060547,22.954999923706055,17.913543701171875,6018800
2005-06-17,23.125,23.25,22.8700008392334,23.19499969482422,18.1008358001709,11080800
2005-06-20,23.21500015258789,23.43000030517578,22.950000762939453,23.155000686645508,18.069622039794922,5976000
2005-06-21,23.155000686645508,23.155000686645508,22.795000076293945,23.079999923706055,18.011093139648438,9675600
2005-06-22,23.219999313354492,23.764999389648438,23.200000762939453,23.700000762939453,18.494924545288086,12971600
2005-06-23,23.875,24.364999771118164,23.7549991607666,24.084999084472656,18.795368194580078,15603400
2005-06-24,24.239999771118164,24.395000457763672,24.059999465942383,24.059999465942383,18.775859832763672,14396800
2005-06-27,24.334999084472656,24.69499969482422,24.25,24.5,19.119232177734375,11225400
2005-06-28,24.415000915527344,24.415000915527344,23.875,23.940000534057617,18.68221092224121,9326000
2005-06-29,23.979999542236328,24.325000762939453,23.80500030517578,23.96500015258789,18.70172691345215,8312200
2005-06-30,23.799999237060547,24.399999618530273,23.7450008392334,23.90999984741211,18.65880584716797,12430400
2005-07-01,24.125,24.15999984741211,23.889999389648438,24.049999237060547,18.768049240112305,5251000
2005-07-05,24.114999771118164,24.8700008392334,24.09000015258789,24.81999969482422,19.36894989013672,8460200
2005-07-06,24.979999542236328,25.0,24.299999237060547,24.354999542236328,19.00608253479004,9219200
2005-07-07,24.299999237060547,24.5049991607666,24.0,24.5,19.119232177734375,9630400
2005-07-08,24.604999542236328,24.71500015258789,24.1200008392334,24.18000030517578,18.8695125579834,6934000
2005-07-11,24.184999465942383,24.4950008392334,23.799999237060547,24.40999984741211,19.048992156982422,7602800
2005-07-12,24.5,24.75,24.170000076293945,24.510000228881836,19.127038955688477,7458800
2005-07-13,24.625,24.645000457763672,24.174999237060547,24.21500015258789,18.896818161010742,7964200
2005-07-14,24.225000381469727,24.375,23.2450008392334,23.53499984741211,18.366168975830078,13112600
2005-07-15,23.69499969482422,23.760000228881836,23.28499984741211,23.34000015258789,18.213991165161133,10533000
2005-07-18,23.204999923706055,23.489999771118164,22.8799991607666,23.209999084472656,18.112548828125,9143400
2005-07-19,23.670000076293945,24.6200008392334,23.424999237060547,24.6200008392334,19.212873458862305,12075000
2005-07-20,24.575000762939453,24.645000457763672,24.225000381469727,24.434999465942383,19.06850242614746,10422000
2005-07-21,24.524999618530273,24.75,24.084999084472656,24.350000381469727,19.002174377441406,8776000
2005-07-22,25.475000381469727,26.924999237060547,25.25,26.645000457763672,20.793127059936523,40543000
2005-07-25,26.850000381469727,27.94499969482422,26.825000762939453,27.43000030517578,21.405742645263672,33595600
2005-07-26,27.829999923706055,28.0049991607666,27.520000457763672,27.889999389648438,21.76470947265625,21086800
2005-07-27,28.010000228881836,28.299999237060547,27.795000076293945,28.174999237060547,21.98712158203125,13137200
2005-07-28,28.299999237060547,28.399999618530273,27.875,28.1299991607666,21.95199203491211,10527200
2005-07-29,28.1299991607666,28.25,27.8799991607666,28.024999618530273,21.870058059692383,11337000
2005-08-01,28.225000381469727,28.530000686645508,28.094999313354492,28.364999771118164,22.135391235351562,8156800
2005-08-02,28.524999618530273,29.325000762939453,28.5,29.31999969482422,22.880643844604492,14243600
2005-08-03,29.5,29.69499969482422,29.280000686645508,29.3700008392334,22.91966438293457,15680200
2005-08-04,29.3700008392334,29.9950008392334,29.30500030517578,29.594999313354492,23.09524917602539,10938800
2005-08-05,29.889999389648438,29.889999389648438,28.989999771118164,29.209999084472656,22.794815063476562,11724200
2005-08-08,29.625,29.825000762939453,29.2549991607666,29.30500030517578,22.868934631347656,12760800
2005-08-09,29.354999542236328,29.3700008392334,28.950000762939453,29.174999237060547,22.767486572265625,8623800
2005-08-10,29.329999923706055,29.815000534057617,29.125,29.53499984741211,23.048429489135742,10567400
2005-08-11,29.594999313354492,29.954999923706055,29.475000381469727,29.90999984741211,23.341066360473633,10695200
2005-08-12,29.975000381469727,30.094999313354492,29.40999984741211,29.40999984741211,22.950878143310547,9767800
2005-08-15,29.420000076293945,29.4950008392334,29.045000076293945,29.125,22.72847557067871,7202400
2005-08-16,29.125,29.434999465942383,28.450000762939453,28.530000686645508,22.264148712158203,8600400
2005-08-17,28.530000686645508,28.940000534057617,27.780000686645508,27.899999618530273,21.77250862121582,13127800
2005-08-18,27.780000686645508,28.104999542236328,27.469999313354492,27.719999313354492,21.632036209106445,10891200
2005-08-19,28.094999313354492,28.290000915527344,27.93000030517578,28.235000610351562,22.033937454223633,6949600
2005-08-22,28.540000915527344,28.645000457763672,28.045000076293945,28.485000610351562,22.229034423828125,9613400
2005-08-23,28.625,28.649999618530273,28.1200008392334,28.4950008392334,22.23682975769043,9266200
2005-08-24,28.6200008392334,29.43000030517578,28.5049991607666,29.280000686645508,22.84942054748535,16957200
2005-08-25,29.28499984741211,29.28499984741211,28.75,28.834999084472656,22.502164840698242,8089400
2005-08-26,28.864999771118164,29.094999313354492,28.625,28.6299991607666,22.342180252075195,7818800
2005-08-29,28.700000762939453,29.860000610351562,28.700000762939453,28.899999618530273,22.552886962890625,13563800
2005-08-30,29.09000015258789,29.96500015258789,29.09000015258789,29.920000076293945,23.348878860473633,15176800
2005-08-31,30.0,31.0,29.975000381469727,31.0,24.242319107055664,22211200
2005-09-01,31.235000610351562,31.719999313354492,31.024999618530273,31.579999923706055,24.695886611938477,18635600
2005-09-02,31.489999771118164,31.575000762939453,31.065000534057617,31.155000686645508,24.363534927368164,10481600
2005-09-06,31.405000686645508,32.44499969482422,31.25,32.40999984741211,25.34494972229004,17152800
2005-09-07,32.40999984741211,32.595001220703125,31.889999389648438,32.099998474121094,25.102527618408203,12633200
2005-09-08,32.255001068115234,32.540000915527344,32.04999923706055,32.23500061035156,25.208099365234375,10392200
2005-09-09,32.4900016784668,33.060001373291016,32.369998931884766,33.04999923706055,25.845441818237305,11664200
2005-09-12,32.810001373291016,32.84000015258789,31.774999618530273,31.799999237060547,24.86792755126953,14924400
2005-09-13,31.875,32.25,31.295000076293945,31.350000381469727,24.516023635864258,14254800
2005-09-14,31.520000457763672,32.22999954223633,31.44499969482422,31.674999237060547,24.770166397094727,12500400
2005-09-15,31.899999618530273,32.20000076293945,31.6299991607666,32.15999984741211,25.14945411682129,10077200
2005-09-16,32.255001068115234,32.595001220703125,31.985000610351562,32.5,25.41532325744629,13861600
2005-09-19,32.91999816894531,33.720001220703125,32.89500045776367,33.3650016784668,26.09177017211914,14745800
2005-09-20,33.16999816894531,33.46500015258789,32.84000015258789,32.96500015258789,25.778972625732422,10049800
2005-09-21,33.529998779296875,33.54999923706055,32.70500183105469,33.125,25.904090881347656,14948200
2005-09-22,33.599998474121094,33.599998474121094,32.095001220703125,32.599998474121094,25.4935359954834,12411800
2005-09-23,32.654998779296875,32.79999923706055,32.15999984741211,32.505001068115234,25.41924476623535,11775400
2005-09-26,32.505001068115234,33.595001220703125,32.35499954223633,33.595001220703125,26.27164077758789,13307800
2005-09-27,33.375,34.165000915527344,33.130001068115234,34.05500030517578,26.631364822387695,13313000
2005-09-28,34.209999084472656,34.75,33.95000076293945,34.68000030517578,27.1201229095459,12977600
2005-09-29,34.68000030517578,34.88999938964844,34.32500076293945,34.70000076293945,27.135759353637695,15025000
2005-09-30,34.689998626708984,34.84000015258789,34.209999084472656,34.2599983215332,26.791669845581055,10636600
2005-10-03,34.439998626708984,34.685001373291016,34.150001525878906,34.459999084472656,26.94808006286621,7816800
2005-10-04,34.6349983215332,34.6349983215332,32.92499923706055,32.96500015258789,25.778972625732422,10650200
2005-10-05,32.96500015258789,33.064998626708984,31.1200008392334,31.1200008392334,24.336164474487305,24576000
2005-10-06,30.825000762939453,31.260000228881836,29.950000762939453,30.385000228881836,23.76137924194336,31493600
2005-10-07,30.899999618530273,31.399999618530273,30.420000076293945,31.354999542236328,24.519935607910156,14448000
2005-10-10,31.225000381469727,31.2549991607666,30.145000457763672,30.46500015258789,23.82394027709961,12459800
2005-10-11,30.774999618530273,31.290000915527344,30.774999618530273,30.889999389648438,24.156295776367188,8365200
2005-10-12,30.860000610351562,31.15999984741211,30.225000381469727,30.575000762939453,23.90996551513672,9998600
2005-10-13,30.325000762939453,30.44499969482422,28.860000610351562,29.739999771118164,23.25698471069336,20775000
2005-10-14,29.524999618530273,30.725000381469727,29.100000381469727,30.635000228881836,23.956880569458008,15895400
2005-10-17,30.950000762939453,31.19499969482422,30.575000762939453,30.649999618530273,23.968610763549805,10662800
2005-10-18,30.0,30.655000686645508,29.229999542236328,29.25,22.873802185058594,11761600
2005-10-19,29.030000686645508,29.895000457763672,28.25,29.7450008392334,23.260892868041992,21305800
2005-10-20,29.649999618530273,29.94499969482422,28.274999618530273,28.809999465942383,22.529714584350586,17317400
2005-10-21,28.389999389648438,29.454999923706055,28.375,29.024999618530273,22.69784927368164,14847800
2005-10-24,28.825000762939453,30.575000762939453,28.670000076293945,30.545000076293945,23.886505126953125,15557800
2005-10-25,29.799999237060547,30.375,28.81999969482422,29.700000762939453,23.2257080078125,38200600
2005-10-26,29.5,30.614999771118164,28.905000686645508,29.075000762939453,22.736955642700195,19722000
2005-10-27,29.395000457763672,29.395000457763672,27.350000381469727,27.549999237060547,21.544384002685547,25909000
2005-10-28,27.75,28.84000015258789,27.510000228881836,28.815000534057617,22.53363037109375,18548400
2005-10-31,28.815000534057617,29.80500030517578,28.760000228881836,29.549999237060547,23.108400344848633,15855600
2005-11-01,29.399999618530273,30.114999771118164,29.264999389648438,30.020000457763672,23.475950241088867,13233600
2005-11-02,29.889999389648438,31.649999618530273,29.875,31.475000381469727,24.613773345947266,17419000
2005-11-03,31.875,32.82500076293945,31.7450008392334,32.34000015258789,25.290210723876953,19955000
2005-11-04,32.34000015258789,32.34000015258789,30.44499969482422,30.55500030517578,23.894325256347656,21909600
2005-11-07,30.559999465942383,30.594999313354492,29.575000762939453,29.575000762939453,23.127944946289062,18913800
2005-11-08,29.75,29.790000915527344,29.010000228881836,29.5049991607666,23.073213577270508,17851000
2005-11-09,29.575000762939453,30.094999313354492,29.110000610351562,29.200000762939453,22.834699630737305,15749600
2005-11-10,29.075000762939453,29.079999923706055,27.94499969482422,28.0,21.896286010742188,18534000
2005-11-11,27.875,28.315000534057617,27.7450008392334,28.030000686645508,21.91975212097168,11845000
2005-11-14,28.360000610351562,28.739999771118164,28.18000030517578,28.6299991607666,22.38895034790039,11481800
2005-11-15,29.114999771118164,29.575000762939453,28.450000762939453,28.639999389648438,22.396778106689453,17416000
2005-11-16,28.639999389648438,29.7450008392334,28.420000076293945,29.7450008392334,23.260892868041992,16021200
2005-11-17,29.940000534057617,30.399999618530273,29.809999465942383,30.354999542236328,23.737913131713867,19202600
2005-11-18,30.385000228881836,30.690000534057617,30.014999389648438,30.684999465942383,23.995988845825195,13165200
2005-11-21,30.96500015258789,31.489999771118164,30.774999618530273,31.40999984741211,24.562944412231445,12328200
2005-11-22,31.78499984741211,32.76499938964844,31.78499984741211,32.650001525878906,25.53264045715332,19196800
2005-11-23,32.43000030517578,33.0,32.03499984741211,32.775001525878906,25.630386352539062,13004600
2005-11-25,32.5,32.9900016784668,32.380001068115234,32.5099983215332,25.423158645629883,3493800
2005-11-28,32.07500076293945,32.119998931884766,31.5,31.53499984741211,24.66069984436035,16005000
2005-11-29,31.790000915527344,31.975000381469727,31.100000381469727,31.204999923706055,24.45108413696289,12992600
2005-11-30,31.174999237060547,32.19499969482422,31.075000762939453,31.825000762939453,24.9368953704834,11979000
2005-12-01,32.125,32.650001525878906,31.905000686645508,32.650001525878906,25.583341598510742,9029800
2005-12-02,32.54999923706055,32.95000076293945,32.30500030517578,32.915000915527344,25.79098129272461,9576600
2005-12-05,33.25,33.334999084472656,32.474998474121094,32.599998474121094,25.54415512084961,12538000
2005-12-06,32.32500076293945,32.92499923706055,32.20000076293945,32.439998626708984,25.418792724609375,11197800
2005-12-07,32.625,32.974998474121094,32.084999084472656,32.38999938964844,25.379608154296875,11055000
2005-12-08,32.36000061035156,33.36000061035156,32.255001068115234,33.35499954223633,26.1357421875,12013200
2005-12-09,33.11000061035156,33.25,32.71500015258789,33.060001373291016,25.90460205078125,8827200
2005-12-12,33.334999084472656,33.584999084472656,32.92499923706055,33.47999954223633,26.23370361328125,7442600
2005-12-13,33.529998779296875,34.11000061035156,32.95000076293945,32.970001220703125,25.83408546447754,12629600
2005-12-14,33.0,33.35499954223633,32.65999984741211,33.27000045776367,26.06915283203125,13865600
2005-12-15,33.1349983215332,33.380001068115234,32.67499923706055,32.95000076293945,25.818405151367188,10447600
2005-12-16,33.11000061035156,33.1150016784668,31.81999969482422,31.860000610351562,24.964332580566406,15115800
2005-12-19,31.985000610351562,32.099998474121094,31.149999618530273,31.30500030517578,24.529441833496094,10873200
2005-12-20,31.485000610351562,32.23500061035156,31.084999084472656,31.7450008392334,24.874217987060547,9576800
2005-12-21,31.799999237060547,32.34000015258789,31.774999618530273,32.15999984741211,25.19940185546875,7463400
2005-12-22,32.255001068115234,32.46500015258789,32.025001525878906,32.084999084472656,25.140626907348633,7761600
2005-12-23,32.09000015258789,32.095001220703125,31.315000534057617,31.924999237060547,25.015260696411133,5988200
2005-12-27,31.5,31.530000686645508,30.545000076293945,30.780000686645508,24.118072509765625,10134800
2005-12-28,30.905000686645508,31.424999237060547,30.649999618530273,31.219999313354492,24.462844848632812,9943800
2005-12-29,30.899999618530273,31.360000610351562,30.674999237060547,30.719999313354492,24.071060180664062,7277400
2005-12-30,30.43000030517578,31.309999465942383,30.309999465942383,30.979999542236328,24.27479362487793,7826200
2006-01-03,31.584999084472656,32.68000030517578,31.350000381469727,32.66999816894531,25.59900665283203,12829000
2006-01-04,32.474998474121094,33.314998626708984,32.125,33.060001373291016,25.90460205078125,12937200
2006-01-05,32.900001525878906,33.06999969482422,31.9950008392334,32.29499816894531,25.305171966552734,13186200
2006-01-06,32.73500061035156,33.20000076293945,32.52000045776367,33.025001525878906,25.877178192138672,11441200
2006-01-09,33.029998779296875,33.40999984741211,32.60499954223633,33.31999969482422,26.108327865600586,10584200
2006-01-10,33.08000183105469,34.345001220703125,33.07500076293945,34.29999923706055,26.876222610473633,13366000
2006-01-11,34.0099983215332,35.505001068115234,33.89500045776367,35.04499816894531,27.459964752197266,19211000
2006-01-12,35.16999816894531,35.724998474121094,34.369998931884766,34.48500061035156,27.02117156982422,18220800
2006-01-13,34.2599983215332,35.029998779296875,34.22999954223633,34.775001525878906,27.248411178588867,11593800
2006-01-17,35.2400016784668,35.334999084472656,34.89500045776367,35.0,27.424713134765625,10676400
2006-01-18,35.0,35.30500030517578,34.26499938964844,34.70000076293945,27.189645767211914,11332200
2006-01-19,35.34000015258789,36.01499938964844,34.92499923706055,35.875,28.110326766967773,16959800
2006-01-20,36.75,37.95500183105469,36.5,37.75,29.57950210571289,33182600
2006-01-23,37.75,38.67499923706055,37.224998474121094,38.505001068115234,30.17108726501465,21242200
2006-01-24,38.5,38.505001068115234,37.61000061035156,37.974998474121094,29.75581169128418,20629800
2006-01-25,38.099998474121094,38.125,36.42499923706055,37.119998931884766,29.085872650146484,19951400
2006-01-26,37.125,37.619998931884766,36.0,37.57500076293945,29.442399978637695,22932200
2006-01-27,38.974998474121094,40.5,38.45000076293945,39.46500015258789,30.923315048217773,37531400
2006-01-30,40.314998626708984,41.19499969482422,40.290000915527344,40.43000030517578,31.679462432861328,21932800
2006-01-31,40.345001220703125,40.349998474121094,39.5099983215332,39.810001373291016,31.193655014038086,17974600
2006-02-01,40.150001525878906,40.845001220703125,39.20000076293945,39.474998474121094,30.931161880493164,21666800
2006-02-02,39.20000076293945,39.75,38.084999084472656,38.86000061035156,30.449268341064453,20781000
2006-02-03,39.0,39.40999984741211,38.17499923706055,38.70000076293945,30.323909759521484,17068000
2006-02-06,39.400001525878906,39.724998474121094,38.334999084472656,38.724998474121094,30.34348487854004,16515200
2006-02-07,38.25,38.255001068115234,36.39500045776367,36.4900016784668,28.59221839904785,20496600
2006-02-08,36.96500015258789,37.474998474121094,35.525001525878906,37.275001525878906,29.207326889038086,22506600
2006-02-09,37.83000183105469,37.83000183105469,36.125,36.23500061035156,28.392412185668945,19477400
2006-02-10,36.3849983215332,36.744998931884766,35.349998474121094,36.650001525878906,28.717592239379883,21746000
2006-02-13,36.650001525878906,36.98500061035156,35.814998626708984,36.17499923706055,28.345407485961914,14074400
2006-02-14,35.349998474121094,35.904998779296875,35.09000015258789,35.30500030517578,27.6636962890625,21202600
2006-02-15,35.474998474121094,35.599998474121094,33.849998474121094,34.30500030517578,26.88014030456543,22817600
2006-02-16,34.68000030517578,35.79999923706055,34.64500045776367,35.619998931884766,27.910520553588867,26372000
2006-02-17,36.0,36.43000030517578,34.939998626708984,35.04999923706055,27.463895797729492,21236000
2006-02-21,35.70000076293945,36.20500183105469,35.29999923706055,36.084999084472656,28.274873733520508,18791200
2006-02-22,35.75,35.95000076293945,35.18000030517578,35.3849983215332,27.726383209228516,13618000
2006-02-23,35.11000061035156,35.53499984741211,34.625,35.31999969482422,27.675453186035156,18150400
2006-02-24,35.915000915527344,36.04999923706055,35.53499984741211,35.61000061035156,27.90268325805664,9780600
2006-02-27,35.61000061035156,35.61000061035156,34.404998779296875,34.5,27.032934188842773,12968000
2006-02-28,34.5,34.724998474121094,33.775001525878906,34.0,26.699201583862305,14750200
2006-03-01,34.18000030517578,34.72999954223633,34.07500076293945,34.685001373291016,27.237092971801758,11024400
2006-03-02,34.875,36.334999084472656,34.82500076293945,35.845001220703125,28.148021697998047,19434600
2006-03-03,35.54999923706055,36.119998931884766,35.345001220703125,35.58000183105469,27.939931869506836,9710000
2006-03-06,35.45000076293945,35.47999954223633,34.224998474121094,34.27000045776367,26.911209106445312,12365800
2006-03-07,34.060001373291016,34.20000076293945,32.75,33.20000076293945,26.07098388671875,15421200
2006-03-08,32.8650016784668,33.599998474121094,32.470001220703125,33.46500015258789,26.279075622558594,17894200
2006-03-09,33.79999923706055,34.130001068115234,32.959999084472656,33.025001525878906,25.933557510375977,16210200
2006-03-10,33.029998779296875,33.9900016784668,32.57500076293945,33.5,26.306550979614258,14716400
2006-03-13,33.79999923706055,34.349998474121094,33.099998474121094,34.31999969482422,26.950477600097656,12899600
2006-03-14,34.380001068115234,34.89500045776367,33.71500015258789,34.779998779296875,27.311704635620117,12023000
2006-03-15,34.54999923706055,34.84000015258789,34.154998779296875,34.69499969482422,27.244951248168945,10858000
2006-03-16,34.65999984741211,35.584999084472656,34.45000076293945,35.45000076293945,27.83783721923828,13712600
2006-03-17,35.689998626708984,35.69499969482422,34.900001525878906,35.19499969482422,27.637598037719727,10941000
2006-03-20,35.150001525878906,35.67499923706055,34.244998931884766,34.244998931884766,26.891578674316406,11977400
2006-03-21,34.20000076293945,34.935001373291016,33.810001373291016,34.255001068115234,26.899433135986328,12427400
2006-03-22,34.3849983215332,35.084999084472656,34.20000076293945,34.5,27.091829299926758,10684200
2006-03-23,34.775001525878906,35.41999816894531,34.55500030517578,35.224998474121094,27.66114044189453,11354600
2006-03-24,35.20000076293945,35.88999938964844,35.20000076293945,35.625,27.975257873535156,9499000
2006-03-27,35.5099983215332,36.040000915527344,35.1349983215332,35.79499816894531,28.108741760253906,8700800
2006-03-28,36.125,36.96500015258789,35.91999816894531,36.59000015258789,28.733047485351562,13480800
2006-03-29,36.57500076293945,37.130001068115234,36.32500076293945,37.130001068115234,29.157075881958008,12087000
2006-03-30,37.23500061035156,37.494998931884766,36.75,37.150001525878906,29.17279815673828,10633000
2006-03-31,36.790000915527344,36.900001525878906,36.20000076293945,36.5099983215332,28.670225143432617,9321200
2006-04-03,36.88999938964844,37.540000915527344,36.35499954223633,36.435001373291016,28.61132049560547,12074400
2006-04-04,36.435001373291016,37.599998474121094,36.20000076293945,37.599998474121094,29.52614974975586,12150600
2006-04-05,37.9900016784668,38.68000030517578,37.564998626708984,38.66999816894531,30.366395950317383,13783800
2006-04-06,39.0,39.45500183105469,38.525001525878906,39.2599983215332,30.8297119140625,16730800
2006-04-07,39.2599983215332,39.349998474121094,38.439998626708984,38.6349983215332,30.338911056518555,10872600
2006-04-10,39.439998626708984,39.709999084472656,39.130001068115234,39.564998626708984,31.069215774536133,9928200
2006-04-11,39.79999923706055,39.994998931884766,38.15999984741211,38.400001525878906,30.154390335083008,13908600
2006-04-12,38.60499954223633,38.89500045776367,37.92499923706055,38.345001220703125,30.111190795898438,7456600
2006-04-13,37.88999938964844,38.57500076293945,37.59000015258789,38.560001373291016,30.280014038085938,9869000
2006-04-17,39.2400016784668,39.54999923706055,38.875,39.47999954223633,31.002485275268555,9128400
2006-04-18,39.69499969482422,40.619998931884766,39.58000183105469,40.5,31.803449630737305,16555200
2006-04-19,40.5,41.48500061035156,40.07500076293945,41.244998931884766,32.38845443725586,14009800
2006-04-20,41.75,41.98500061035156,40.755001068115234,41.400001525878906,32.51018524169922,24404200
2006-04-21,41.20000076293945,41.67499923706055,40.665000915527344,41.665000915527344,32.71828842163086,21774000
2006-04-24,41.665000915527344,41.665000915527344,40.150001525878906,40.150001525878906,31.528610229492188,21057400
2006-04-25,40.625,40.654998779296875,38.915000915527344,39.40999984741211,30.94750213623047,20477000
2006-04-26,39.5099983215332,40.439998626708984,39.130001068115234,39.20000076293945,30.78261375427246,17034200
2006-04-27,38.7599983215332,39.29499816894531,37.755001068115234,38.4900016784668,30.225067138671875,18128600
2006-04-28,38.67499923706055,39.689998626708984,38.67499923706055,39.07500076293945,30.684432983398438,12987600
2006-05-01,39.38999938964844,40.154998779296875,39.29999923706055,39.79999923706055,31.253761291503906,12309000
2006-05-02,40.07500076293945,40.540000915527344,39.79999923706055,40.46500015258789,31.775957107543945,16068800
2006-05-03,40.45000076293945,40.46500015258789,39.25,39.53499984741211,31.045663833618164,16083200
2006-05-04,39.0,40.040000915527344,38.56999969482422,39.939998626708984,31.36371612548828,20019600
2006-05-05,40.099998474121094,40.404998779296875,39.540000915527344,39.81999969482422,31.269451141357422,12595400
2006-05-08,39.625,40.064998626708984,39.19499969482422,40.005001068115234,31.414730072021484,11819600
2006-05-09,40.029998779296875,40.974998474121094,39.80500030517578,40.8849983215332,32.10576629638672,14581200
2006-05-10,40.564998626708984,41.125,40.54999923706055,41.1150016784668,32.2863883972168,11759800
2006-05-11,41.41999816894531,41.57500076293945,39.96500015258789,40.029998779296875,31.43437957763672,13051800
2006-05-12,39.95000076293945,39.95500183105469,38.45000076293945,38.53499984741211,30.26039695739746,15883000
2006-05-15,38.0,38.05500030517578,36.95500183105469,37.625,29.545787811279297,18062400
2006-05-16,37.869998931884766,38.33000183105469,37.23500061035156,37.505001068115234,29.45156478881836,12323800
2006-05-17,37.20500183105469,37.779998779296875,36.435001373291016,36.880001068115234,28.960771560668945,15806000
2006-05-18,37.0,37.349998474121094,35.47999954223633,35.540000915527344,27.908512115478516,20178600
2006-05-19,35.540000915527344,35.904998779296875,34.150001525878906,35.5,27.877107620239258,25901400
2006-05-22,35.14500045776367,35.505001068115234,34.29499816894531,35.17499923706055,27.62188720703125,18348400
2006-05-23,35.540000915527344,36.650001525878906,35.44499969482422,35.540000915527344,27.908512115478516,19084000
2006-05-24,35.5,35.875,34.32500076293945,35.01499938964844,27.496238708496094,19150000
2006-05-25,35.625,36.900001525878906,35.244998931884766,36.900001525878906,28.976478576660156,19178400
2006-05-26,36.974998474121094,37.150001525878906,36.57500076293945,36.82500076293945,28.917583465576172,10379600
2006-05-30,37.29999923706055,37.375,35.959999084472656,35.959999084472656,28.295948028564453,12137400
2006-05-31,35.94499969482422,37.32500076293945,35.775001525878906,37.29499816894531,29.346431732177734,16038600
2006-06-01,36.875,37.69499969482422,36.58000183105469,37.57500076293945,29.566757202148438,15601400
2006-06-02,38.03499984741211,38.44499969482422,37.849998474121094,38.38999938964844,30.208053588867188,14269000
2006-06-05,38.775001525878906,38.81999969482422,37.029998779296875,37.125,29.212656021118164,16077600
2006-06-06,37.125,37.35499954223633,36.16999816894531,36.689998626708984,28.870372772216797,23050600
2006-06-07,36.619998931884766,36.93000030517578,35.165000915527344,35.17499923706055,27.678255081176758,21362800
2006-06-08,34.96500015258789,36.04499816894531,33.92499923706055,36.04499816894531,28.362831115722656,34713000
2006-06-09,36.30500030517578,36.994998931884766,35.75,36.30500030517578,28.567424774169922,23800000
2006-06-12,36.57500076293945,36.79999923706055,35.16999816894531,35.20500183105469,27.701866149902344,15787000
2006-06-13,34.255001068115234,35.564998626708984,33.939998626708984,34.1349983215332,26.859907150268555,24423200
2006-06-14,34.709999084472656,35.41999816894531,34.2599983215332,35.404998779296875,27.859228134155273,19250400
2006-06-15,35.880001068115234,37.33000183105469,35.75,37.16999816894531,29.248062133789062,22645600
2006-06-16,36.85499954223633,37.494998931884766,36.380001068115234,37.21500015258789,29.283477783203125,16340400
2006-06-19,37.21500015258789,37.21500015258789,35.41999816894531,35.540000915527344,27.965463638305664,16862600
2006-06-20,36.025001525878906,36.31999969482422,35.099998474121094,35.19499969482422,27.694002151489258,14501000
2006-06-21,35.334999084472656,36.619998931884766,35.20500183105469,36.04499816894531,28.362831115722656,17616600
2006-06-22,36.025001525878906,36.349998474121094,35.5099983215332,35.7400016784668,28.12283706665039,17851000
2006-06-23,35.9900016784668,36.439998626708984,35.7599983215332,35.8849983215332,28.23693084716797,14916600
2006-06-26,35.849998474121094,36.07500076293945,35.40999984741211,36.025001525878906,28.34709930419922,11348400
2006-06-27,36.10499954223633,36.474998474121094,34.86000061035156,34.95000076293945,27.501211166381836,17202000
2006-06-28,35.224998474121094,35.650001525878906,34.75,35.29499816894531,27.772674560546875,11918200
2006-06-29,35.63999938964844,36.95500183105469,35.45000076293945,36.86000061035156,29.004138946533203,16362200
2006-06-30,36.98500061035156,37.45000076293945,36.65999984741211,37.10499954223633,29.196922302246094,14801600
2006-07-03,37.4900016784668,37.630001068115234,37.2400016784668,37.529998779296875,29.531335830688477,3294600
2006-07-05,37.29999923706055,37.790000915527344,36.540000915527344,37.59000015258789,29.578554153442383,13201400
2006-07-06,37.59000015258789,37.869998931884766,36.8849983215332,37.1349983215332,29.220521926879883,9949400
2006-07-07,37.275001525878906,37.470001220703125,36.23500061035156,36.30500030517578,28.567424774169922,11073800
2006-07-10,36.53499984741211,36.970001220703125,36.10499954223633,36.32500076293945,28.58316421508789,9654200
2006-07-11,36.54499816894531,37.93000030517578,36.54499816894531,37.790000915527344,29.735918045043945,14981400
2006-07-12,37.30500030517578,37.814998626708984,37.15999984741211,37.439998626708984,29.460514068603516,18365400
2006-07-13,37.57500076293945,37.70500183105469,36.720001220703125,36.8650016784668,29.008073806762695,12438000
2006-07-14,37.15999984741211,37.349998474121094,35.91999816894531,36.95000076293945,29.074954986572266,13862800
2006-07-17,36.5,36.810001373291016,34.939998626708984,35.25,27.737268447875977,16060100
2006-07-18,35.560001373291016,35.72999954223633,33.31999969482422,34.04999923706055,26.79302406311035,19573200
2006-07-19,33.83000183105469,34.540000915527344,33.79999923706055,34.150001525878906,26.871713638305664,15373200
2006-07-20,34.470001220703125,34.66999816894531,32.540000915527344,32.68000030517578,25.715007781982422,15724100
2006-07-21,31.899999618530273,32.189998626708984,29.510000228881836,30.040000915527344,23.637664794921875,50047100
2006-07-24,29.899999618530273,31.260000228881836,29.5,31.100000381469727,24.471752166748047,25505700
2006-07-25,32.0,32.04999923706055,30.829999923706055,31.450000762939453,24.747156143188477,18393900
2006-07-26,31.850000381469727,32.20000076293945,31.049999237060547,32.0,25.17993927001953,25217000
2006-07-27,32.5,32.88999938964844,31.950000762939453,32.349998474121094,25.455339431762695,24371700
2006-07-28,32.5,32.88999938964844,32.11000061035156,32.61000061035156,25.659923553466797,12628900
2006-07-31,32.95000076293945,33.63999938964844,32.619998931884766,33.36000061035156,26.250080108642578,12834000
2006-08-01,33.400001525878906,33.77000045776367,32.810001373291016,33.72999954223633,26.541223526000977,12676400
2006-08-02,34.099998474121094,34.709999084472656,33.20000076293945,33.720001220703125,26.533353805541992,18937400
2006-08-03,33.150001525878906,34.189998626708984,32.91999816894531,33.709999084472656,26.525493621826172,13377300
2006-08-04,34.099998474121094,34.099998474121094,32.56999969482422,32.869998931884766,25.864511489868164,12913000
2006-08-07,33.349998474121094,33.810001373291016,32.900001525878906,33.400001525878906,26.28156280517578,8703600
2006-08-08,33.40999984741211,33.65999984741211,32.79999923706055,33.060001373291016,26.014022827148438,14911800
2006-08-09,33.5,34.560001373291016,33.400001525878906,33.939998626708984,26.706462860107422,18053100
2006-08-10,33.650001525878906,34.04999923706055,33.41999816894531,34.02000045776367,26.7694091796875,11346400
2006-08-11,34.02000045776367,34.290000915527344,33.630001068115234,33.869998931884766,26.651382446289062,9025100
2006-08-14,33.31999969482422,33.540000915527344,32.90999984741211,33.47999954223633,26.344507217407227,12969000
2006-08-15,33.83000183105469,33.91999816894531,33.04999923706055,33.56999969482422,26.415319442749023,10327600
2006-08-16,33.810001373291016,34.16999816894531,33.43000030517578,33.84000015258789,26.62778663635254,9711000
2006-08-17,33.45000076293945,33.58000183105469,33.02000045776367,33.56999969482422,26.415319442749023,11231000
2006-08-18,33.900001525878906,34.150001525878906,33.25,34.06999969482422,26.808759689331055,9942900
2006-08-21,34.33000183105469,34.529998779296875,34.029998779296875,34.099998474121094,26.832353591918945,7330300
2006-08-22,34.20000076293945,34.34000015258789,33.810001373291016,34.0099983215332,26.76154327392578,6619000
2006-08-23,34.0099983215332,34.02000045776367,33.400001525878906,33.40999984741211,26.2894229888916,5607500
2006-08-24,33.25,33.380001068115234,32.849998474121094,33.209999084472656,26.132049560546875,11023600
2006-08-25,33.279998779296875,34.08000183105469,33.279998779296875,33.95000076293945,26.714338302612305,8191800
2006-08-28,33.75,33.869998931884766,33.16999816894531,33.220001220703125,26.139921188354492,7962700
2006-08-29,33.220001220703125,33.650001525878906,32.720001220703125,33.619998931884766,26.454666137695312,9205300
2006-08-30,33.650001525878906,33.65999984741211,32.779998779296875,32.9900016784668,26.0169734954834,9394800
2006-08-31,33.0,33.29999923706055,32.61000061035156,32.619998931884766,25.725181579589844,8625500
2006-09-01,32.81999969482422,33.09000015258789,32.70000076293945,32.93000030517578,25.969667434692383,6503000
2006-09-05,32.880001068115234,33.029998779296875,32.54999923706055,32.900001525878906,25.945999145507812,10421100
2006-09-06,32.61000061035156,32.70000076293945,31.809999465942383,31.959999084472656,25.204692840576172,12564000
2006-09-07,31.719999313354492,31.959999084472656,31.170000076293945,31.469999313354492,24.818254470825195,12275100
2006-09-08,31.700000762939453,31.899999618530273,30.770000457763672,30.799999237060547,24.289865493774414,8159900
2006-09-11,30.25,30.399999618530273,29.520000457763672,29.649999618530273,23.382946014404297,18116700
2006-09-12,29.59000015258789,30.0,28.940000534057617,29.049999237060547,22.909767150878906,21558400
2006-09-13,29.309999465942383,30.110000610351562,29.209999084472656,29.809999465942383,23.50912857055664,13608900
2006-09-14,29.809999465942383,30.020000457763672,28.899999618530273,29.059999465942383,22.917652130126953,10467100
2006-09-15,29.06999969482422,29.270000457763672,28.770000457763672,29.030000686645508,22.89398765563965,12836500
2006-09-18,29.200000762939453,30.010000228881836,29.139999389648438,29.799999237060547,23.50124168395996,12031600
2006-09-19,29.809999465942383,29.989999771118164,28.850000381469727,29.100000381469727,22.949193954467773,11985400
2006-09-20,28.969999313354492,29.139999389648438,27.739999771118164,27.84000015258789,21.955522537231445,22663700
2006-09-21,28.030000686645508,28.579999923706055,27.959999084472656,28.100000381469727,22.160566329956055,15353900
2006-09-22,28.549999237060547,28.559999465942383,28.059999465942383,28.209999084472656,22.247316360473633,18584400
2006-09-25,27.799999237060547,28.389999389648438,27.350000381469727,27.969999313354492,22.058034896850586,20628400
2006-09-26,27.809999465942383,28.860000610351562,27.799999237060547,28.420000076293945,22.412927627563477,18756600
2006-09-27,28.75,29.229999542236328,28.459999084472656,28.8799991607666,22.77569580078125,21292000
2006-09-28,29.059999465942383,29.260000228881836,28.489999771118164,28.5,22.47601890563965,25552000
2006-09-29,28.5,28.700000762939453,28.139999389648438,28.450000762939453,22.436586380004883,20433400
2006-10-02,28.299999237060547,28.68000030517578,27.780000686645508,27.860000610351562,21.97129249572754,14916300
2006-10-03,27.549999237060547,27.600000381469727,26.479999542236328,26.56999969482422,20.953956604003906,29035700
2006-10-04,26.8799991607666,26.950000762939453,26.329999923706055,26.90999984741211,21.222097396850586,19739300
2006-10-05,27.350000381469727,27.739999771118164,27.1200008392334,27.670000076293945,21.82145118713379,16269600
2006-10-06,27.59000015258789,27.799999237060547,27.149999618530273,27.68000030517578,21.82933807373047,10700400
2006-10-09,27.850000381469727,27.950000762939453,27.0,27.09000015258789,21.364046096801758,11168400
2006-10-10,26.969999313354492,27.559999465942383,26.889999389648438,27.40999984741211,21.61639976501465,15897800
2006-10-11,27.299999237060547,27.510000228881836,26.889999389648438,27.079999923706055,21.35616111755371,14753100
2006-10-12,27.149999618530273,27.799999237060547,27.049999237060547,27.75,21.884544372558594,12244800
2006-10-13,27.8700008392334,29.1200008392334,27.8700008392334,28.709999084472656,22.641626358032227,19473700
2006-10-16,28.899999618530273,29.520000457763672,28.799999237060547,29.479999542236328,23.248872756958008,14571500
2006-10-17,29.5,29.6299991607666,28.850000381469727,29.329999923706055,23.13058090209961,13718000
2006-10-18,29.329999923706055,29.579999923706055,28.3799991607666,28.6299991607666,22.578533172607422,14358000
2006-10-19,28.950000762939453,29.399999618530273,28.549999237060547,29.3799991607666,23.170013427734375,16410500
2006-10-20,29.3799991607666,29.3799991607666,28.600000381469727,28.780000686645508,22.69683837890625,16621600
2006-10-23,28.989999771118164,30.059999465942383,28.729999542236328,29.260000228881836,23.075376510620117,27788300
2006-10-24,29.700000762939453,31.170000076293945,29.489999771118164,30.84000015258789,24.3214168548584,26745200
2006-10-25,31.0,33.0,30.940000534057617,32.63999938964844,25.74095344543457,36474800
2006-10-26,32.790000915527344,32.88999938964844,31.860000610351562,32.400001525878906,25.551681518554688,17333100
2006-10-27,32.400001525878906,32.779998779296875,32.029998779296875,32.150001525878906,25.354528427124023,14381300
2006-10-30,31.510000228881836,31.989999771118164,31.40999984741211,31.790000915527344,25.070621490478516,11177400
2006-10-31,31.65999984741211,32.45000076293945,31.5,32.349998474121094,25.512250900268555,15728600
2006-11-01,32.130001068115234,32.29999923706055,31.25,31.530000686645508,24.86557388305664,16865100
2006-11-02,31.399999618530273,31.6200008392334,30.899999618530273,31.200000762939453,24.60531997680664,13153800
2006-11-03,31.479999542236328,32.099998474121094,31.420000076293945,31.780000686645508,25.062742233276367,13924600
2006-11-06,31.579999923706055,32.529998779296875,31.440000534057617,32.52000045776367,25.646320343017578,11849800
2006-11-07,32.650001525878906,32.650001525878906,31.350000381469727,31.700000762939453,24.999635696411133,14948000
2006-11-08,31.100000381469727,32.119998931884766,30.969999313354492,31.8700008392334,25.133708953857422,22029500
2006-11-09,32.13999938964844,32.970001220703125,31.920000076293945,32.11000061035156,25.322967529296875,17375200
2006-11-10,32.0,32.310001373291016,31.469999313354492,31.790000915527344,25.070621490478516,10284200
2006-11-13,31.790000915527344,32.34000015258789,31.520000457763672,31.989999771118164,25.228343963623047,13272500
2006-11-14,32.29999923706055,32.65999984741211,32.0099983215332,32.06999969482422,25.291425704956055,12300500
2006-11-15,32.83000183105469,33.880001068115234,32.70000076293945,33.54999923706055,26.45861053466797,26108300
2006-11-16,34.20000076293945,34.290000915527344,32.470001220703125,32.5099983215332,25.6384334564209,23203100
2006-11-17,32.20000076293945,32.79999923706055,31.81999969482422,32.599998474121094,25.709407806396484,16644900
2006-11-20,32.5099983215332,32.650001525878906,32.0,32.33000183105469,25.496482849121094,12377700
2006-11-21,32.5,32.79999923706055,32.5,32.65999984741211,25.75672721862793,10152800
2006-11-22,32.65999984741211,33.060001373291016,32.150001525878906,32.61000061035156,25.71729278564453,12290200
2006-11-24,32.540000915527344,33.0,32.290000915527344,32.290000915527344,25.46493911743164,6044000
2006-11-27,32.369998931884766,32.599998474121094,31.739999771118164,31.8799991607666,25.141592025756836,9151500
2006-11-28,32.150001525878906,32.91999816894531,32.119998931884766,32.709999084472656,25.796152114868164,11926300
2006-11-29,32.70000076293945,33.86000061035156,32.70000076293945,33.63999938964844,26.590553283691406,13791800
2006-11-30,33.790000915527344,34.29999923706055,33.61000061035156,33.7400016784668,26.669591903686523,14483400
2006-12-01,33.650001525878906,33.689998626708984,33.0099983215332,33.529998779296875,26.50360679626465,12809100
2006-12-04,33.529998779296875,33.779998779296875,33.11000061035156,33.29999923706055,26.321805953979492,7956600
2006-12-05,33.54999923706055,33.77000045776367,32.88999938964844,33.209999084472656,26.25066375732422,14204400
2006-12-06,33.209999084472656,33.5,32.95000076293945,33.16999816894531,26.219045639038086,12415300
2006-12-07,33.220001220703125,33.36000061035156,32.7599983215332,32.90999984741211,26.013534545898438,10039700
2006-12-08,33.060001373291016,33.29999923706055,32.599998474121094,32.810001373291016,25.934486389160156,10269400
2006-12-11,32.70000076293945,32.849998474121094,32.439998626708984,32.599998474121094,25.768489837646484,12592300
2006-12-12,32.70000076293945,33.08000183105469,32.189998626708984,32.25,25.491838455200195,15855800
2006-12-13,32.40999984741211,32.95000076293945,32.349998474121094,32.720001220703125,25.863346099853516,10114900
2006-12-14,32.880001068115234,33.47999954223633,32.81999969482422,33.220001220703125,26.258581161499023,14362600
2006-12-15,33.2400016784668,33.369998931884766,32.77000045776367,32.869998931884766,25.98191261291504,13168500
2006-12-18,32.86000061035156,32.869998931884766,31.899999618530273,31.940000534057617,25.246809005737305,15650900
2006-12-19,31.799999237060547,32.540000915527344,31.530000686645508,32.29999923706055,25.53135871887207,12734500
2006-12-20,32.29999923706055,32.4900016784668,31.899999618530273,31.959999084472656,25.262605667114258,18191400
2006-12-21,31.719999313354492,32.15999984741211,31.559999465942383,31.760000228881836,25.104515075683594,10123100
2006-12-22,31.760000228881836,31.979999542236328,31.0,31.459999084472656,24.867382049560547,8272600
2006-12-26,31.760000228881836,31.760000228881836,30.860000610351562,31.170000076293945,24.638158798217773,8782500
2006-12-27,31.260000228881836,31.420000076293945,30.799999237060547,31.350000381469727,24.780439376831055,8527000
2006-12-28,31.350000381469727,31.479999542236328,31.1200008392334,31.260000228881836,24.709291458129883,7789500
2006-12-29,31.0,31.25,30.93000030517578,31.049999237060547,24.543302536010742,8338000
2007-01-03,30.899999618530273,30.899999618530273,29.520000457763672,29.8700008392334,23.610580444335938,23976800
2007-01-04,29.8700008392334,29.90999984741211,29.15999984741211,29.229999542236328,23.104690551757812,26719700
2007-01-05,29.06999969482422,29.399999618530273,28.600000381469727,29.0,22.92290687561035,24985200
2007-01-08,29.3700008392334,29.450000762939453,28.760000228881836,28.959999084472656,22.891273498535156,14436500
2007-01-09,28.649999618530273,28.889999389648438,28.260000228881836,28.709999084472656,22.693666458129883,21716700
2007-01-10,28.549999237060547,28.65999984741211,27.649999618530273,28.360000610351562,22.417009353637695,22123200
2007-01-11,28.299999237060547,28.889999389648438,28.1200008392334,28.270000457763672,22.345869064331055,29708800
2007-01-12,28.489999771118164,29.200000762939453,28.360000610351562,29.1200008392334,23.01774787902832,18745100
2007-01-16,29.010000228881836,29.139999389648438,28.489999771118164,28.799999237060547,22.764795303344727,17306000
2007-01-17,28.799999237060547,29.239999771118164,28.700000762939453,29.059999465942383,22.970319747924805,19320500
2007-01-18,29.1200008392334,29.34000015258789,28.399999618530273,28.6299991607666,22.630422592163086,16786800
2007-01-19,29.030000686645508,29.450000762939453,28.690000534057617,29.3700008392334,23.215354919433594,23209500
2007-01-22,29.639999389648438,29.81999969482422,29.209999084472656,29.31999969482422,23.17583656311035,18302300
2007-01-23,29.56999969482422,30.030000686645508,29.549999237060547,29.729999542236328,23.499919891357422,28704100
2007-01-24,29.68000030517578,30.399999618530273,29.530000686645508,30.149999618530273,23.83190155029297,17927300
2007-01-25,30.100000381469727,30.229999542236328,29.520000457763672,29.739999771118164,23.50782012939453,18228100
2007-01-26,29.5,29.989999771118164,29.049999237060547,29.149999618530273,23.04145622253418,37817300
2007-01-29,29.149999618530273,29.260000228881836,28.709999084472656,28.760000228881836,22.733190536499023,17001300
2007-01-30,28.93000030517578,29.399999618530273,28.899999618530273,29.31999969482422,23.17583656311035,19601500
2007-01-31,29.1200008392334,29.610000610351562,29.040000915527344,29.540000915527344,23.349727630615234,16388400
2007-02-01,29.709999084472656,29.829999923706055,29.3799991607666,29.6200008392334,23.41297149658203,14634000
2007-02-02,29.719999313354492,29.93000030517578,29.450000762939453,29.75,23.515729904174805,14285500
2007-02-05,30.049999237060547,30.06999969482422,29.81999969482422,29.81999969482422,23.571046829223633,12179800
2007-02-06,30.1299991607666,30.1299991607666,29.65999984741211,29.889999389648438,23.626386642456055,11206600
2007-02-07,30.0,30.030000686645508,29.530000686645508,29.639999389648438,23.428787231445312,14936100
2007-02-08,29.690000534057617,29.809999465942383,29.350000381469727,29.719999313354492,23.49200439453125,14128500
2007-02-09,29.790000915527344,30.25,29.59000015258789,29.90999984741211,23.642194747924805,13994900
2007-02-12,29.770000457763672,29.770000457763672,29.459999084472656,29.729999542236328,23.499919891357422,12727400
2007-02-13,29.790000915527344,30.899999618530273,29.780000686645508,30.649999618530273,24.22712516784668,23705800
2007-02-14,30.610000610351562,30.899999618530273,30.270000457763672,30.700000762939453,24.26664924621582,14866800
2007-02-15,30.489999771118164,30.489999771118164,29.979999542236328,30.3799991607666,24.013708114624023,15576500
2007-02-16,30.270000457763672,30.489999771118164,30.0,30.049999237060547,23.752859115600586,14586700
2007-02-20,29.850000381469727,30.06999969482422,29.700000762939453,30.040000915527344,23.744951248168945,9238000
2007-02-21,30.040000915527344,30.399999618530273,29.700000762939453,30.270000457763672,23.92676544189453,13487400
2007-02-22,30.360000610351562,31.59000015258789,30.100000381469727,31.510000228881836,24.90690803527832,21030000
2007-02-23,31.649999618530273,32.04999923706055,31.520000457763672,31.549999237060547,24.938522338867188,16166300
2007-02-26,31.770000457763672,32.29999923706055,31.770000457763672,31.899999618530273,25.21517562866211,15883100
2007-02-27,31.31999969482422,32.0,30.610000610351562,30.729999542236328,24.347604751586914,24556400
2007-02-28,30.969999313354492,31.3700008392334,30.850000381469727,30.920000076293945,24.49814796447754,23563200
2007-03-01,30.540000915527344,31.770000457763672,30.18000030517578,31.34000015258789,24.83091163635254,19822100
2007-03-02,31.34000015258789,31.649999618530273,30.809999465942383,30.979999542236328,24.545682907104492,18973200
2007-03-05,30.479999542236328,31.100000381469727,30.239999771118164,30.280000686645508,23.991069793701172,15653200
2007-03-06,30.639999389648438,31.190000534057617,30.56999969482422,30.969999313354492,24.53775978088379,16013100
2007-03-07,31.06999969482422,31.899999618530273,30.860000610351562,31.450000762939453,24.918066024780273,28395500
2007-03-08,31.690000534057617,31.950000762939453,31.290000915527344,31.729999542236328,25.139911651611328,26876000
2007-03-09,32.09000015258789,32.29999923706055,31.600000381469727,32.02000045776367,25.369688034057617,25184200
2007-03-12,32.0,32.29999923706055,31.829999923706055,32.189998626708984,25.504371643066406,13683500
2007-03-13,32.31999969482422,32.720001220703125,31.770000457763672,31.799999237060547,25.19537925720215,22850500
2007-03-14,31.829999923706055,32.13999938964844,31.260000228881836,31.829999923706055,25.219146728515625,23224100
2007-03-15,32.0,32.29999923706055,31.729999542236328,32.13999938964844,25.464767456054688,13460900
2007-03-16,32.13999938964844,32.369998931884766,31.799999237060547,32.060001373291016,25.40137481689453,19243700
2007-03-19,32.29999923706055,32.68000030517578,32.2599983215332,32.400001525878906,25.670757293701172,17103900
2007-03-20,32.29999923706055,32.560001373291016,29.579999923706055,30.5,24.165374755859375,99347800
2007-03-21,30.600000381469727,30.860000610351562,30.219999313354492,30.690000534057617,24.315916061401367,38940600
2007-03-22,30.860000610351562,30.899999618530273,30.25,30.75,24.36345100402832,27559900
2007-03-23,30.84000015258789,31.25,30.729999542236328,31.079999923706055,24.624908447265625,31637300
2007-03-26,31.25,31.399999618530273,30.790000915527344,31.3700008392334,24.854679107666016,32579900
2007-03-27,31.3700008392334,31.3700008392334,30.899999618530273,31.040000915527344,24.593223571777344,57900700
2007-03-28,31.229999542236328,31.360000610351562,30.850000381469727,31.309999465942383,24.807144165039062,36191700
2007-03-29,31.3799991607666,32.36000061035156,31.139999389648438,32.040000915527344,25.38551902770996,39687600
2007-03-30,32.060001373291016,32.20000076293945,31.5,31.739999771118164,25.14783477783203,19332900
2007-04-02,31.799999237060547,32.38999938964844,31.65999984741211,32.27000045776367,25.567752838134766,32970400
2007-04-03,32.70000076293945,32.95000076293945,32.27000045776367,32.7599983215332,25.955984115600586,46993200
2007-04-04,32.70000076293945,32.93000030517578,32.400001525878906,32.84000015258789,26.019376754760742,20005300
2007-04-05,32.650001525878906,33.18000030517578,32.20000076293945,32.939998626708984,26.098600387573242,16593000
2007-04-09,33.02000045776367,33.04999923706055,32.43000030517578,32.599998474121094,25.829214096069336,17985200
2007-04-10,32.650001525878906,32.91999816894531,32.47999954223633,32.86000061035156,26.035219192504883,17475400
2007-04-11,32.900001525878906,33.400001525878906,32.31999969482422,32.45000076293945,25.710369110107422,27245300
2007-04-12,32.619998931884766,32.790000915527344,32.04999923706055,32.720001220703125,25.924293518066406,21359300
2007-04-13,32.72999954223633,32.84000015258789,32.5,32.66999816894531,25.88467788696289,12816500
2007-04-16,32.66999816894531,32.9900016784668,32.4900016784668,32.90999984741211,26.07483673095703,24165500
2007-04-17,33.0,33.06999969482422,32.27000045776367,32.58000183105469,25.813383102416992,23266400
2007-04-18,32.400001525878906,32.63999938964844,32.0,32.36000061035156,25.639074325561523,16355100
2007-04-19,32.11000061035156,32.25,31.84000015258789,32.02000045776367,25.369688034057617,14729900
2007-04-20,32.5,32.5,31.3700008392334,31.649999618530273,25.07652473449707,24319700
2007-04-23,31.729999542236328,31.850000381469727,31.479999542236328,31.510000228881836,24.96560287475586,17723500
2007-04-24,31.549999237060547,31.6200008392334,30.989999771118164,31.09000015258789,24.63283920288086,21437500
2007-04-25,31.34000015258789,31.940000534057617,30.989999771118164,31.540000915527344,24.9893741607666,29451100
2007-04-26,31.950000762939453,32.220001220703125,31.440000534057617,31.6299991607666,25.060680389404297,27460200
2007-04-27,31.639999389648438,32.13999938964844,31.420000076293945,31.75,25.155757904052734,25419200
2007-04-30,31.770000457763672,32.400001525878906,31.690000534057617,31.770000457763672,25.171611785888672,29048900
2007-05-01,31.690000534057617,31.829999923706055,31.0,31.389999389648438,24.870525360107422,25345900
2007-05-02,31.450000762939453,32.02000045776367,31.389999389648438,31.93000030517578,25.298376083374023,21803900
2007-05-03,31.93000030517578,32.45000076293945,31.829999923706055,32.27000045776367,25.567752838134766,17755000
2007-05-04,32.45000076293945,32.70000076293945,32.11000061035156,32.279998779296875,25.5756778717041,21486600
2007-05-07,32.11000061035156,32.29999923706055,31.989999771118164,32.2599983215332,25.559831619262695,13186900
2007-05-08,32.2400016784668,32.52000045776367,31.75,32.369998931884766,25.646987915039062,13757500
2007-05-09,32.33000183105469,33.279998779296875,32.220001220703125,33.150001525878906,26.264989852905273,26264000
2007-05-10,33.189998626708984,33.43000030517578,32.75,32.810001373291016,25.995607376098633,19912300
2007-05-11,33.0,33.689998626708984,32.779998779296875,33.560001373291016,26.589839935302734,18384200
2007-05-14,33.54999923706055,34.209999084472656,33.45000076293945,34.06999969482422,26.993911743164062,20318800
2007-05-15,33.970001220703125,34.52000045776367,33.75,34.02000045776367,26.954288482666016,14886600
2007-05-16,34.29999923706055,35.72999954223633,34.02000045776367,35.59000015258789,28.198219299316406,44003000
2007-05-17,35.689998626708984,36.529998779296875,35.38999938964844,36.349998474121094,28.80037498474121,26324700
2007-05-18,36.599998474121094,36.75,35.880001068115234,36.459999084472656,28.88751792907715,24184200
2007-05-21,36.58000183105469,37.18000030517578,36.150001525878906,36.709999084472656,29.085596084594727,21502300
2007-05-22,37.099998474121094,37.20000076293945,36.220001220703125,36.29999923706055,28.760757446289062,19782000
2007-05-23,36.63999938964844,37.13999938964844,36.29999923706055,36.689998626708984,29.06975555419922,17141500
2007-05-24,36.63999938964844,37.040000915527344,35.61000061035156,35.900001525878906,28.443836212158203,21476300
2007-05-25,36.220001220703125,36.27000045776367,35.88999938964844,36.119998931884766,28.618148803710938,12687300
2007-05-29,35.970001220703125,36.20000076293945,35.5099983215332,35.790000915527344,28.35668182373047,14412800
2007-05-30,35.5,36.220001220703125,35.0,36.099998474121094,28.674392700195312,20276000
2007-05-31,36.119998931884766,36.38999938964844,35.77000045776367,35.95000076293945,28.55525016784668,13239700
2007-06-01,36.150001525878906,36.33000183105469,35.79999923706055,35.83000183105469,28.459938049316406,11195800
2007-06-04,35.83000183105469,36.540000915527344,35.4900016784668,36.439998626708984,28.944469451904297,18096700
2007-06-05,36.0099983215332,36.650001525878906,36.0099983215332,36.33000183105469,28.85708999633789,12727900
2007-06-06,36.27000045776367,36.33000183105469,35.54999923706055,35.790000915527344,28.42816925048828,13923500
2007-06-07,35.70000076293945,35.9900016784668,34.939998626708984,35.029998779296875,27.82448959350586,18036000
2007-06-08,35.0,35.38999938964844,34.54999923706055,35.2400016784668,27.991310119628906,13697500
2007-06-11,35.150001525878906,35.58000183105469,34.900001525878906,35.2599983215332,28.00719451904297,9175500
2007-06-12,35.11000061035156,35.209999084472656,34.58000183105469,34.68000030517578,27.546483993530273,13896700
2007-06-13,34.849998474121094,35.75,34.720001220703125,35.5,28.19781494140625,19887600
2007-06-14,35.81999969482422,36.61000061035156,35.75,36.2599983215332,28.80148696899414,14339700
2007-06-15,36.560001373291016,36.66999816894531,36.2599983215332,36.369998931884766,28.88886070251465,14955500
2007-06-18,35.849998474121094,36.369998931884766,35.5,35.91999816894531,28.53142547607422,17500300
2007-06-19,35.88999938964844,36.7400016784668,35.72999954223633,36.20000076293945,28.753835678100586,15508400
2007-06-20,36.25,36.38999938964844,35.11000061035156,35.189998626708984,27.951583862304688,19908300
2007-06-21,35.40999984741211,35.970001220703125,35.130001068115234,35.900001525878906,28.51554298400879,17109600
2007-06-22,35.95000076293945,36.02000045776367,35.060001373291016,35.720001220703125,28.37255859375,23016300
2007-06-25,35.470001220703125,35.470001220703125,34.7599983215332,35.060001373291016,27.84832000732422,20329000
2007-06-26,35.06999969482422,35.09000015258789,34.22999954223633,34.43000030517578,27.34791374206543,17053600
2007-06-27,34.15999984741211,34.970001220703125,33.77000045776367,34.810001373291016,27.649747848510742,20081700
2007-06-28,34.900001525878906,35.33000183105469,34.349998474121094,34.52000045776367,27.419408798217773,12673800
2007-06-29,34.86000061035156,35.04999923706055,34.27000045776367,34.5,27.40350914001465,12989300
2007-07-02,34.560001373291016,35.060001373291016,34.400001525878906,34.95000076293945,27.76096534729004,9289900
2007-07-03,35.06999969482422,35.099998474121094,34.7599983215332,34.86000061035156,27.689477920532227,5496300
2007-07-05,35.0,35.0,33.79999923706055,34.5,27.40350914001465,22364600
2007-07-06,34.599998474121094,35.029998779296875,34.529998779296875,34.86000061035156,27.689477920532227,11204000
2007-07-09,34.91999816894531,35.220001220703125,34.86000061035156,35.09000015258789,27.872154235839844,10299400
2007-07-10,34.970001220703125,35.34000015258789,34.70000076293945,34.970001220703125,27.776830673217773,12705500
2007-07-11,34.599998474121094,34.66999816894531,34.15999984741211,34.41999816894531,27.3399658203125,16340300
2007-07-12,34.75,35.04999923706055,34.41999816894531,34.9900016784668,27.792728424072266,18932900
2007-07-13,34.81999969482422,35.68000030517578,34.79999923706055,35.5099983215332,28.205766677856445,20735900
2007-07-16,35.5099983215332,35.66999816894531,34.91999816894531,35.43000030517578,28.14221954345703,13869500
2007-07-17,35.529998779296875,35.849998474121094,35.15999984741211,35.29999923706055,28.03896141052246,15029400
2007-07-18,35.06999969482422,35.689998626708984,35.06999969482422,35.650001525878906,28.31696128845215,15897400
2007-07-19,35.849998474121094,36.599998474121094,35.720001220703125,36.400001525878906,28.912691116333008,15072200
2007-07-20,36.7400016784668,37.209999084472656,36.06999969482422,36.56999969482422,29.0477294921875,21908200
2007-07-23,38.0,38.290000915527344,36.869998931884766,37.7400016784668,29.97705078125,26603200
2007-07-24,37.2400016784668,37.5,37.0099983215332,37.2400016784668,29.57990837097168,19950400
2007-07-25,37.470001220703125,37.68000030517578,36.779998779296875,37.54999923706055,29.82615089416504,13869600
2007-07-26,37.099998474121094,37.650001525878906,35.630001068115234,36.869998931884766,29.286006927490234,20423100
2007-07-27,36.52000045776367,37.189998626708984,35.84000015258789,36.060001373291016,28.642635345458984,18800000
2007-07-30,36.2400016784668,36.58000183105469,35.59000015258789,36.33000183105469,28.85708999633789,13523900
2007-07-31,36.45000076293945,36.93000030517578,35.939998626708984,36.02000045776367,28.61084747314453,13687500
2007-08-01,35.810001373291016,37.79999923706055,34.41999816894531,35.65999984741211,28.32490348815918,26502000
2007-08-02,35.70000076293945,36.0,34.97999954223633,35.459999084472656,28.166051864624023,17665900
2007-08-03,35.5,35.709999084472656,34.27000045776367,34.27000045776367,27.220827102661133,19779100
2007-08-06,34.97999954223633,34.97999954223633,33.439998626708984,34.29999923706055,27.244647979736328,22828500
2007-08-07,34.099998474121094,35.04999923706055,33.66999816894531,34.689998626708984,27.5544376373291,19214400
2007-08-08,34.68000030517578,35.06999969482422,34.209999084472656,34.470001220703125,27.379690170288086,28297700
2007-08-09,33.810001373291016,34.540000915527344,33.0099983215332,33.439998626708984,26.561553955078125,23192000
2007-08-10,32.900001525878906,33.400001525878906,31.549999237060547,33.22999954223633,26.39474105834961,32760000
2007-08-13,33.7599983215332,34.5,33.099998474121094,33.220001220703125,26.386802673339844,15818800
2007-08-14,33.41999816894531,33.93000030517578,32.869998931884766,32.88999938964844,26.12467384338379,15563600
2007-08-15,32.779998779296875,33.400001525878906,32.369998931884766,32.529998779296875,25.838735580444336,16133000
2007-08-16,32.09000015258789,32.459999084472656,30.809999465942383,31.969999313354492,25.393917083740234,27211000
2007-08-17,32.66999816894531,33.119998931884766,32.08000183105469,32.25,25.616323471069336,25941400
2007-08-20,32.279998779296875,32.810001373291016,31.93000030517578,32.630001068115234,25.918161392211914,17449800
2007-08-21,32.20000076293945,33.060001373291016,32.20000076293945,32.41999816894531,25.751371383666992,16604200
2007-08-22,32.560001373291016,33.0,32.45000076293945,32.599998474121094,25.894329071044922,12825900
2007-08-23,32.79999923706055,33.5,32.75,33.369998931884766,26.505945205688477,34560500
2007-08-24,33.349998474121094,34.0,33.349998474121094,33.72999954223633,26.79190444946289,14453900
2007-08-27,33.560001373291016,33.70000076293945,33.22999954223633,33.41999816894531,26.545671463012695,12532000
2007-08-28,33.25,33.41999816894531,32.869998931884766,32.95000076293945,26.172334671020508,11514700
2007-08-29,33.04999923706055,34.04999923706055,33.0,33.709999084472656,26.849353790283203,15127100
2007-08-30,33.599998474121094,34.689998626708984,33.439998626708984,34.119998931884766,27.175899505615234,14873900
2007-08-31,34.5,34.939998626708984,34.34000015258789,34.59000015258789,27.550256729125977,10874400
2007-09-04,34.54999923706055,35.400001525878906,34.45000076293945,34.9900016784668,27.868850708007812,10364800
2007-09-05,34.77000045776367,35.400001525878906,34.709999084472656,35.34000015258789,28.147602081298828,10667800
2007-09-06,35.34000015258789,35.91999816894531,35.16999816894531,35.58000183105469,28.33876609802246,11464600
2007-09-07,35.11000061035156,35.36000061035156,34.650001525878906,35.2400016784668,28.067964553833008,10384200
2007-09-10,35.279998779296875,35.40999984741211,34.540000915527344,35.2599983215332,28.083898544311523,9694300
2007-09-11,35.2400016784668,36.040000915527344,35.2400016784668,35.83000183105469,28.537885665893555,12520900
2007-09-12,35.869998931884766,36.88999938964844,35.70000076293945,36.619998931884766,29.16710662841797,14914000
2007-09-13,36.75,37.04999923706055,36.4900016784668,36.86000061035156,29.358257293701172,9413300
2007-09-14,36.70000076293945,37.29999923706055,36.70000076293945,37.11000061035156,29.5573787689209,10521000
2007-09-17,36.970001220703125,37.13999938964844,36.58000183105469,36.7400016784668,29.26268196105957,8330100
2007-09-18,36.939998626708984,37.75,36.849998474121094,37.61000061035156,29.955629348754883,12017200
2007-09-19,37.900001525878906,38.4900016784668,37.84000015258789,38.02000045776367,30.282176971435547,12950500
2007-09-20,38.0099983215332,38.4900016784668,37.83000183105469,38.349998474121094,30.545019149780273,11896100
2007-09-21,38.56999969482422,39.060001373291016,38.349998474121094,38.95000076293945,31.022897720336914,13801500
2007-09-24,39.0099983215332,39.16999816894531,38.529998779296875,38.56999969482422,30.720247268676758,11736600
2007-09-25,38.13999938964844,38.25,37.56999969482422,38.0,30.26624870300293,10526200
2007-09-26,38.31999969482422,38.97999954223633,37.869998931884766,38.400001525878906,30.584842681884766,14573600
2007-09-27,38.470001220703125,38.97999954223633,38.470001220703125,38.61000061035156,30.75210952758789,9744700
2007-09-28,38.45000076293945,39.0099983215332,37.22999954223633,38.400001525878906,30.584842681884766,11048100
2007-10-01,38.400001525878906,39.08000183105469,38.20000076293945,38.84000015258789,30.93529510498047,14149500
2007-10-02,38.54999923706055,39.25,38.34000015258789,39.08000183105469,31.12643814086914,11025600
2007-10-03,39.0,39.41999816894531,38.650001525878906,39.130001068115234,31.166282653808594,9906300
2007-10-04,39.02000045776367,39.7599983215332,38.52000045776367,39.5099983215332,31.46894073486328,9424200
2007-10-05,39.5,39.66999816894531,38.900001525878906,38.97999954223633,31.04680633544922,9214500
2007-10-08,38.56999969482422,38.88999938964844,38.310001373291016,38.869998931884766,30.95919418334961,8069000
2007-10-09,39.04999923706055,39.54999923706055,38.810001373291016,39.459999084472656,31.42911720275879,9039700
2007-10-10,39.279998779296875,40.25,39.2599983215332,40.04999923706055,31.8990421295166,12229200
2007-10-11,40.400001525878906,41.29999923706055,40.20000076293945,40.630001068115234,32.360984802246094,17452900
2007-10-12,40.7400016784668,41.369998931884766,40.33000183105469,41.15999984741211,32.78313064575195,9382400
2007-10-15,41.810001373291016,41.95000076293945,41.20000076293945,41.47999954223633,33.038002014160156,13416100
2007-10-16,41.58000183105469,41.65999984741211,40.939998626708984,41.25,32.85481262207031,9246200
2007-10-17,41.54999923706055,41.54999923706055,40.86000061035156,41.18000030517578,32.79906463623047,10353300
2007-10-18,41.060001373291016,41.459999084472656,40.619998931884766,41.0099983215332,32.66366958618164,7822800
2007-10-19,39.93000030517578,39.95000076293945,37.79999923706055,38.849998474121094,30.943252563476562,35792600
2007-10-22,37.970001220703125,40.869998931884766,37.81999969482422,39.33000183105469,31.3255615234375,27156800
2007-10-23,39.63999938964844,40.47999954223633,39.52000045776367,40.290000915527344,32.09019088745117,13633000
2007-10-24,40.130001068115234,40.779998779296875,39.61000061035156,40.540000915527344,32.2892951965332,12629400
2007-10-25,40.86000061035156,41.22999954223633,40.0,41.0099983215332,32.66366958618164,13245500
2007-10-26,41.5,41.689998626708984,40.880001068115234,41.279998779296875,32.878700256347656,11670400
2007-10-29,41.66999816894531,41.900001525878906,40.47999954223633,40.59000015258789,32.329132080078125,13069100
2007-10-30,40.47999954223633,40.47999954223633,39.029998779296875,39.130001068115234,31.166282653808594,12916300
2007-10-31,39.720001220703125,39.779998779296875,38.599998474121094,39.41999816894531,31.39725112915039,13613700
2007-11-01,39.04999923706055,40.41999816894531,38.939998626708984,39.18000030517578,31.206104278564453,13491500
2007-11-02,39.86000061035156,40.47999954223633,39.04999923706055,40.310001373291016,32.106117248535156,12119900
2007-11-05,39.310001373291016,40.119998931884766,39.040000915527344,39.7599983215332,31.66806983947754,8241900
2007-11-06,39.91999816894531,40.70000076293945,39.91999816894531,40.63999938964844,32.36895751953125,16953700
2007-11-07,40.5,40.880001068115234,39.849998474121094,39.939998626708984,31.811431884765625,11596100
2007-11-08,40.130001068115234,40.56999969482422,39.08000183105469,39.849998474121094,31.739736557006836,14997700
2007-11-09,39.66999816894531,39.66999816894531,38.27000045776367,38.470001220703125,30.640613555908203,14841600
2007-11-12,38.45000076293945,38.45000076293945,36.68000030517578,36.810001373291016,29.318443298339844,15922500
2007-11-13,36.900001525878906,37.59000015258789,36.59000015258789,37.45000076293945,29.82817840576172,14941600
2007-11-14,38.0,38.209999084472656,36.970001220703125,37.02000045776367,29.485706329345703,11308800
2007-11-15,36.79999923706055,37.4900016784668,36.279998779296875,36.56999969482422,29.127283096313477,12550500
2007-11-16,36.97999954223633,37.20000076293945,36.5099983215332,37.02000045776367,29.485706329345703,10893900
2007-11-19,36.790000915527344,37.11000061035156,36.130001068115234,36.34000015258789,28.944093704223633,14872300
2007-11-20,36.470001220703125,37.41999816894531,36.380001068115234,37.13999938964844,29.581279754638672,10875800
2007-11-21,36.7599983215332,37.060001373291016,36.20000076293945,36.38999938964844,28.983917236328125,8675500
2007-11-23,36.560001373291016,36.959999084472656,36.11000061035156,36.810001373291016,29.318443298339844,3768700
2007-11-26,36.79999923706055,37.27000045776367,35.66999816894531,35.83000183105469,28.537885665893555,10826300
2007-11-27,35.349998474121094,35.43000030517578,34.41999816894531,35.08000183105469,27.940532684326172,22470700
2007-11-28,35.91999816894531,36.290000915527344,35.70000076293945,35.849998474121094,28.553813934326172,17260700
2007-11-29,36.2599983215332,36.95000076293945,36.130001068115234,36.59000015258789,29.216562271118164,12343200
2007-11-30,37.16999816894531,37.16999816894531,36.209999084472656,36.61000061035156,29.232528686523438,11242700
2007-12-03,36.56999969482422,36.970001220703125,36.16999816894531,36.68000030517578,29.288427352905273,9395900
2007-12-04,36.529998779296875,36.529998779296875,36.0,36.290000915527344,28.977014541625977,10286400
2007-12-05,36.630001068115234,37.310001373291016,36.630001068115234,36.900001525878906,29.464094161987305,10779100
2007-12-06,36.88999938964844,38.02000045776367,36.79999923706055,37.779998779296875,30.1667537689209,10974000
2007-12-07,37.77000045776367,38.13999938964844,37.34000015258789,37.54999923706055,29.983097076416016,7353300
2007-12-10,37.58000183105469,38.13999938964844,37.27000045776367,38.040000915527344,30.37436294555664,9249800
2007-12-11,38.22999954223633,38.869998931884766,37.650001525878906,37.869998931884766,30.238622665405273,12266800
2007-12-12,38.45000076293945,38.689998626708984,38.18000030517578,38.599998474121094,30.821514129638672,11953200
2007-12-13,38.06999969482422,38.790000915527344,38.0,38.709999084472656,30.909339904785156,7903800
2007-12-14,38.65999984741211,38.65999984741211,37.439998626708984,37.599998474121094,30.023019790649414,10382300
2007-12-17,37.36000061035156,37.439998626708984,36.310001373291016,36.66999816894531,29.280447006225586,13176100
2007-12-18,37.0,37.13999938964844,36.08000183105469,36.45000076293945,29.104778289794922,11655000
2007-12-19,36.45000076293945,36.849998474121094,36.04999923706055,36.189998626708984,28.897165298461914,8873600
2007-12-20,36.209999084472656,36.63999938964844,35.939998626708984,36.540000915527344,29.17662811279297,7242000
2007-12-21,36.650001525878906,37.75,36.63999938964844,37.290000915527344,29.77549934387207,11204200
2007-12-24,37.45000076293945,37.65999984741211,37.13999938964844,37.459999084472656,29.911252975463867,2324700
2007-12-26,37.59000015258789,38.5,37.310001373291016,38.150001525878906,30.462194442749023,7409500
2007-12-27,37.7599983215332,38.29999923706055,37.7599983215332,37.939998626708984,30.294519424438477,5896600
2007-12-28,38.150001525878906,38.27000045776367,37.75,38.02000045776367,30.358396530151367,4818900
2007-12-31,37.83000183105469,38.2400016784668,37.52000045776367,37.90999984741211,30.270553588867188,5482200
2008-01-02,38.04999923706055,38.97999954223633,38.040000915527344,38.689998626708984,30.89337921142578,10321900
2008-01-03,38.88999938964844,39.66999816894531,38.79999923706055,39.119998931884766,31.23671531677246,10216200
2008-01-04,39.0,39.0,37.810001373291016,38.0099983215332,30.350412368774414,11450000
2008-01-07,38.20000076293945,38.25,36.5,37.349998474121094,29.82341957092285,15327600
2008-01-08,37.52000045776367,38.060001373291016,36.400001525878906,36.560001373291016,29.192611694335938,11488400
2008-01-09,36.529998779296875,37.310001373291016,35.91999816894531,36.7400016784668,29.336345672607422,18241500
2008-01-10,36.540000915527344,36.58000183105469,35.70000076293945,36.189998626708984,28.897165298461914,15601100
2008-01-11,36.0,36.34000015258789,35.68000030517578,35.91999816894531,28.68157386779785,13297600
2008-01-14,36.13999938964844,36.650001525878906,35.86000061035156,36.4900016784668,29.13671875,9409400
2008-01-15,36.0,36.220001220703125,35.09000015258789,35.36000061035156,28.234432220458984,14231200
2008-01-16,34.90999984741211,35.5,33.91999816894531,34.529998779296875,27.571680068969727,18656900
2008-01-17,35.0,35.02000045776367,32.939998626708984,33.29999923706055,26.58954620361328,19850900
2008-01-18,32.36000061035156,32.900001525878906,31.049999237060547,32.400001525878906,25.87090301513672,28351600
2008-01-22,30.280000686645508,32.25,30.0,31.950000762939453,25.511594772338867,25041700
2008-01-23,31.06999969482422,31.760000228881836,30.010000228881836,31.65999984741211,25.280029296875,33748900
2008-01-24,31.610000610351562,32.83000183105469,31.389999389648438,32.369998931884766,25.846952438354492,18879400
2008-01-25,33.72999954223633,34.5099983215332,32.779998779296875,33.09000015258789,26.4218692779541,24917200
2008-01-28,33.849998474121094,34.04999923706055,32.540000915527344,33.54999923706055,26.78917121887207,13579400
2008-01-29,33.880001068115234,34.22999954223633,33.34000015258789,33.72999954223633,26.93289566040039,12152900
2008-01-30,33.45000076293945,34.029998779296875,32.93000030517578,33.060001373291016,26.397907257080078,13669600
2008-01-31,32.5099983215332,33.310001373291016,32.349998474121094,33.16999816894531,26.485736846923828,17271600
2008-02-01,33.349998474121094,33.97999954223633,32.880001068115234,33.72999954223633,26.93289566040039,13607800
2008-02-04,34.22999954223633,34.869998931884766,33.880001068115234,34.709999084472656,27.715404510498047,15364500
2008-02-05,34.15999984741211,34.59000015258789,33.77000045776367,34.09000015258789,27.220346450805664,15041100
2008-02-06,34.2599983215332,34.4900016784668,33.310001373291016,33.459999084472656,26.717296600341797,12892400
2008-02-07,33.029998779296875,34.08000183105469,32.93000030517578,33.58000183105469,26.81312370300293,10105600
2008-02-08,33.34000015258789,33.939998626708984,33.130001068115234,33.7400016784668,26.940887451171875,10486000
2008-02-11,33.779998779296875,34.70000076293945,33.61000061035156,34.59000015258789,27.619598388671875,12337000
2008-02-12,34.779998779296875,35.47999954223633,34.380001068115234,34.56999969482422,27.60363006591797,14405700
2008-02-13,34.88999938964844,35.77000045776367,34.619998931884766,35.66999816894531,28.481966018676758,14312800
2008-02-14,35.970001220703125,36.349998474121094,35.689998626708984,35.84000015258789,28.61768341064453,13154700
2008-02-15,35.63999938964844,36.119998931884766,35.130001068115234,35.84000015258789,28.61768341064453,9658800
2008-02-19,36.369998931884766,36.90999984741211,36.209999084472656,36.33000183105469,29.00894546508789,14140100
2008-02-20,36.16999816894531,36.93000030517578,35.91999816894531,36.720001220703125,29.32036590576172,10898300
2008-02-21,36.689998626708984,36.70000076293945,35.790000915527344,36.060001373291016,28.793380737304688,12011300
2008-02-22,36.13999938964844,36.33000183105469,35.34000015258789,36.15999984741211,28.873218536376953,12086400
2008-02-25,36.15999984741211,37.439998626708984,36.15999984741211,37.09000015258789,29.61579704284668,16831000
2008-02-26,36.849998474121094,37.7599983215332,36.560001373291016,37.560001373291016,29.9910831451416,15367200
2008-02-27,37.27000045776367,37.83000183105469,37.15999984741211,37.54999923706055,29.983097076416016,11165000
2008-02-28,37.54999923706055,39.36000061035156,37.54999923706055,39.060001373291016,31.263757705688477,21034700
2008-02-29,38.75,38.810001373291016,37.90999984741211,38.29999923706055,30.65545082092285,14095900
2008-03-03,38.31999969482422,38.9900016784668,37.970001220703125,38.560001373291016,30.86355972290039,12488200
2008-03-04,38.130001068115234,38.630001068115234,37.56999969482422,38.209999084472656,30.583419799804688,14097200
2008-03-05,38.599998474121094,39.439998626708984,38.400001525878906,39.2599983215332,31.423818588256836,16640200
2008-03-06,38.9900016784668,39.31999969482422,38.47999954223633,38.63999938964844,30.927581787109375,16175600
2008-03-07,38.29999923706055,38.70000076293945,37.619998931884766,37.9900016784668,30.40733528137207,11241500
2008-03-10,37.95000076293945,38.22999954223633,36.81999969482422,36.97999954223633,29.59891128540039,16741000
2008-03-11,37.7400016784668,38.439998626708984,37.45000076293945,38.369998931884766,30.71146583557129,13186900
2008-03-12,38.349998474121094,38.66999816894531,37.68000030517578,37.91999816894531,30.351299285888672,10272800
2008-03-13,37.540000915527344,38.869998931884766,36.970001220703125,38.56999969482422,30.87154197692871,16303700
2008-03-14,38.81999969482422,38.88999938964844,37.40999984741211,38.400001525878906,30.735485076904297,12549900
2008-03-17,37.0,37.66999816894531,36.290000915527344,36.599998474121094,29.29475975036621,21940000
2008-03-18,37.22999954223633,37.630001068115234,37.02000045776367,37.630001068115234,30.119176864624023,21803300
2008-03-19,37.380001068115234,37.619998931884766,35.81999969482422,35.880001068115234,28.718469619750977,18469500
2008-03-20,35.5099983215332,36.45000076293945,35.150001525878906,36.22999954223633,28.998607635498047,18789400
2008-03-24,36.310001373291016,37.33000183105469,36.279998779296875,36.630001068115234,29.318769454956055,12744900
2008-03-25,36.75,37.97999954223633,36.75,37.45000076293945,29.975101470947266,14178300
2008-03-26,37.310001373291016,39.11000061035156,37.310001373291016,38.970001220703125,31.191720962524414,20627900
2008-03-27,39.31999969482422,39.81999969482422,39.060001373291016,39.099998474121094,31.295772552490234,19255600
2008-03-28,39.209999084472656,39.68000030517578,38.650001525878906,39.209999084472656,31.383808135986328,12487300
2008-03-31,39.25,39.97999954223633,38.70000076293945,39.33000183105469,31.4798641204834,14757800
2008-04-01,39.400001525878906,39.63999938964844,38.560001373291016,39.41999816894531,31.551895141601562,15515600
2008-04-02,39.34000015258789,40.45000076293945,38.93000030517578,40.18000030517578,32.16020202636719,14876200
2008-04-03,39.97999954223633,40.470001220703125,39.90999984741211,40.18000030517578,32.16020202636719,18298600
2008-04-04,40.400001525878906,41.599998474121094,40.18000030517578,41.06999969482422,32.87254333496094,18264900
2008-04-07,41.599998474121094,42.310001373291016,41.29999923706055,41.63999938964844,33.328773498535156,18459600
2008-04-08,41.529998779296875,42.2400016784668,41.119998931884766,41.90999984741211,33.544898986816406,12108600
2008-04-09,42.09000015258789,42.56999969482422,41.709999084472656,42.15999984741211,33.7450065612793,10472700
2008-04-10,42.61000061035156,43.689998626708984,42.61000061035156,43.540000915527344,34.84954833984375,18031400
2008-04-11,43.189998626708984,44.04999923706055,43.06999969482422,43.52000045776367,34.83354187011719,13437800
2008-04-14,43.959999084472656,44.380001068115234,43.369998931884766,44.08000183105469,35.28178405761719,12748800
2008-04-15,44.880001068115234,44.93000030517578,44.099998474121094,44.529998779296875,35.64196014404297,13000600
2008-04-16,44.709999084472656,45.02000045776367,43.7599983215332,45.0,36.018150329589844,19007800
2008-04-17,44.75,45.380001068115234,44.38999938964844,45.150001525878906,36.138214111328125,12545800
2008-04-18,44.61000061035156,47.77000045776367,44.209999084472656,47.43000030517578,37.9631233215332,26553800
2008-04-21,47.189998626708984,47.720001220703125,45.869998931884766,47.459999084472656,37.98713302612305,17495600
2008-04-22,46.90999984741211,48.33000183105469,46.56999969482422,47.97999954223633,38.403350830078125,13347700
2008-04-23,48.18000030517578,48.18000030517578,46.720001220703125,47.47999954223633,38.003150939941406,15663200
2008-04-24,47.0,47.810001373291016,45.75,46.880001068115234,37.52290344238281,15075400
2008-04-25,46.90999984741211,47.47999954223633,46.45000076293945,46.90999984741211,37.54692077636719,13763700
2008-04-28,47.0,47.2400016784668,46.20000076293945,46.79999923706055,37.4588737487793,10030000
2008-04-29,46.369998931884766,46.41999816894531,44.900001525878906,44.97999954223633,36.002140045166016,15397600
2008-04-30,45.34000015258789,46.56999969482422,45.11000061035156,45.90999984741211,36.74651336669922,12816400
2008-05-01,45.43000030517578,45.65999984741211,43.7599983215332,44.91999816894531,35.95411682128906,13997300
2008-05-02,45.15999984741211,45.5099983215332,44.4900016784668,45.22999954223633,36.202247619628906,11437000
2008-05-05,45.849998474121094,46.7599983215332,45.20000076293945,45.93000030517578,36.762508392333984,9339200
2008-05-06,46.13999938964844,47.0,45.5,46.720001220703125,37.39484786987305,12136400
2008-05-07,47.04999923706055,47.150001525878906,45.84000015258789,46.63999938964844,37.330806732177734,11161600
2008-05-08,46.619998931884766,48.029998779296875,46.33000183105469,48.0099983215332,38.427364349365234,10795200
2008-05-09,48.060001373291016,48.4900016784668,46.91999816894531,48.119998931884766,38.51539611816406,10038000
2008-05-12,47.79999923706055,47.79999923706055,46.849998474121094,47.439998626708984,37.97111892700195,8286100
2008-05-13,47.400001525878906,48.790000915527344,46.5099983215332,48.790000915527344,39.051673889160156,13222300
2008-05-14,48.95000076293945,48.95000076293945,47.77000045776367,47.86000061035156,38.30730438232422,13144500
2008-05-15,48.290000915527344,48.849998474121094,47.189998626708984,48.33000183105469,38.68350601196289,13813300
2008-05-16,48.77000045776367,49.47999954223633,48.400001525878906,49.47999954223633,39.603965759277344,11860200
2008-05-19,49.61000061035156,49.779998779296875,48.720001220703125,49.06999969482422,39.275787353515625,9708400
2008-05-20,49.220001220703125,49.91999816894531,48.90999984741211,49.91999816894531,39.95612335205078,11084300
2008-05-21,49.939998626708984,50.290000915527344,48.439998626708984,48.439998626708984,38.77153396606445,11986400
2008-05-22,48.650001525878906,48.79999923706055,47.310001373291016,48.279998779296875,38.643470764160156,10833000
2008-05-23,48.18000030517578,48.959999084472656,47.189998626708984,47.77000045776367,38.23527526855469,15078300
2008-05-27,47.470001220703125,48.59000015258789,46.81999969482422,48.119998931884766,38.51539611816406,9654500
2008-05-28,48.0,48.97999954223633,47.119998931884766,48.900001525878906,39.13970947265625,11473400
2008-05-29,48.4900016784668,48.91999816894531,47.75,48.43000030517578,38.83501052856445,12136500
2008-05-30,48.880001068115234,49.279998779296875,48.33000183105469,48.58000183105469,38.955299377441406,11002400
2008-06-02,48.58000183105469,48.790000915527344,47.68000030517578,48.04999923706055,38.530296325683594,8545800
2008-06-03,47.84000015258789,48.380001068115234,46.70000076293945,46.75,37.487850189208984,11474300
2008-06-04,46.56999969482422,48.13999938964844,46.54999923706055,46.88999938964844,37.6001091003418,12210000
2008-06-05,47.150001525878906,49.31999969482422,47.150001525878906,49.29999923706055,39.53263854980469,12028900
2008-06-06,49.7400016784668,51.119998931884766,49.31999969482422,49.38999938964844,39.604801177978516,13814800
2008-06-09,49.72999954223633,51.189998626708984,49.5,50.599998474121094,40.575077056884766,9879300
2008-06-10,50.5,50.81999969482422,48.77000045776367,49.68000030517578,39.83735656738281,11863100
2008-06-11,50.08000183105469,50.779998779296875,48.70000076293945,49.369998931884766,39.588768005371094,7933000
2008-06-12,49.220001220703125,49.45000076293945,48.16999816894531,48.36000061035156,38.778873443603516,8529700
2008-06-13,48.58000183105469,48.7599983215332,47.939998626708984,48.13999938964844,38.60246276855469,9046800
2008-06-16,48.720001220703125,49.439998626708984,48.290000915527344,48.790000915527344,39.12367630004883,7550900
2008-06-17,48.790000915527344,50.470001220703125,48.5099983215332,50.369998931884766,40.39065170288086,9684500
2008-06-18,50.43000030517578,50.72999954223633,49.2400016784668,50.380001068115234,40.39866256713867,8546100
2008-06-19,51.2599983215332,51.709999084472656,50.04999923706055,50.150001525878906,40.21422576904297,14262500
2008-06-20,50.66999816894531,51.310001373291016,49.959999084472656,50.029998779296875,40.11800765991211,11383400
2008-06-23,50.0099983215332,53.11000061035156,50.0,53.0099983215332,42.50760269165039,15006400
2008-06-24,52.849998474121094,53.40999984741211,52.0,52.130001068115234,41.80195236206055,12390000
2008-06-25,52.31999969482422,52.77000045776367,49.88999938964844,50.84000015258789,40.76752853393555,14843700
2008-06-26,51.06999969482422,52.08000183105469,50.130001068115234,51.0099983215332,40.90385818481445,13914900
2008-06-27,51.59000015258789,52.400001525878906,50.880001068115234,52.15999984741211,41.826011657714844,12711400
2008-06-30,52.63999938964844,53.970001220703125,52.58000183105469,53.06999969482422,42.555728912353516,12893700
2008-07-01,53.08000183105469,53.97999954223633,52.540000915527344,53.90999984741211,43.22929382324219,12390700
2008-07-02,54.25,55.380001068115234,52.90999984741211,52.939998626708984,42.451480865478516,22610500
2008-07-03,53.060001373291016,53.81999969482422,50.25,50.54999923706055,40.534996032714844,11406800
2008-07-07,50.27000045776367,51.08000183105469,48.400001525878906,49.0,39.292076110839844,14990600
2008-07-08,48.45000076293945,48.45000076293945,46.22999954223633,47.439998626708984,38.0411376953125,17881500
2008-07-09,48.16999816894531,48.630001068115234,46.68000030517578,46.7599983215332,37.495872497558594,12503700
2008-07-10,46.849998474121094,48.119998931884766,46.15999984741211,47.9900016784668,38.48218536376953,13725600
2008-07-11,48.2400016784668,48.97999954223633,47.16999816894531,48.040000915527344,38.52227783203125,11868200
2008-07-14,48.22999954223633,50.08000183105469,48.22999954223633,49.189998626708984,39.44444274902344,9534300
2008-07-15,48.83000183105469,49.060001373291016,46.650001525878906,46.7599983215332,37.495872497558594,13519000
2008-07-16,46.689998626708984,47.34000015258789,45.150001525878906,46.56999969482422,37.34351348876953,17550600
2008-07-17,46.7599983215332,48.119998931884766,44.81999969482422,46.2599983215332,37.09492492675781,18952400
2008-07-18,46.79999923706055,47.68000030517578,46.279998779296875,46.97999954223633,37.67228698730469,15431800
2008-07-21,47.79999923706055,48.91999816894531,47.060001373291016,48.90999984741211,39.21990203857422,14272900
2008-07-22,48.310001373291016,49.18000030517578,44.880001068115234,46.29999923706055,37.12699890136719,20037000
2008-07-23,46.15999984741211,46.810001373291016,43.66999816894531,44.16999816894531,35.41899871826172,19320100
2008-07-24,44.25,46.029998779296875,43.209999084472656,45.41999816894531,36.42135238647461,20162300
2008-07-25,45.0,46.29999923706055,44.68000030517578,46.02000045776367,36.90248489379883,13771100
2008-07-28,46.27000045776367,46.689998626708984,45.18000030517578,45.88999938964844,36.79822540283203,17385900
2008-07-29,46.0,46.41999816894531,43.869998931884766,44.58000183105469,35.747779846191406,18448500
2008-07-30,44.18000030517578,46.0,43.5,45.70000076293945,36.645877838134766,29165400
2008-07-31,45.279998779296875,45.9900016784668,44.18000030517578,44.81999969482422,35.940223693847656,17899000
2008-08-01,44.75,46.619998931884766,44.66999816894531,45.72999954223633,36.6699333190918,14374300
2008-08-04,45.72999954223633,45.81999969482422,42.40999984741211,43.380001068115234,34.7855224609375,19134400
2008-08-05,42.84000015258789,43.540000915527344,42.04999923706055,43.400001525878906,34.80154800415039,19663100
2008-08-06,43.33000183105469,44.9900016784668,42.810001373291016,44.849998474121094,35.96426773071289,16253900
2008-08-07,45.20000076293945,45.75,44.18000030517578,44.86000061035156,35.97230911254883,14058600
2008-08-08,44.650001525878906,44.68000030517578,42.40999984741211,43.52000045776367,34.89777374267578,15281600
2008-08-11,43.43000030517578,43.900001525878906,42.869998931884766,43.47999954223633,34.86570358276367,16602400
2008-08-12,43.58000183105469,44.31999969482422,42.790000915527344,43.279998779296875,34.70534133911133,11601500
2008-08-13,43.5,45.25,43.41999816894531,45.09000015258789,36.156742095947266,13990100
2008-08-14,44.810001373291016,45.279998779296875,43.79999923706055,44.56999969482422,35.7397575378418,10263900
2008-08-15,44.11000061035156,44.119998931884766,42.9900016784668,43.61000061035156,34.96995544433594,12821700
2008-08-18,43.83000183105469,44.13999938964844,42.630001068115234,42.970001220703125,34.45674514770508,11961500
2008-08-19,42.75,44.4900016784668,42.75,44.040000915527344,35.31475067138672,13787400
2008-08-20,44.79999923706055,45.22999954223633,44.0,45.16999816894531,36.22086715698242,14479500
2008-08-21,45.79999923706055,46.2400016784668,45.09000015258789,45.959999084472656,36.854366302490234,15669500
2008-08-22,45.91999816894531,46.0099983215332,44.95000076293945,45.459999084472656,36.453426361083984,9976200
2008-08-25,45.41999816894531,45.959999084472656,44.61000061035156,45.060001373291016,36.13265609741211,8891200
2008-08-26,45.599998474121094,46.15999984741211,44.95000076293945,45.5,36.48549270629883,9126500
2008-08-27,46.25,46.2599983215332,45.02000045776367,45.77000045776367,36.7020149230957,11271400
2008-08-28,46.189998626708984,46.29999923706055,44.099998474121094,44.5099983215332,35.7619743347168,15691500
2008-08-29,45.040000915527344,45.04999923706055,43.939998626708984,43.939998626708984,35.30399703979492,8000200
2008-09-02,42.36000061035156,46.619998931884766,42.11000061035156,42.7400016784668,34.339839935302734,17469600
2008-09-03,42.38999938964844,42.7400016784668,40.56999969482422,41.33000183105469,33.20695877075195,17482300
2008-09-04,41.20000076293945,41.540000915527344,39.470001220703125,40.130001068115234,32.2428092956543,14925200
2008-09-05,39.880001068115234,40.119998931884766,38.02000045776367,39.369998931884766,31.632177352905273,21542900
2008-09-08,40.16999816894531,40.619998931884766,37.349998474121094,37.90999984741211,30.459121704101562,24235600
2008-09-09,37.369998931884766,37.52000045776367,34.529998779296875,34.79999923706055,27.96036148071289,30424100
2008-09-10,35.08000183105469,35.81999969482422,34.34000015258789,35.58000183105469,28.58707046508789,25826500
2008-09-11,35.400001525878906,35.970001220703125,34.47999954223633,35.91999816894531,28.860246658325195,22966900
2008-09-12,36.0,37.79999923706055,35.63999938964844,37.29999923706055,29.96902084350586,19721800
2008-09-15,36.060001373291016,36.540000915527344,34.0099983215332,34.34000015258789,27.59078598022461,20274700
2008-09-16,33.56999969482422,35.779998779296875,32.720001220703125,35.630001068115234,28.627243041992188,26544800
2008-09-17,35.84000015258789,36.279998779296875,34.189998626708984,34.59000015258789,27.79165267944336,23893000
2008-09-18,35.40999984741211,36.0,33.79999923706055,34.650001525878906,27.839855194091797,25899500
2008-09-19,35.9900016784668,38.349998474121094,34.75,37.619998931884766,30.22612953186035,21049100
2008-09-22,37.90999984741211,38.58000183105469,37.220001220703125,37.400001525878906,30.049362182617188,19465100
2008-09-23,37.18000030517578,37.290000915527344,34.720001220703125,35.189998626708984,28.273717880249023,24219700
2008-09-24,35.45000076293945,35.810001373291016,34.560001373291016,34.970001220703125,28.096961975097656,13408000
2008-09-25,35.099998474121094,35.189998626708984,34.099998474121094,34.68000030517578,27.863954544067383,18635300
2008-09-26,33.90999984741211,34.33000183105469,32.900001525878906,34.0,27.317611694335938,14180500
2008-09-29,33.0,33.369998931884766,29.0,30.290000915527344,24.33677101135254,25620200
2008-09-30,30.959999084472656,32.779998779296875,30.399999618530273,32.38999938964844,26.024032592773438,18182500
2008-10-01,31.84000015258789,32.09000015258789,29.6299991607666,30.31999969482422,24.360870361328125,22541300
2008-10-02,29.93000030517578,29.93000030517578,27.200000762939453,27.530000686645508,22.119226455688477,27399200
2008-10-03,27.93000030517578,28.8799991607666,26.469999313354492,26.799999237060547,21.532711029052734,23424500
2008-10-06,26.299999237060547,26.84000015258789,22.049999237060547,24.639999389648438,19.797239303588867,42596200
2008-10-07,25.540000915527344,26.329999923706055,21.489999771118164,21.790000915527344,17.507373809814453,40814600
2008-10-08,21.1299991607666,22.559999465942383,19.290000915527344,20.989999771118164,16.86460304260254,47137800
2008-10-09,21.809999465942383,22.290000915527344,18.90999984741211,18.940000534057617,15.217509269714355,31697700
2008-10-10,17.360000610351562,19.1299991607666,15.550000190734863,17.40999984741211,13.988222122192383,43572200
2008-10-13,18.75,21.850000381469727,17.940000534057617,21.510000228881836,17.282405853271484,32324500
2008-10-14,23.049999237060547,23.479999542236328,20.020000457763672,21.34000015258789,17.145816802978516,30560400
2008-10-15,20.40999984741211,20.450000762939453,17.600000381469727,17.690000534057617,14.213190078735352,28968600
2008-10-16,18.020000457763672,18.579999923706055,16.170000076293945,17.700000762939453,14.221221923828125,39882400
2008-10-17,17.239999771118164,19.8799991607666,16.559999465942383,18.260000228881836,14.67115592956543,29646200
2008-10-20,21.969999313354492,22.530000686645508,19.149999618530273,20.799999237060547,16.71195411682129,31501900
2008-10-21,20.329999923706055,22.030000686645508,19.850000381469727,20.75,16.671770095825195,27308300
2008-10-22,19.989999771118164,20.049999237060547,17.059999465942383,17.639999389648438,14.173018455505371,26515100
2008-10-23,18.0,19.020000457763672,17.100000381469727,18.739999771118164,15.05682373046875,27529700
2008-10-24,16.75,18.989999771118164,16.610000610351562,18.649999618530273,14.98451042175293,25964200
2008-10-27,18.110000610351562,18.600000381469727,16.610000610351562,16.68000030517578,13.401698112487793,20583700
2008-10-28,17.420000076293945,18.350000381469727,15.520000457763672,18.25,14.66312026977539,26270400
2008-10-29,18.579999923706055,20.100000381469727,18.40999984741211,18.850000381469727,15.145201683044434,23199000
2008-10-30,19.920000076293945,20.239999771118164,18.530000686645508,19.969999313354492,16.045076370239258,24784700
2008-10-31,19.229999542236328,20.40999984741211,18.84000015258789,19.790000915527344,15.9004545211792,20127600
2008-11-03,19.209999084472656,19.440000534057617,17.690000534057617,18.360000610351562,14.751507759094238,22070300
2008-11-04,18.81999969482422,20.329999923706055,18.75,20.15999984741211,16.197731018066406,19956100
2008-11-05,19.549999237060547,20.559999465942383,18.8700008392334,19.219999313354492,15.442477226257324,20328100
2008-11-06,18.729999542236328,19.079999923706055,17.760000228881836,18.25,14.66312026977539,23040200
2008-11-07,18.360000610351562,19.739999771118164,18.270000457763672,19.440000534057617,15.61924934387207,15783900
2008-11-10,20.25,20.65999984741211,18.829999923706055,19.299999237060547,15.506758689880371,14213000
2008-11-11,18.81999969482422,19.06999969482422,18.0,18.540000915527344,14.896133422851562,14724900
2008-11-12,18.139999389648438,18.260000228881836,17.170000076293945,17.309999465942383,13.907875061035156,21713800
2008-11-13,17.40999984741211,19.299999237060547,16.18000030517578,19.15999984741211,15.39427375793457,24263300
2008-11-14,18.06999969482422,19.15999984741211,17.34000015258789,18.110000610351562,14.550637245178223,21758500
2008-11-17,17.790000915527344,18.65999984741211,17.450000762939453,17.520000457763672,14.076606750488281,14298900
2008-11-18,17.559999465942383,18.0,16.709999084472656,17.65999984741211,14.189085960388184,19450800
2008-11-19,17.209999084472656,18.06999969482422,16.06999969482422,16.18000030517578,12.999966621398926,18349100
2008-11-20,15.8100004196167,16.100000381469727,13.220000267028809,13.460000038146973,10.814558029174805,24461800
2008-11-21,14.069999694824219,15.40999984741211,13.529999732971191,15.329999923706055,12.31702709197998,25413300
2008-11-24,16.0,16.850000381469727,15.329999923706055,16.43000030517578,13.200838088989258,19445300
2008-11-25,16.5,16.649999618530273,15.529999732971191,16.200000762939453,13.016033172607422,18145600
2008-11-26,15.9399995803833,17.729999542236328,15.9399995803833,17.579999923706055,14.124802589416504,12967600
2008-11-28,17.3799991607666,17.799999237060547,17.18000030517578,17.600000381469727,14.140877723693848,5843000
2008-12-01,16.700000762939453,16.84000015258789,15.09000015258789,15.130000114440918,12.218817710876465,15238700
2008-12-02,15.649999618530273,15.680000305175781,14.65999984741211,15.420000076293945,12.45301628112793,18299500
2008-12-03,14.899999618530273,15.170000076293945,13.800000190734863,15.100000381469727,12.194591522216797,17525000
2008-12-04,14.829999923706055,15.210000038146973,13.319999694824219,13.779999732971191,11.128573417663574,18255200
2008-12-05,13.569999694824219,14.449999809265137,12.800000190734863,14.3100004196167,11.556594848632812,20255600
2008-12-08,15.069999694824219,15.699999809265137,14.3100004196167,15.3100004196167,12.364185333251953,18162100
2008-12-09,15.149999618530273,16.420000076293945,15.020000457763672,15.680000305175781,12.662994384765625,16894300
2008-12-10,16.25,17.170000076293945,16.200000762939453,16.709999084472656,13.494810104370117,15604700
2008-12-11,16.989999771118164,17.780000686645508,16.420000076293945,16.940000534057617,13.68055534362793,20810900
2008-12-12,15.84000015258789,17.3799991607666,15.779999732971191,17.18000030517578,13.874372482299805,19845200
2008-12-15,17.670000076293945,18.260000228881836,16.90999984741211,17.260000228881836,13.938982009887695,14693200
2008-12-16,17.329999923706055,18.5,17.329999923706055,18.43000030517578,14.883857727050781,19130800
2008-12-17,18.139999389648438,18.790000915527344,17.860000610351562,18.40999984741211,14.867704391479492,15945600
2008-12-18,18.31999969482422,18.5,16.81999969482422,16.889999389648438,13.64017391204834,27394600
2008-12-19,17.06999969482422,17.860000610351562,16.760000228881836,17.510000228881836,14.140877723693848,26820500
2008-12-22,17.579999923706055,17.850000381469727,16.719999313354492,17.010000228881836,13.737085342407227,17361800
2008-12-23,17.06999969482422,17.399999618530273,16.43000030517578,16.600000381469727,13.40597152709961,10741400
2008-12-24,16.489999771118164,16.899999618530273,16.399999618530273,16.719999313354492,13.50288200378418,3424500
2008-12-26,16.780000686645508,17.25,16.690000534057617,17.239999771118164,13.92282772064209,5491700
2008-12-29,17.59000015258789,17.860000610351562,17.059999465942383,17.479999542236328,14.116653442382812,9367600
2008-12-30,17.399999618530273,17.729999542236328,16.93000030517578,17.729999542236328,14.318551063537598,14864000
2008-12-31,17.170000076293945,18.5,17.170000076293945,18.18000030517578,14.681964874267578,10388600
2009-01-02,18.18000030517578,19.690000534057617,18.110000610351562,19.450000762939453,15.707592964172363,13066100
2009-01-05,19.389999389648438,20.31999969482422,19.079999923706055,19.670000076293945,15.885278701782227,19636900
2009-01-06,20.309999465942383,21.149999618530273,20.25,20.90999984741211,16.88667869567871,30437000
2009-01-07,20.299999237060547,21.469999313354492,20.100000381469727,20.690000534057617,16.709012985229492,26625200
2009-01-08,20.31999969482422,21.200000762939453,20.209999084472656,21.15999984741211,17.088577270507812,20061000
2009-01-09,20.670000076293945,21.18000030517578,18.84000015258789,19.010000228881836,15.352264404296875,23996700
2009-01-12,18.510000228881836,18.920000076293945,17.709999084472656,17.93000030517578,14.480069160461426,16604000
2009-01-13,18.010000228881836,18.540000915527344,17.559999465942383,18.299999237060547,14.778874397277832,17903300
2009-01-14,18.0,18.020000457763672,17.0,17.200000762939453,13.89052677154541,15326800
2009-01-15,17.079999923706055,17.559999465942383,16.3799991607666,17.420000076293945,14.068195343017578,16680100
2009-01-16,17.790000915527344,17.969999313354492,17.190000534057617,17.739999771118164,14.326621055603027,17909100
2009-01-20,17.360000610351562,18.1299991607666,16.389999389648438,16.610000610351562,13.414051055908203,14065000
2009-01-21,17.100000381469727,17.809999465942383,16.65999984741211,17.719999313354492,14.310470581054688,14681800
2009-01-22,17.049999237060547,17.59000015258789,16.440000534057617,16.850000381469727,13.607871055603027,15329200
2009-01-23,16.3700008392334,18.65999984741211,16.15999984741211,18.25,14.73848819732666,20606500
2009-01-26,18.700000762939453,19.75,18.43000030517578,18.8700008392334,15.239194869995117,17161400
2009-01-27,18.860000610351562,19.420000076293945,18.09000015258789,18.56999969482422,14.996920585632324,15225100
2009-01-28,18.81999969482422,19.700000762939453,18.65999984741211,19.469999313354492,15.72375202178955,13803800
2009-01-29,19.09000015258789,19.139999389648438,17.8700008392334,18.020000457763672,14.552751541137695,17334300
2009-01-30,18.489999771118164,18.6299991607666,17.1200008392334,17.25,13.930899620056152,15442700
2009-02-02,16.889999389648438,17.549999237060547,16.690000534057617,17.139999389648438,13.842069625854492,11230500
2009-02-03,17.270000457763672,17.649999618530273,16.979999542236328,17.389999389648438,14.043967247009277,14625100
2009-02-04,17.479999542236328,18.760000228881836,17.479999542236328,18.459999084472656,14.908087730407715,16721100
2009-02-05,18.299999237060547,19.25,17.770000457763672,19.139999389648438,15.457247734069824,17300200
2009-02-06,18.920000076293945,19.979999542236328,18.6299991607666,19.709999084472656,15.917573928833008,13095000
2009-02-09,20.0,20.510000228881836,19.350000381469727,19.68000030517578,15.893342018127441,10854600
2009-02-10,19.6299991607666,20.0,18.1200008392334,18.329999923706055,14.80309772491455,16191500
2009-02-11,18.739999771118164,19.020000457763672,17.799999237060547,18.3799991607666,14.843483924865723,15592300
2009-02-12,17.969999313354492,18.15999984741211,17.149999618530273,18.149999618530273,14.65774154663086,14901500
2009-02-13,18.1299991607666,18.760000228881836,17.940000534057617,18.290000915527344,14.770798683166504,11004800
2009-02-17,17.489999771118164,17.639999389648438,16.329999923706055,16.360000610351562,13.212154388427734,13926800
2009-02-18,16.5,17.239999771118164,16.389999389648438,17.010000228881836,13.737085342407227,17276400
2009-02-19,17.450000762939453,17.600000381469727,16.899999618530273,17.0,13.729009628295898,12424700
2009-02-20,16.6299991607666,17.40999984741211,16.309999465942383,17.06999969482422,13.785540580749512,19235500
2009-02-23,17.31999969482422,17.559999465942383,15.890000343322754,15.970000267028809,12.89719295501709,15389800
2009-02-24,16.270000457763672,17.100000381469727,15.989999771118164,17.030000686645508,13.753233909606934,14977000
2009-02-25,17.190000534057617,17.40999984741211,16.229999542236328,16.56999969482422,13.381747245788574,19301300
2009-02-26,16.889999389648438,17.670000076293945,16.670000076293945,16.700000762939453,13.48673152923584,15069900
2009-02-27,16.229999542236328,16.950000762939453,15.90999984741211,16.309999465942383,13.243142127990723,18614200
2009-03-02,15.850000381469727,16.1200008392334,14.710000038146973,14.779999732971191,12.000834465026855,14749000
2009-03-03,15.109999656677246,15.550000190734863,14.800000190734863,14.920000076293945,12.114509582519531,15940700
2009-03-04,15.819999694824219,16.969999313354492,15.5600004196167,16.34000015258789,13.267500877380371,20643200
2009-03-05,15.84000015258789,16.260000228881836,15.119999885559082,15.380000114440918,12.488017082214355,16098200
2009-03-06,15.520000457763672,16.030000686645508,14.680000305175781,15.119999885559082,12.276901245117188,23403600
2009-03-09,15.369999885559082,16.450000762939453,15.109999656677246,15.720000267028809,12.764083862304688,22552100
2009-03-10,16.079999923706055,16.649999618530273,16.020000457763672,16.350000381469727,13.275619506835938,19364300
2009-03-11,16.489999771118164,16.489999771118164,15.350000381469727,15.770000457763672,12.804679870605469,16923000
2009-03-12,15.979999542236328,16.31999969482422,15.25,16.260000228881836,13.202543258666992,16671500
2009-03-13,16.709999084472656,16.850000381469727,15.899999618530273,16.110000610351562,13.08074951171875,14863900
2009-03-16,16.15999984741211,16.989999771118164,16.0,16.459999084472656,13.364935874938965,12638400
2009-03-17,16.399999618530273,17.420000076293945,16.1200008392334,17.309999465942383,14.055109024047852,14292900
2009-03-18,17.18000030517578,17.610000610351562,16.479999542236328,17.40999984741211,14.136303901672363,20147100
2009-03-19,18.0,18.68000030517578,17.690000534057617,17.809999465942383,14.461091041564941,20816800
2009-03-20,17.979999542236328,18.260000228881836,16.739999771118164,16.84000015258789,13.673484802246094,21730300
2009-03-23,17.3799991607666,18.079999923706055,17.239999771118164,18.059999465942383,14.664077758789062,19371900
2009-03-24,17.8700008392334,18.5,17.59000015258789,18.290000915527344,14.85083293914795,13294100
2009-03-25,18.299999237060547,18.299999237060547,16.760000228881836,17.43000030517578,14.152544975280762,22892200
2009-03-26,17.600000381469727,17.950000762939453,17.110000610351562,17.260000228881836,14.014509201049805,21389500
2009-03-27,16.93000030517578,17.09000015258789,16.450000762939453,16.670000076293945,13.535449028015137,14803500
2009-03-30,16.209999084472656,16.299999237060547,15.489999771118164,15.819999694824219,12.845280647277832,14647800
2009-03-31,16.040000915527344,16.18000030517578,15.319999694824219,15.470000267028809,12.561089515686035,16601200
2009-04-01,15.029999732971191,15.84000015258789,14.819999694824219,15.550000190734863,12.62604808807373,18141700
2009-04-02,16.3799991607666,16.68000030517578,15.9399995803833,16.31999969482422,13.251259803771973,20819100
2009-04-03,16.31999969482422,17.479999542236328,16.299999237060547,17.329999923706055,14.071349143981934,24008100
2009-04-06,17.09000015258789,17.139999389648438,16.549999237060547,16.989999771118164,13.79527759552002,12571800
2009-04-07,16.600000381469727,16.700000762939453,16.139999389648438,16.270000457763672,13.210665702819824,11828500
2009-04-08,16.3700008392334,16.770000457763672,15.75,16.530000686645508,13.421778678894043,14342100
2009-04-09,17.059999465942383,17.25,16.700000762939453,17.1200008392334,13.90083122253418,11163800
2009-04-13,16.700000762939453,17.170000076293945,16.399999618530273,16.969999313354492,13.779038429260254,13175700
2009-04-14,16.739999771118164,17.850000381469727,16.649999618530273,17.649999618530273,14.331175804138184,20801700
2009-04-15,17.559999465942383,18.0,17.360000610351562,17.860000610351562,14.501688957214355,17574100
2009-04-16,18.06999969482422,18.770000457763672,17.690000534057617,18.56999969482422,15.078179359436035,20019100
2009-04-17,18.469999313354492,19.0,18.270000457763672,18.780000686645508,15.248696327209473,17890800
2009-04-20,18.06999969482422,19.450000762939453,18.020000457763672,18.790000915527344,15.256814956665039,29943300
2009-04-21,18.209999084472656,20.239999771118164,18.209999084472656,19.959999084472656,16.20680809020996,30151700
2009-04-22,18.90999984741211,20.40999984741211,18.850000381469727,19.8700008392334,16.13373374938965,23123600
2009-04-23,20.049999237060547,20.1200008392334,19.1200008392334,19.790000915527344,16.06878089904785,18551800
2009-04-24,20.299999237060547,20.829999923706055,20.18000030517578,20.6200008392334,16.742717742919922,17552600
2009-04-27,19.940000534057617,20.239999771118164,19.5,20.010000228881836,16.24740982055664,14829300
2009-04-28,19.3700008392334,19.920000076293945,19.3700008392334,19.639999389648438,15.946981430053711,15078100
2009-04-29,19.84000015258789,20.790000915527344,19.760000228881836,20.479999542236328,16.629030227661133,13406400
2009-04-30,20.68000030517578,20.979999542236328,19.719999313354492,20.219999313354492,16.417926788330078,18149200
2009-05-01,20.239999771118164,21.170000076293945,20.110000610351562,20.860000610351562,16.93758201599121,12659300
2009-05-04,21.200000762939453,22.34000015258789,21.200000762939453,22.290000915527344,18.098690032958984,15584500
2009-05-05,22.780000686645508,22.850000381469727,21.549999237060547,22.15999984741211,17.99313735961914,14976300
2009-05-06,22.719999313354492,23.299999237060547,22.600000381469727,23.1299991607666,18.780744552612305,16107800
2009-05-07,24.239999771118164,24.239999771118164,22.15999984741211,22.540000915527344,18.30168914794922,15875100
2009-05-08,22.940000534057617,23.59000015258789,22.700000762939453,23.329999923706055,18.943132400512695,17567200
2009-05-11,23.040000915527344,23.040000915527344,22.200000762939453,22.270000457763672,18.08245086669922,14459200
2009-05-12,22.520000457763672,23.31999969482422,22.030000686645508,22.959999084472656,18.6427059173584,21248500
2009-05-13,22.459999084472656,22.540000915527344,21.559999465942383,21.899999618530273,17.782018661499023,17812800
2009-05-14,21.719999313354492,22.110000610351562,21.25,21.790000915527344,17.692707061767578,15746500
2009-05-15,21.559999465942383,22.049999237060547,20.950000762939453,21.170000076293945,17.18929100036621,13535600
2009-05-18,21.549999237060547,22.190000534057617,21.540000915527344,22.110000610351562,17.952533721923828,12807000
2009-05-19,22.309999465942383,22.520000457763672,21.690000534057617,21.940000534057617,17.814502716064453,15852100
2009-05-20,22.270000457763672,23.290000915527344,22.1200008392334,22.239999771118164,18.05809211730957,19638100
2009-05-21,21.729999542236328,21.799999237060547,21.040000915527344,21.34000015258789,17.327329635620117,13786100
2009-05-22,21.68000030517578,21.8799991607666,21.25,21.299999237060547,17.294849395751953,9494000
2009-05-26,21.0,22.170000076293945,20.81999969482422,22.170000076293945,18.001256942749023,14075300
2009-05-27,22.399999618530273,22.600000381469727,22.010000228881836,22.059999465942383,17.91193962097168,15264700
2009-05-28,22.1299991607666,23.049999237060547,21.809999465942383,22.770000457763672,18.564176559448242,15516700
2009-05-29,23.100000381469727,23.25,22.700000762939453,22.93000030517578,18.694622039794922,15659600
2009-06-01,23.649999618530273,24.280000686645508,23.649999618530273,23.920000076293945,19.501754760742188,17526000
2009-06-02,23.709999084472656,24.0,23.31999969482422,23.649999618530273,19.281625747680664,13016100
2009-06-03,23.260000228881836,23.440000534057617,22.09000015258789,22.56999969482422,18.401119232177734,15394700
2009-06-04,22.940000534057617,23.280000686645508,22.700000762939453,22.829999923706055,18.613088607788086,16517800
2009-06-05,23.440000534057617,23.440000534057617,22.229999542236328,22.81999969482422,18.604942321777344,17394600
2009-06-08,22.510000228881836,23.010000228881836,22.31999969482422,22.799999237060547,18.5886287689209,12237600
2009-06-09,23.270000457763672,23.450000762939453,22.829999923706055,22.940000534057617,18.702770233154297,13479200
2009-06-10,23.489999771118164,23.75,22.93000030517578,23.360000610351562,19.045202255249023,13199700
2009-06-11,23.510000228881836,24.760000228881836,23.459999084472656,24.329999923706055,19.836021423339844,18609300
2009-06-12,23.75,24.1299991607666,23.600000381469727,23.989999771118164,19.558820724487305,15072300
2009-06-15,23.510000228881836,23.6299991607666,22.899999618530273,23.149999618530273,18.873981475830078,11008400
2009-06-16,23.6200008392334,23.899999618530273,22.40999984741211,22.510000228881836,18.352195739746094,13640300
2009-06-17,22.290000915527344,22.34000015258789,21.420000076293945,21.829999923706055,17.797794342041016,19832400
2009-06-18,21.739999771118164,22.34000015258789,21.450000762939453,21.520000457763672,17.545061111450195,18433100
2009-06-19,21.75,21.770000457763672,21.149999618530273,21.3799991607666,17.43091583251953,14913200
2009-06-22,20.84000015258789,20.8700008392334,20.0,20.100000381469727,16.387346267700195,17904500
2009-06-23,20.270000457763672,20.899999618530273,20.1200008392334,20.56999969482422,16.770530700683594,15005000
2009-06-24,20.809999465942383,21.170000076293945,20.399999618530273,20.56999969482422,16.770530700683594,11567700
2009-06-25,20.200000762939453,20.809999465942383,20.1200008392334,20.639999389648438,16.827606201171875,19328700
2009-06-26,20.510000228881836,21.09000015258789,20.5,20.899999618530273,17.039573669433594,21731300
2009-06-29,21.299999237060547,21.399999618530273,20.809999465942383,20.940000534057617,17.072185516357422,10218700
2009-06-30,20.959999084472656,21.280000686645508,20.469999313354492,20.700000762939453,16.87652015686035,15382300
2009-07-01,21.049999237060547,21.3700008392334,20.6200008392334,20.700000762939453,16.87652015686035,12535900
2009-07-02,20.34000015258789,20.34000015258789,19.270000457763672,19.3799991607666,15.800333976745605,19653800
2009-07-06,18.8799991607666,19.389999389648438,18.649999618530273,19.350000381469727,15.775876998901367,16901400
2009-07-07,19.34000015258789,19.350000381469727,18.700000762939453,18.780000686645508,15.311161041259766,13739400
2009-07-08,18.719999313354492,19.219999313354492,18.110000610351562,18.719999313354492,15.262242317199707,21845000
2009-07-09,19.139999389648438,19.450000762939453,18.75,18.940000534057617,15.441605567932129,15650600
2009-07-10,18.579999923706055,19.059999465942383,18.219999313354492,18.93000030517578,15.433456420898438,11878000
2009-07-13,18.90999984741211,19.549999237060547,18.389999389648438,19.479999542236328,15.881865501403809,16478000
2009-07-14,19.81999969482422,20.0,19.56999969482422,19.81999969482422,16.159059524536133,11606500
2009-07-15,20.31999969482422,20.889999389648438,20.18000030517578,20.780000686645508,16.94174575805664,16740000
2009-07-16,20.579999923706055,21.65999984741211,20.579999923706055,21.530000686645508,17.553213119506836,18497100
2009-07-17,21.469999313354492,21.68000030517578,21.219999313354492,21.3799991607666,17.43091583251953,13599600
2009-07-20,22.1200008392334,22.440000534057617,21.399999618530273,22.329999923706055,18.205440521240234,21288200
2009-07-21,22.260000228881836,22.440000534057617,21.739999771118164,22.389999389648438,18.254358291625977,16732100
2009-07-22,21.760000228881836,22.389999389648438,21.649999618530273,22.1299991607666,18.04238510131836,11718900
2009-07-23,21.959999084472656,23.15999984741211,21.8799991607666,23.010000228881836,18.75984001159668,13846900
2009-07-24,22.889999389648438,23.540000915527344,22.68000030517578,23.479999542236328,19.143022537231445,12897100
2009-07-27,23.510000228881836,23.579999923706055,22.649999618530273,22.989999771118164,18.74353790283203,17465000
2009-07-28,22.649999618530273,22.649999618530273,21.65999984741211,22.0,17.9363956451416,22109300
2009-07-29,21.670000076293945,21.780000686645508,21.1200008392334,21.600000381469727,17.61028289794922,19895400
2009-07-30,22.1299991607666,22.270000457763672,21.780000686645508,22.020000457763672,17.95270347595215,17787000
2009-07-31,21.829999923706055,22.270000457763672,21.610000610351562,22.09000015258789,18.0097713470459,12988400
2009-08-03,22.690000534057617,23.3700008392334,22.530000686645508,23.100000381469727,18.833219528198242,14487800
2009-08-04,22.84000015258789,22.959999084472656,22.34000015258789,22.739999771118164,18.539714813232422,12327400
2009-08-05,22.610000610351562,22.729999542236328,21.979999542236328,22.100000381469727,18.017925262451172,18091700
2009-08-06,22.18000030517578,22.350000381469727,21.690000534057617,21.93000030517578,17.87933349609375,11824700
2009-08-07,22.190000534057617,22.360000610351562,21.719999313354492,22.110000610351562,18.02607536315918,11707600
2009-08-10,21.979999542236328,22.829999923706055,21.979999542236328,22.780000686645508,18.572322845458984,15289200
2009-08-11,22.700000762939453,22.860000610351562,22.479999542236328,22.700000762939453,18.507110595703125,14546800
2009-08-12,22.6299991607666,23.5,22.469999313354492,23.290000915527344,18.988128662109375,19681700
2009-08-13,23.530000686645508,24.31999969482422,23.239999771118164,23.950000762939453,19.526216506958008,22168300
2009-08-14,24.0,24.059999465942383,23.100000381469727,23.5,19.159334182739258,13730700
2009-08-17,22.899999618530273,22.93000030517578,22.290000915527344,22.65999984741211,18.474491119384766,13297300
2009-08-18,22.719999313354492,23.170000076293945,22.389999389648438,23.100000381469727,18.833219528198242,11852400
2009-08-19,22.799999237060547,23.729999542236328,22.540000915527344,23.6299991607666,19.26531219482422,18603200
2009-08-20,23.760000228881836,24.420000076293945,23.610000610351562,24.34000015258789,19.844179153442383,17487800
2009-08-21,24.68000030517578,25.18000030517578,24.600000381469727,25.049999237060547,20.423030853271484,23835700
2009-08-24,25.450000762939453,25.579999923706055,25.079999923706055,25.280000686645508,20.610549926757812,15146000
2009-08-25,25.610000610351562,25.709999084472656,24.34000015258789,24.520000457763672,19.990928649902344,15246600
2009-08-26,24.229999542236328,24.780000686645508,24.219999313354492,24.719999313354492,20.153989791870117,12974100
2009-08-27,24.510000228881836,24.56999969482422,23.729999542236328,24.399999618530273,19.89308738708496,12344200
2009-08-28,24.649999618530273,24.81999969482422,23.770000457763672,24.1299991607666,19.672964096069336,14588100
2009-08-31,23.770000457763672,23.860000610351562,23.200000762939453,23.709999084472656,19.402910232543945,16087700
2009-09-01,23.6200008392334,24.450000762939453,23.450000762939453,23.510000228881836,19.23924446105957,14711700
2009-09-02,23.200000762939453,23.729999542236328,23.200000762939453,23.34000015258789,19.10013198852539,10021000
2009-09-03,23.549999237060547,24.010000228881836,23.469999313354492,23.979999542236328,19.623868942260742,10295300
2009-09-04,23.790000915527344,24.65999984741211,23.780000686645508,24.540000915527344,20.082136154174805,10877600
2009-09-08,25.020000457763672,25.489999771118164,24.75,25.059999465942383,20.507680892944336,14104900
2009-09-09,25.25,25.350000381469727,24.700000762939453,24.940000534057617,20.409473419189453,11747000
2009-09-10,24.979999542236328,25.760000228881836,24.719999313354492,25.649999618530273,20.990495681762695,14137800
2009-09-11,25.790000915527344,26.450000762939453,25.790000915527344,26.100000381469727,21.358753204345703,15463200
2009-09-14,25.3799991607666,26.190000534057617,25.1200008392334,26.15999984741211,21.40785789489746,11405300
2009-09-15,26.1299991607666,26.989999771118164,25.81999969482422,26.940000534057617,22.046165466308594,16485200
2009-09-16,27.18000030517578,28.360000610351562,27.110000610351562,28.030000686645508,22.93815803527832,23670700
2009-09-17,28.200000762939453,28.5,27.549999237060547,27.8700008392334,22.807218551635742,15929200
2009-09-18,28.030000686645508,28.43000030517578,27.40999984741211,28.149999618530273,23.036365509033203,16610000
2009-09-21,27.329999923706055,27.8700008392334,27.190000534057617,27.450000762939453,22.463516235351562,9507600
2009-09-22,27.889999389648438,28.350000381469727,27.6299991607666,28.31999969482422,23.175479888916016,9051900
2009-09-23,28.459999084472656,28.579999923706055,27.329999923706055,27.350000381469727,22.38167953491211,11050600
2009-09-24,27.43000030517578,27.489999771118164,26.56999969482422,26.770000457763672,21.90705108642578,11678000
2009-09-25,26.510000228881836,26.979999542236328,26.190000534057617,26.739999771118164,21.882495880126953,11249300
2009-09-28,26.84000015258789,27.3799991607666,26.6299991607666,27.290000915527344,22.33258056640625,7820100
2009-09-29,27.15999984741211,27.549999237060547,26.889999389648438,27.309999465942383,22.348957061767578,9063900
2009-09-30,27.469999313354492,27.510000228881836,26.610000610351562,27.1200008392334,22.19346046447754,11958200
2009-10-01,27.1200008392334,27.25,26.34000015258789,26.399999618530273,21.60425567626953,16933300
2009-10-02,25.56999969482422,26.059999465942383,25.5,25.739999771118164,21.06415557861328,12538500
2009-10-05,25.670000076293945,26.649999618530273,25.639999389648438,26.479999542236328,21.66972541809082,9980600
2009-10-06,26.93000030517578,27.440000534057617,26.649999618530273,26.860000610351562,21.980688095092773,13489800
2009-10-07,26.850000381469727,28.079999923706055,26.84000015258789,28.020000457763672,22.929969787597656,16701900
2009-10-08,28.31999969482422,28.889999389648438,28.030000686645508,28.799999237060547,23.568281173706055,18292500
2009-10-09,28.639999389648438,28.790000915527344,28.0,28.219999313354492,23.093645095825195,10918500
2009-10-12,28.600000381469727,28.989999771118164,28.450000762939453,28.969999313354492,23.707393646240234,13900300
2009-10-13,29.0,29.079999923706055,28.149999618530273,28.469999313354492,23.298221588134766,13717400
2009-10-14,28.989999771118164,29.260000228881836,28.719999313354492,29.190000534057617,23.887434005737305,12233400
2009-10-15,28.940000534057617,30.0,28.940000534057617,29.850000381469727,24.427541732788086,30539600
2009-10-16,30.1299991607666,31.270000457763672,29.940000534057617,30.399999618530273,24.87763214111328,31173800
2009-10-19,30.899999618530273,31.209999084472656,30.56999969482422,31.049999237060547,25.409549713134766,20795800
2009-10-20,31.25,31.649999618530273,30.229999542236328,30.799999237060547,25.204959869384766,17876500
2009-10-21,30.559999465942383,31.950000762939453,30.399999618530273,31.0,25.368635177612305,18480300
2009-10-22,30.860000610351562,31.600000381469727,30.3799991607666,31.40999984741211,25.70415687561035,11587000
2009-10-23,31.510000228881836,31.510000228881836,29.860000610351562,30.209999084472656,24.722145080566406,16938400
2009-10-26,30.299999237060547,31.049999237060547,29.469999313354492,29.700000762939453,24.304784774780273,14781600
2009-10-27,29.739999771118164,30.3799991607666,29.329999923706055,30.040000915527344,24.58302879333496,16422200
2009-10-28,29.729999542236328,29.899999618530273,28.780000686645508,28.940000534057617,23.682844161987305,22046200
2009-10-29,29.25,30.3799991607666,29.100000381469727,30.329999923706055,24.82034683227539,18399500
2009-10-30,30.170000076293945,30.329999923706055,29.010000228881836,29.209999084472656,23.90380096435547,19304200
2009-11-02,29.299999237060547,30.030000686645508,28.559999465942383,29.260000228881836,23.944725036621094,17954100
2009-11-03,28.739999771118164,30.5,28.6299991607666,30.309999465942383,24.803979873657227,18394100
2009-11-04,30.459999084472656,31.0,30.149999618530273,30.229999542236328,24.738508224487305,18697900
2009-11-05,30.450000762939453,30.780000686645508,30.270000457763672,30.549999237060547,25.000383377075195,12851400
2009-11-06,30.200000762939453,31.579999923706055,30.200000762939453,31.030000686645508,25.393186569213867,15965700
2009-11-09,31.829999923706055,31.979999542236328,31.40999984741211,31.6299991607666,25.88419532775879,11759700
2009-11-10,31.440000534057617,31.8799991607666,30.829999923706055,31.469999313354492,25.753250122070312,10195200
2009-11-11,31.809999465942383,32.0,31.100000381469727,31.420000076293945,25.71234130859375,10860400
2009-11-12,31.219999313354492,31.31999969482422,30.1200008392334,30.299999237060547,24.795795440673828,15917600
2009-11-13,30.34000015258789,30.979999542236328,29.8700008392334,30.709999084472656,25.131315231323242,12243700
2009-11-16,30.920000076293945,32.0,30.809999465942383,31.719999313354492,25.957836151123047,14312900
2009-11-17,31.579999923706055,31.959999084472656,31.219999313354492,31.75,25.98239517211914,8790100
2009-11-18,31.950000762939453,31.950000762939453,31.190000534057617,31.690000534057617,25.93329429626465,10380800
2009-11-19,31.399999618530273,31.43000030517578,30.219999313354492,30.440000534057617,24.910364151000977,12724200
2009-11-20,30.219999313354492,30.459999084472656,29.719999313354492,29.8799991607666,24.452091217041016,15493000
2009-11-23,30.6299991607666,30.889999389648438,30.209999084472656,30.440000534057617,24.910364151000977,11344300
2009-11-24,30.260000228881836,30.780000686645508,29.959999084472656,30.459999084472656,24.92673110961914,9856700
2009-11-25,29.950000762939453,30.350000381469727,29.299999237060547,30.209999084472656,24.722145080566406,18408200
2009-11-27,28.989999771118164,29.43000030517578,28.280000686645508,29.09000015258789,23.80560302734375,8834200
2009-11-30,28.889999389648438,29.489999771118164,28.780000686645508,29.360000610351562,24.026552200317383,14428800
2009-12-01,29.6299991607666,29.8700008392334,29.260000228881836,29.350000381469727,24.092220306396484,13942000
2009-12-02,29.239999771118164,29.56999969482422,28.75,28.950000762939453,23.763885498046875,11780700
2009-12-03,28.75,28.860000610351562,27.979999542236328,28.059999465942383,23.03331184387207,14427100
2009-12-04,28.540000915527344,28.959999084472656,27.399999618530273,27.809999465942383,22.82809829711914,13301200
2009-12-07,27.56999969482422,28.239999771118164,27.5,27.700000762939453,22.7377986907959,9065200
2009-12-08,27.350000381469727,27.399999618530273,26.700000762939453,26.799999237060547,21.9990291595459,18093400
2009-12-09,26.649999618530273,27.610000610351562,26.549999237060547,27.459999084472656,22.540800094604492,17554900
2009-12-10,27.579999923706055,28.399999618530273,27.579999923706055,28.170000076293945,23.12361717224121,14928000
2009-12-11,28.0,28.549999237060547,27.8799991607666,28.110000610351562,23.07436180114746,11669400
2009-12-14,28.579999923706055,28.950000762939453,28.5,28.639999389648438,23.509408950805664,9761700
2009-12-15,28.600000381469727,29.5,28.600000381469727,29.1200008392334,23.903425216674805,11978000
2009-12-16,29.350000381469727,30.1299991607666,29.290000915527344,29.600000381469727,24.29743766784668,11566300
2009-12-17,29.40999984741211,30.219999313354492,29.299999237060547,30.079999923706055,24.691448211669922,20057600
2009-12-18,30.3799991607666,30.389999389648438,29.479999542236328,29.6200008392334,24.313854217529297,16837800
2009-12-21,29.8799991607666,30.65999984741211,29.8799991607666,30.280000686645508,24.855621337890625,11423200
2009-12-22,30.209999084472656,30.5,30.100000381469727,30.15999984741211,24.757118225097656,8287300
2009-12-23,30.440000534057617,30.549999237060547,30.299999237060547,30.459999084472656,25.003376007080078,7236300
2009-12-24,30.5,30.639999389648438,30.190000534057617,30.270000457763672,24.8474178314209,3385900
2009-12-28,30.31999969482422,30.639999389648438,30.170000076293945,30.309999465942383,24.880247116088867,5401600
2009-12-29,30.399999618530273,30.530000686645508,29.540000915527344,29.639999389648438,24.330272674560547,9324200
2009-12-30,29.6200008392334,30.049999237060547,29.350000381469727,29.969999313354492,24.601144790649414,7471200
2009-12-31,30.309999465942383,30.520000457763672,29.989999771118164,30.09000015258789,24.69965362548828,7678700
2010-01-04,30.719999313354492,31.34000015258789,30.65999984741211,31.25,25.65185546875,11571600
2010-01-05,31.280000686645508,31.829999923706055,30.989999771118164,31.649999618530273,25.980194091796875,18989700
2010-01-06,31.739999771118164,32.59000015258789,31.639999389648438,32.400001525878906,26.595848083496094,15720800
2010-01-07,32.310001373291016,32.52000045776367,31.920000076293945,32.47999954223633,26.66151237487793,8993100
2010-01-08,32.95000076293945,34.13999938964844,32.4900016784668,34.119998931884766,28.00772476196289,23014600
2010-01-11,34.709999084472656,34.869998931884766,33.380001068115234,33.779998779296875,27.728628158569336,15943400
2010-01-12,33.16999816894531,33.72999954223633,32.86000061035156,33.290000915527344,27.326412200927734,15739600
2010-01-13,33.349998474121094,34.209999084472656,33.16999816894531,34.04999923706055,27.95025634765625,13885400
2010-01-14,34.08000183105469,34.63999938964844,33.70000076293945,34.310001373291016,28.163681030273438,12008000
2010-01-15,34.189998626708984,34.290000915527344,33.470001220703125,34.029998779296875,27.93384552001953,11967100
2010-01-19,33.849998474121094,34.720001220703125,33.849998474121094,34.599998474121094,28.401731491088867,12018100
2010-01-20,34.099998474121094,34.2400016784668,33.0099983215332,33.27000045776367,27.30999183654785,17463600
2010-01-21,33.25,33.52000045776367,32.5,32.529998779296875,26.702558517456055,20825600
2010-01-22,32.27000045776367,32.470001220703125,31.049999237060547,31.149999618530273,25.569765090942383,21577600
2010-01-25,29.690000534057617,31.5,29.520000457763672,31.06999969482422,25.50409507751465,29815000
2010-01-26,30.829999923706055,31.5,30.309999465942383,30.8799991607666,25.348134994506836,18930800
2010-01-27,30.729999542236328,30.8700008392334,29.399999618530273,30.40999984741211,24.962331771850586,19410700
2010-01-28,30.829999923706055,30.829999923706055,29.360000610351562,29.649999618530273,24.33847999572754,16881400
2010-01-29,29.979999542236328,30.65999984741211,29.010000228881836,29.209999084472656,23.9773006439209,18196500
2010-02-01,29.56999969482422,30.700000762939453,29.530000686645508,30.649999618530273,25.159339904785156,13821700
2010-02-02,30.799999237060547,31.5,30.43000030517578,30.760000228881836,25.2496337890625,16414100
2010-02-03,30.709999084472656,31.209999084472656,30.15999984741211,30.360000610351562,24.921287536621094,11090200
2010-02-04,29.969999313354492,29.969999313354492,28.709999084472656,28.860000610351562,23.689998626708984,17959900
2010-02-05,28.809999465942383,29.260000228881836,27.709999084472656,28.290000915527344,23.22211265563965,22097000
2010-02-08,28.329999923706055,29.020000457763672,28.049999237060547,28.100000381469727,23.06614875793457,16336400
2010-02-09,28.559999465942383,29.68000030517578,28.559999465942383,29.079999923706055,23.870588302612305,20175400
2010-02-10,29.010000228881836,29.510000228881836,28.5,29.229999542236328,23.993722915649414,12150700
2010-02-11,29.25,30.229999542236328,28.8700008392334,30.15999984741211,24.757118225097656,14493200
2010-02-12,29.59000015258789,30.079999923706055,29.420000076293945,30.020000457763672,24.642196655273438,14981300
2010-02-16,30.68000030517578,31.139999389648438,30.43000030517578,31.049999237060547,25.487680435180664,15028400
2010-02-17,31.149999618530273,31.239999771118164,30.729999542236328,31.079999923706055,25.51230812072754,11394000
2010-02-18,30.93000030517578,31.65999984741211,30.93000030517578,31.540000915527344,25.889902114868164,11485800
2010-02-19,31.420000076293945,32.08000183105469,31.190000534057617,31.790000915527344,26.09511947631836,12130100
2010-02-22,31.90999984741211,32.150001525878906,30.8700008392334,31.020000457763672,25.463058471679688,14988500
2010-02-23,30.81999969482422,30.989999771118164,30.059999465942383,30.200000762939453,24.789945602416992,14472400
2010-02-24,30.299999237060547,30.540000915527344,29.690000534057617,30.010000228881836,24.633989334106445,18173300
2010-02-25,29.3799991607666,30.09000015258789,29.0,30.0,24.625782012939453,13093300
2010-02-26,30.020000457763672,30.25,29.559999465942383,30.149999618530273,24.823383331298828,12722900
2010-03-01,30.459999084472656,30.950000762939453,30.360000610351562,30.75,25.317378997802734,11698800
2010-03-02,30.959999084472656,31.670000076293945,30.84000015258789,31.209999084472656,25.696104049682617,12519400
2010-03-03,31.530000686645508,32.220001220703125,31.40999984741211,31.700000762939453,26.099550247192383,10792800
2010-03-04,31.780000686645508,31.889999389648438,31.170000076293945,31.450000762939453,25.89370346069336,7605700
2010-03-05,31.790000915527344,32.11000061035156,31.649999618530273,31.8799991607666,26.247739791870117,8737400
2010-03-08,31.899999618530273,32.38999938964844,31.260000228881836,31.40999984741211,25.860780715942383,10685000
2010-03-09,31.149999618530273,31.25,30.59000015258789,30.90999984741211,25.449106216430664,14949900
2010-03-10,30.850000381469727,31.1299991607666,30.149999618530273,30.639999389648438,25.226808547973633,20693100
2010-03-11,30.510000228881836,30.790000915527344,30.170000076293945,30.739999771118164,25.309139251708984,13677900
2010-03-12,31.15999984741211,31.549999237060547,30.780000686645508,31.5,25.93487548828125,15641400
2010-03-15,31.270000457763672,31.520000457763672,30.65999984741211,31.030000686645508,25.54791259765625,10154400
2010-03-16,31.270000457763672,31.93000030517578,31.170000076293945,31.709999084472656,26.10776710510254,11203600
2010-03-17,31.90999984741211,32.83000183105469,31.809999465942383,32.52000045776367,26.774669647216797,16965200
2010-03-18,32.470001220703125,32.54999923706055,31.389999389648438,31.579999923706055,26.0007381439209,12179500
2010-03-19,30.5,31.899999618530273,30.209999084472656,30.5,25.11154556274414,18790400
2010-03-22,30.149999618530273,30.899999618530273,29.889999389648438,30.639999389648438,25.226808547973633,11853300
2010-03-23,30.719999313354492,31.18000030517578,30.530000686645508,30.709999084472656,25.28443717956543,10179100
2010-03-24,30.389999389648438,30.81999969482422,30.149999618530273,30.209999084472656,24.872777938842773,9982800
2010-03-25,30.5,30.649999618530273,29.540000915527344,29.56999969482422,24.345848083496094,14175800
2010-03-26,29.799999237060547,29.8700008392334,29.25,29.360000610351562,24.172954559326172,12483100
2010-03-29,29.649999618530273,30.09000015258789,29.479999542236328,29.8700008392334,24.592851638793945,12255000
2010-03-30,29.959999084472656,30.260000228881836,29.850000381469727,30.0,24.699886322021484,11792700
2010-03-31,30.25,30.329999923706055,29.940000534057617,30.1299991607666,24.806913375854492,10508700
2010-04-01,30.530000686645508,31.06999969482422,30.459999084472656,30.739999771118164,25.309139251708984,13189700
2010-04-05,31.149999618530273,31.979999542236328,30.790000915527344,31.850000381469727,26.22304344177246,16571600
2010-04-06,31.959999084472656,32.43000030517578,31.8700008392334,32.20000076293945,26.511205673217773,9753700
2010-04-07,32.2599983215332,32.310001373291016,31.399999618530273,31.6299991607666,26.041912078857422,12860100
2010-04-08,31.34000015258789,31.690000534057617,30.8799991607666,31.65999984741211,26.066608428955078,11112500
2010-04-09,31.829999923706055,32.0,31.190000534057617,31.56999969482422,25.99251365661621,8299300
2010-04-12,31.489999771118164,31.950000762939453,31.420000076293945,31.5,25.93487548828125,6770700
2010-04-13,31.479999542236328,31.579999923706055,31.06999969482422,31.420000076293945,25.869007110595703,9046100
2010-04-14,31.719999313354492,32.5,31.549999237060547,32.43000030517578,26.700572967529297,11950200
2010-04-15,32.36000061035156,32.68000030517578,32.13999938964844,32.52000045776367,26.774669647216797,10454400
2010-04-16,32.290000915527344,32.45000076293945,31.040000915527344,31.639999389648438,26.050138473510742,16701400
2010-04-19,31.459999084472656,32.470001220703125,31.170000076293945,31.56999969482422,25.99251365661621,21178300
2010-04-20,31.940000534057617,33.599998474121094,31.899999618530273,33.310001373291016,27.425098419189453,18422800
2010-04-21,33.380001068115234,33.970001220703125,32.939998626708984,33.290000915527344,27.408632278442383,15546600
2010-04-22,32.91999816894531,33.880001068115234,32.689998626708984,33.72999954223633,27.770891189575195,11774900
2010-04-23,34.040000915527344,35.220001220703125,33.93000030517578,34.959999084472656,28.783588409423828,18852700
2010-04-26,34.97999954223633,35.02000045776367,34.290000915527344,34.470001220703125,28.38016128540039,11508600
2010-04-27,34.150001525878906,34.20000076293945,32.65999984741211,32.810001373291016,27.01344108581543,17140400
2010-04-28,32.95000076293945,33.43000030517578,32.439998626708984,33.349998474121094,27.458032608032227,12947000
2010-04-29,33.58000183105469,34.11000061035156,29.239999771118164,31.600000381469727,26.017208099365234,73582700
2010-04-30,29.700000762939453,31.43000030517578,29.059999465942383,30.649999618530273,25.235042572021484,60712200
2010-05-03,29.93000030517578,32.369998931884766,29.709999084472656,31.389999389648438,25.84430694580078,42907200
2010-05-04,30.75,31.0,29.770000457763672,30.309999465942383,24.955114364624023,24148000
2010-05-05,29.75,30.84000015258789,29.34000015258789,29.979999542236328,24.68341064453125,25037700
2010-05-06,29.950000762939453,30.239999771118164,26.969999313354492,28.75,23.67071533203125,31857600
2010-05-07,27.59000015258789,28.6200008392334,26.700000762939453,27.510000228881836,22.64979362487793,30882600
2010-05-10,28.489999771118164,28.68000030517578,26.860000610351562,27.59000015258789,22.715654373168945,38861900
2010-05-11,27.020000457763672,29.09000015258789,26.969999313354492,28.34000015258789,23.333148956298828,28979300
2010-05-12,28.489999771118164,29.5,28.489999771118164,29.09000015258789,23.95064926147461,20877400
2010-05-13,29.860000610351562,29.8700008392334,28.93000030517578,29.010000228881836,23.88477897644043,20261500
2010-05-14,29.280000686645508,29.329999923706055,27.760000228881836,28.09000015258789,23.127317428588867,19416900
2010-05-17,28.450000762939453,28.65999984741211,27.010000228881836,27.850000381469727,22.92972183227539,18458100
2010-05-18,28.25,28.84000015258789,27.360000610351562,27.639999389648438,22.7568302154541,18210600
2010-05-19,27.469999313354492,28.399999618530273,26.760000228881836,27.1200008392334,22.328691482543945,20568900
2010-05-20,26.209999084472656,26.780000686645508,25.389999389648438,26.219999313354492,21.58770179748535,34147000
2010-05-21,25.559999465942383,26.81999969482422,25.219999313354492,26.729999542236328,22.007591247558594,22840100
2010-05-24,26.65999984741211,26.739999771118164,25.56999969482422,25.649999618530273,21.1184024810791,15975200
2010-05-25,24.739999771118164,25.690000534057617,24.329999923706055,25.6200008392334,21.093700408935547,25742800
2010-05-26,25.8799991607666,26.5,25.760000228881836,25.8799991607666,21.307764053344727,17683600
2010-05-27,27.100000381469727,27.25,26.239999771118164,26.989999771118164,22.29920768737793,28424600
2010-05-28,26.8700008392334,27.030000686645508,24.65999984741211,24.829999923706055,20.514612197875977,37082200
2010-06-01,23.299999237060547,23.559999465942383,21.100000381469727,21.149999618530273,17.474184036254883,72573900
2010-06-02,21.979999542236328,23.84000015258789,21.780000686645508,23.68000030517578,19.564470291137695,59768500
2010-06-03,24.139999389648438,24.139999389648438,22.899999618530273,23.6299991607666,19.523164749145508,31618000
2010-06-04,23.639999389648438,23.989999771118164,22.889999389648438,23.110000610351562,19.093536376953125,27956900
2010-06-07,23.18000030517578,23.799999237060547,22.65999984741211,22.799999237060547,18.837417602539062,21102900
2010-06-08,22.90999984741211,23.239999771118164,22.25,23.020000457763672,19.01917839050293,26666200
2010-06-09,23.170000076293945,24.219999313354492,22.270000457763672,22.559999465942383,18.639123916625977,30861700
2010-06-10,23.219999313354492,24.299999237060547,23.1200008392334,24.219999313354492,20.0106258392334,23553000
2010-06-11,24.049999237060547,24.760000228881836,23.799999237060547,24.389999389648438,20.15108299255371,14346500
2010-06-14,24.93000030517578,24.93000030517578,23.940000534057617,24.020000457763672,19.84538459777832,14358400
2010-06-15,24.350000381469727,25.549999237060547,24.329999923706055,25.459999084472656,21.035118103027344,16263200
2010-06-16,25.40999984741211,26.790000915527344,25.399999618530273,26.25,21.687822341918945,28251500
2010-06-17,26.450000762939453,26.639999389648438,26.0,26.389999389648438,21.803485870361328,12975400
2010-06-18,26.440000534057617,27.0,26.030000686645508,26.979999542236328,22.29094886779785,14032300
2010-06-21,27.540000915527344,27.739999771118164,26.770000457763672,27.049999237060547,22.348779678344727,18403500
2010-06-22,26.989999771118164,27.299999237060547,25.8700008392334,25.989999771118164,21.473003387451172,18620300
2010-06-23,26.049999237060547,26.1200008392334,25.479999542236328,25.780000686645508,21.29949951171875,14073000
2010-06-24,25.600000381469727,25.799999237060547,25.059999465942383,25.209999084472656,20.828569412231445,12047300
2010-06-25,25.299999237060547,26.34000015258789,25.270000457763672,26.34000015258789,21.762170791625977,28687600
2010-06-28,26.940000534057617,26.969999313354492,25.93000030517578,25.989999771118164,21.473003387451172,12987600
2010-06-29,25.389999389648438,25.489999771118164,24.260000228881836,24.479999542236328,20.225433349609375,25848100
2010-06-30,24.510000228881836,25.6200008392334,24.43000030517578,24.549999237060547,20.28326988220215,21876000
2010-07-01,25.18000030517578,25.239999771118164,24.270000457763672,24.979999542236328,20.63853645324707,27466700
2010-07-02,25.229999542236328,26.049999237060547,25.030000686645508,25.739999771118164,21.266456604003906,22293400
2010-07-06,26.469999313354492,26.93000030517578,26.0,26.459999084472656,21.861318588256836,20082000
2010-07-07,26.799999237060547,28.059999465942383,26.639999389648438,27.989999771118164,23.125408172607422,24892100
2010-07-08,28.149999618530273,28.84000015258789,27.75,28.709999084472656,23.72027587890625,21062600
2010-07-09,28.559999465942383,28.75,28.010000228881836,28.639999389648438,23.662429809570312,14491800
2010-07-12,28.479999542236328,28.889999389648438,27.75,28.170000076293945,23.27412986755371,16809100
2010-07-13,28.559999465942383,28.6299991607666,27.729999542236328,28.1299991607666,23.241077423095703,16398600
2010-07-14,27.899999618530273,28.489999771118164,27.520000457763672,28.170000076293945,23.27412986755371,11178800
2010-07-15,28.1299991607666,28.31999969482422,27.309999465942383,28.100000381469727,23.21628761291504,17612700
2010-07-16,27.969999313354492,28.040000915527344,27.5,27.510000228881836,22.728836059570312,20644800
2010-07-19,28.790000915527344,29.43000030517578,28.280000686645508,29.170000076293945,24.100322723388672,39191500
2010-07-20,28.959999084472656,30.579999923706055,28.959999084472656,30.270000457763672,25.0091552734375,24945600
2010-07-21,30.299999237060547,30.649999618530273,29.559999465942383,29.8799991607666,24.686927795410156,15547700
2010-07-22,30.299999237060547,30.709999084472656,30.15999984741211,30.299999237060547,25.033937454223633,15876000
2010-07-23,30.1200008392334,30.610000610351562,29.520000457763672,30.59000015258789,25.273529052734375,12328400
2010-07-26,30.600000381469727,30.860000610351562,30.229999542236328,30.860000610351562,25.496610641479492,8502500
2010-07-27,30.950000762939453,31.06999969482422,30.0,30.450000762939453,25.15786361694336,12830800
2010-07-28,29.889999389648438,30.450000762939453,29.709999084472656,29.979999542236328,24.769548416137695,11070800
2010-07-29,30.18000030517578,30.540000915527344,29.610000610351562,30.110000610351562,24.876951217651367,12334400
2010-07-30,29.09000015258789,29.989999771118164,29.0,29.8799991607666,24.686927795410156,13335900
2010-08-02,30.59000015258789,31.0,30.440000534057617,30.729999542236328,25.389205932617188,13065800
2010-08-03,30.440000534057617,31.399999618530273,30.31999969482422,31.200000762939453,25.777523040771484,14626300
2010-08-04,31.1200008392334,31.549999237060547,30.610000610351562,31.059999465942383,25.661848068237305,11873500
2010-08-05,30.93000030517578,31.350000381469727,30.610000610351562,31.25,25.818832397460938,8397800
2010-08-06,30.81999969482422,31.149999618530273,30.190000534057617,30.920000076293945,25.54618263244629,10732100
2010-08-09,31.040000915527344,31.200000762939453,30.40999984741211,30.700000762939453,25.36441993713379,8376200
2010-08-10,30.25,30.34000015258789,29.700000762939453,30.1200008392334,24.885221481323242,12892100
2010-08-11,29.670000076293945,29.700000762939453,28.25,28.780000686645508,23.778106689453125,15167600
2010-08-12,28.1299991607666,28.760000228881836,28.0,28.43000030517578,23.488935470581055,10845200
2010-08-13,28.520000457763672,28.809999465942383,27.979999542236328,28.100000381469727,23.21628761291504,11380500
2010-08-16,27.920000076293945,28.239999771118164,27.639999389648438,27.809999465942383,22.9766845703125,11555200
2010-08-17,28.15999984741211,29.09000015258789,27.969999313354492,28.700000762939453,23.712017059326172,10240700
2010-08-18,28.59000015258789,28.979999542236328,28.139999389648438,28.790000915527344,23.786373138427734,7576400
2010-08-19,28.610000610351562,28.700000762939453,28.149999618530273,28.559999465942383,23.596343994140625,10680100
2010-08-20,28.25,28.34000015258789,27.360000610351562,27.81999969482422,22.984952926635742,12172200
2010-08-23,27.5,28.5,27.360000610351562,28.139999389648438,23.24934196472168,10421100
2010-08-24,27.860000610351562,29.139999389648438,27.6299991607666,28.06999969482422,23.19150161743164,18253100
2010-08-25,27.81999969482422,28.1200008392334,27.5,27.989999771118164,23.125408172607422,9993500
2010-08-26,28.149999618530273,28.65999984741211,27.969999313354492,28.1200008392334,23.232812881469727,10549900
2010-08-27,28.3700008392334,29.34000015258789,27.700000762939453,29.25,24.16642189025879,12104200
2010-08-30,29.079999923706055,29.1200008392334,28.479999542236328,28.489999771118164,23.611156463623047,7586500
2010-08-31,28.34000015258789,28.709999084472656,27.84000015258789,28.209999084472656,23.37911033630371,10480700
2010-09-01,28.90999984741211,29.969999313354492,28.690000534057617,29.729999542236328,24.638809204101562,11980700
2010-09-02,29.829999923706055,30.209999084472656,29.6200008392334,30.1299991607666,24.970312118530273,7916600
2010-09-03,30.149999618530273,30.719999313354492,30.1200008392334,30.43000030517578,25.218935012817383,7392200
2010-09-07,30.110000610351562,30.280000686645508,29.520000457763672,29.84000015258789,24.729970932006836,8084400
2010-09-08,29.670000076293945,30.350000381469727,29.329999923706055,30.209999084472656,25.03661346435547,8561800
2010-09-09,30.6200008392334,30.979999542236328,30.149999618530273,30.219999313354492,25.044898986816406,10175900
2010-09-10,30.450000762939453,31.1299991607666,30.360000610351562,30.8799991607666,25.591882705688477,11992200
2010-09-13,31.18000030517578,31.729999542236328,31.09000015258789,31.610000610351562,26.196868896484375,9664500
2010-09-14,31.479999542236328,31.809999465942383,31.030000686645508,31.3799991607666,26.006256103515625,8971700
2010-09-15,31.010000228881836,31.270000457763672,30.68000030517578,31.209999084472656,25.86536407470703,9419300
2010-09-16,31.1299991607666,31.549999237060547,30.760000228881836,31.0,25.69132423400879,10444200
2010-09-17,31.170000076293945,31.25,30.459999084472656,30.959999084472656,25.658174514770508,13531400
2010-09-20,31.139999389648438,31.920000076293945,30.549999237060547,31.799999237060547,26.35433006286621,10839400
2010-09-21,31.8700008392334,32.130001068115234,31.34000015258789,31.829999923706055,26.379188537597656,13721100
2010-09-22,31.760000228881836,32.400001525878906,31.329999923706055,31.520000457763672,26.122282028198242,9095300
2010-09-23,31.1299991607666,32.150001525878906,31.0,31.799999237060547,26.35433006286621,12644200
2010-09-24,32.06999969482422,32.91999816894531,32.040000915527344,32.72999954223633,27.125076293945312,13999900
2010-09-27,32.79999923706055,33.0,32.380001068115234,32.40999984741211,26.85987091064453,8939400
2010-09-28,32.75,32.900001525878906,31.979999542236328,32.77000045776367,27.15822410583496,9415200
2010-09-29,32.630001068115234,33.56999969482422,32.54999923706055,33.400001525878906,27.680330276489258,13886300
2010-09-30,33.650001525878906,33.84000015258789,32.58000183105469,33.06999969482422,27.406848907470703,11331400
2010-10-01,33.47999954223633,33.630001068115234,33.040000915527344,33.33000183105469,27.622323989868164,10300000
2010-10-04,33.279998779296875,33.540000915527344,32.61000061035156,33.029998779296875,27.37369728088379,10071700
2010-10-05,33.41999816894531,34.2400016784668,33.34000015258789,34.060001373291016,28.227312088012695,9105600
2010-10-06,34.06999969482422,34.349998474121094,33.709999084472656,33.970001220703125,28.152727127075195,10220000
2010-10-07,34.220001220703125,34.25,33.27000045776367,33.619998931884766,27.8626651763916,8793900
2010-10-08,33.7599983215332,34.9900016784668,33.7599983215332,34.72999954223633,28.78257942199707,11141800
2010-10-11,34.75,35.13999938964844,34.400001525878906,34.560001373291016,28.64168930053711,8686400
2010-10-12,34.4900016784668,35.11000061035156,33.93000030517578,34.84000015258789,28.873733520507812,10916300
2010-10-13,35.2599983215332,35.849998474121094,35.11000061035156,35.630001068115234,29.5284481048584,11620700
2010-10-14,35.459999084472656,35.70000076293945,34.68000030517578,35.08000183105469,29.07264518737793,13987700
2010-10-15,35.29999923706055,35.88999938964844,34.810001373291016,35.81999969482422,29.685922622680664,15549400
2010-10-18,33.75,34.47999954223633,33.439998626708984,34.09000015258789,28.252180099487305,31260600
2010-10-19,33.619998931884766,33.63999938964844,32.720001220703125,33.18000030517578,27.49800682067871,19299700
2010-10-20,33.16999816894531,34.060001373291016,33.060001373291016,33.790000915527344,28.003549575805664,15332600
2010-10-21,34.029998779296875,34.47999954223633,33.5099983215332,33.720001220703125,27.945533752441406,14693800
2010-10-22,34.119998931884766,35.0,34.119998931884766,34.18000030517578,28.32676124572754,13728000
2010-10-25,34.560001373291016,35.060001373291016,34.220001220703125,34.279998779296875,28.409639358520508,12901500
2010-10-26,34.119998931884766,35.220001220703125,33.970001220703125,34.790000915527344,28.832294464111328,11866700
2010-10-27,34.380001068115234,34.4900016784668,33.7599983215332,34.41999816894531,28.525671005249023,11006300
2010-10-28,34.72999954223633,34.7599983215332,28.860000610351562,31.68000030517578,26.2548828125,97847900
2010-10-29,30.200000762939453,31.979999542236328,29.989999771118164,31.860000610351562,26.404056549072266,46023200
2010-11-01,32.119998931884766,32.560001373291016,31.110000610351562,31.420000076293945,26.03940773010254,25108700
2010-11-02,31.729999542236328,31.989999771118164,30.68000030517578,31.399999618530273,26.0228271484375,24430200
2010-11-03,31.65999984741211,31.739999771118164,30.950000762939453,31.690000534057617,26.263174057006836,26694500
2010-11-04,32.36000061035156,33.060001373291016,32.04999923706055,32.849998474121094,27.224525451660156,21572800
2010-11-05,32.790000915527344,32.9900016784668,31.459999084472656,31.920000076293945,26.453781127929688,24832700
2010-11-08,31.860000610351562,33.540000915527344,31.75,33.43000030517578,27.7051944732666,26412100
2010-11-09,33.619998931884766,33.9900016784668,32.970001220703125,33.220001220703125,27.531164169311523,18228200
2010-11-10,33.65999984741211,34.939998626708984,33.27000045776367,34.880001068115234,28.906883239746094,27551800
2010-11-11,34.59000015258789,36.31999969482422,34.59000015258789,36.310001373291016,30.09200668334961,29136200
2010-11-12,35.810001373291016,36.38999938964844,35.369998931884766,35.81999969482422,29.685922622680664,16019000
2010-11-15,36.4900016784668,36.7400016784668,35.77000045776367,35.84000015258789,29.702484130859375,15503900
2010-11-16,35.31999969482422,35.630001068115234,34.66999816894531,35.029998779296875,29.031190872192383,14974900
2010-11-17,35.0,35.75,34.56999969482422,35.5,29.42072868347168,11125500
2010-11-18,35.75,37.77000045776367,35.560001373291016,37.560001373291016,31.127946853637695,22464100
2010-11-19,37.43000030517578,38.04999923706055,36.75,38.0099983215332,31.500896453857422,17377300
2010-11-22,37.27000045776367,37.540000915527344,36.47999954223633,37.310001373291016,30.920745849609375,15601700
2010-11-23,36.70000076293945,36.83000183105469,36.02000045776367,36.459999084472656,30.2163143157959,15698200
2010-11-24,36.63999938964844,37.58000183105469,36.63999938964844,37.369998931884766,30.97049331665039,10019500
2010-11-26,36.75,37.119998931884766,36.439998626708984,36.560001373291016,30.2992000579834,4183000
2010-11-29,36.52000045776367,38.040000915527344,36.0099983215332,37.869998931884766,31.384855270385742,14689000
2010-11-30,37.18000030517578,38.47999954223633,36.68000030517578,37.84000015258789,31.359996795654297,15509000
2010-12-01,38.599998474121094,39.45000076293945,38.599998474121094,39.189998626708984,32.55624008178711,13407100
2010-12-02,39.2400016784668,40.77000045776367,39.2400016784668,40.61000061035156,33.73588180541992,17227600
2010-12-03,40.349998474121094,41.380001068115234,40.29999923706055,41.150001525878906,34.18447494506836,15344200
2010-12-06,41.0,41.150001525878906,40.209999084472656,40.81999969482422,33.91033172607422,10417100
2010-12-07,41.560001373291016,41.689998626708984,40.060001373291016,40.380001068115234,33.54481887817383,23383400
2010-12-08,40.290000915527344,41.18000030517578,39.79999923706055,40.22999954223633,33.42020797729492,17932400
2010-12-09,40.459999084472656,40.70000076293945,40.04999923706055,40.459999084472656,33.61125183105469,8295700
2010-12-10,40.61000061035156,40.790000915527344,40.06999969482422,40.220001220703125,33.41189193725586,9489200
2010-12-13,40.650001525878906,41.689998626708984,40.5099983215332,41.150001525878906,34.18447494506836,12929800
2010-12-14,40.9900016784668,41.72999954223633,40.779998779296875,41.08000183105469,34.12632369995117,9107400
2010-12-15,40.4900016784668,41.15999984741211,39.7400016784668,39.790000915527344,33.054683685302734,13618700
2010-12-16,39.7400016784668,40.349998474121094,39.25,40.27000045776367,33.453433990478516,9185500
2010-12-17,40.349998474121094,40.68000030517578,39.650001525878906,39.88999938964844,33.137760162353516,13405200
2010-12-20,40.43000030517578,40.59000015258789,39.709999084472656,40.150001525878906,33.35375213623047,8628300
2010-12-21,40.400001525878906,40.4900016784668,39.970001220703125,40.290000915527344,33.470054626464844,7478500
2010-12-22,40.36000061035156,40.56999969482422,40.04999923706055,40.40999984741211,33.56972885131836,6400700
2010-12-23,40.41999816894531,40.5,40.119998931884766,40.31999969482422,33.49497985839844,3919600
2010-12-27,40.20000076293945,40.20000076293945,39.54999923706055,39.86000061035156,33.11283493041992,4371500
2010-12-28,39.93000030517578,40.060001373291016,39.4900016784668,39.630001068115234,32.9217643737793,5732700
2010-12-29,39.689998626708984,40.84000015258789,39.4900016784668,40.689998626708984,33.802330017089844,7844900
2010-12-30,40.68000030517578,41.150001525878906,40.56999969482422,41.0099983215332,34.068172454833984,6021900
2010-12-31,40.91999816894531,41.13999938964844,40.58000183105469,40.83000183105469,33.91865158081055,4376500
2011-01-03,41.349998474121094,41.47999954223633,40.7400016784668,40.75,33.8521842956543,7794700
2011-01-04,40.97999954223633,41.08000183105469,39.31999969482422,39.54999923706055,32.855308532714844,12572100
2011-01-05,39.29999923706055,39.58000183105469,38.56999969482422,39.41999816894531,32.747310638427734,18623000
2011-01-06,39.66999816894531,39.72999954223633,37.68000030517578,38.220001220703125,31.75044059753418,22435200
2011-01-07,38.2599983215332,39.06999969482422,37.869998931884766,38.45000076293945,31.94151496887207,15194200
2011-01-10,38.20000076293945,38.47999954223633,37.70000076293945,38.16999816894531,31.708908081054688,12887600
2011-01-11,38.7599983215332,39.61000061035156,38.650001525878906,39.380001068115234,32.714080810546875,11788000
2011-01-12,39.83000183105469,40.20000076293945,39.529998779296875,39.88999938964844,33.137760162353516,8117200
2011-01-13,40.060001373291016,40.220001220703125,38.93000030517578,39.22999954223633,32.589481353759766,10988100
2011-01-14,39.0,40.02000045776367,38.619998931884766,39.9900016784668,33.220829010009766,10814600
2011-01-18,39.97999954223633,40.189998626708984,39.220001220703125,40.040000915527344,33.262359619140625,10182900
2011-01-19,39.959999084472656,40.060001373291016,39.0099983215332,39.2400016784668,32.59778594970703,11095000
2011-01-20,38.91999816894531,39.41999816894531,38.029998779296875,39.060001373291016,32.44826126098633,12998200
2011-01-21,40.029998779296875,40.5,38.84000015258789,39.189998626708984,32.55624008178711,16048900
2011-01-24,39.31999969482422,40.31999969482422,38.36000061035156,39.54999923706055,32.855308532714844,24656700
2011-01-25,40.08000183105469,40.349998474121094,39.470001220703125,40.20000076293945,33.3952751159668,18979300
2011-01-26,40.709999084472656,43.650001525878906,40.599998474121094,43.400001525878906,36.05362319946289,29593500
2011-01-27,43.77000045776367,43.939998626708984,42.2400016784668,43.16999816894531,35.8625373840332,16864100
2011-01-28,43.540000915527344,44.0,42.95000076293945,43.880001068115234,36.45235824584961,16175300
2011-01-31,43.9900016784668,45.38999938964844,43.7599983215332,45.0,37.38276672363281,17398500
2011-02-01,45.2599983215332,45.75,44.86000061035156,45.5099983215332,37.80644989013672,15635600
2011-02-02,45.4900016784668,46.900001525878906,45.20000076293945,46.61000061035156,38.720237731933594,15801400
2011-02-03,46.56999969482422,46.93000030517578,45.939998626708984,46.779998779296875,38.861488342285156,17941700
2011-02-04,46.75,46.91999816894531,45.33000183105469,45.91999816894531,38.14704513549805,14791600
2011-02-07,46.150001525878906,47.220001220703125,46.0,46.18000030517578,38.363040924072266,12200200
2011-02-08,45.540000915527344,45.68000030517578,43.849998474121094,44.970001220703125,37.35784912109375,23067400
2011-02-09,44.81999969482422,45.099998474121094,43.630001068115234,43.95000076293945,36.51051712036133,13893000
2011-02-10,43.630001068115234,44.81999969482422,43.36000061035156,44.790000915527344,37.208316802978516,14636500
2011-02-11,44.720001220703125,45.08000183105469,43.95000076293945,44.63999938964844,37.08371353149414,11140500
2011-02-14,44.400001525878906,46.15999984741211,44.22999954223633,45.63999938964844,37.9144401550293,12469300
2011-02-15,45.790000915527344,46.130001068115234,45.209999084472656,45.540000915527344,37.83137512207031,10276900
2011-02-16,45.93000030517578,47.689998626708984,45.72999954223633,47.4900016784668,39.4512825012207,17940400
2011-02-17,46.83000183105469,48.84000015258789,46.720001220703125,48.43000030517578,40.2321662902832,15117500
2011-02-18,48.540000915527344,48.68000030517578,47.75,48.11000061035156,39.96633529663086,10711500
2011-02-22,48.5,48.63999938964844,46.189998626708984,46.599998474121094,38.711944580078125,14546000
2011-02-23,46.70000076293945,47.540000915527344,46.400001525878906,47.34000015258789,39.32668685913086,13169000
2011-02-24,46.86000061035156,47.29999923706055,44.970001220703125,45.54999923706055,37.83966827392578,17397100
2011-02-25,45.7599983215332,47.18000030517578,45.599998474121094,47.029998779296875,39.06915283203125,12499300
2011-02-28,47.310001373291016,47.459999084472656,45.97999954223633,46.939998626708984,39.06914138793945,13134200
2011-03-01,47.5099983215332,47.58000183105469,46.20000076293945,46.33000183105469,38.56144332885742,12762500
2011-03-02,46.29999923706055,46.529998779296875,44.84000015258789,46.34000015258789,38.56975555419922,12668900
2011-03-03,46.84000015258789,47.529998779296875,46.310001373291016,47.439998626708984,39.485313415527344,9003900
2011-03-04,47.33000183105469,47.599998474121094,46.189998626708984,46.84000015258789,38.98591613769531,9503800
2011-03-07,46.970001220703125,47.380001068115234,46.0,46.439998626708984,38.65300750732422,8916800
2011-03-08,46.65999984741211,46.709999084472656,45.099998474121094,45.720001220703125,38.0537223815918,10474100
2011-03-09,45.59000015258789,46.2400016784668,45.08000183105469,45.27000045776367,37.679176330566406,7006100
2011-03-10,44.45000076293945,44.56999969482422,43.40999984741211,43.75,36.41405487060547,12031500
2011-03-11,42.790000915527344,44.72999954223633,42.5,44.459999084472656,37.00498962402344,14527700
2011-03-14,44.15999984741211,45.16999816894531,43.619998931884766,45.060001373291016,37.504390716552734,11041000
2011-03-15,43.36000061035156,44.5,42.779998779296875,44.0099983215332,36.63045120239258,14293000
2011-03-16,44.18000030517578,44.43000030517578,42.52000045776367,42.939998626708984,35.7398796081543,15821800
2011-03-17,43.619998931884766,44.58000183105469,43.619998931884766,44.36000061035156,36.921775817871094,10454100
2011-03-18,44.97999954223633,44.97999954223633,43.810001373291016,44.189998626708984,36.78026580810547,10734200
2011-03-21,44.79999923706055,45.75,44.7400016784668,45.72999954223633,38.062042236328125,8706800
2011-03-22,45.72999954223633,45.93000030517578,44.900001525878906,45.70000076293945,38.037086486816406,9205300
2011-03-23,45.72999954223633,46.54999923706055,45.4900016784668,46.38999938964844,38.61137771606445,9343800
2011-03-24,46.61000061035156,46.650001525878906,45.25,45.970001220703125,38.261817932128906,12064400
2011-03-25,46.040000915527344,46.630001068115234,45.70000076293945,46.040000915527344,38.320072174072266,9759700
2011-03-28,46.04999923706055,48.77000045776367,45.91999816894531,47.900001525878906,39.86819076538086,18956900
2011-03-29,47.459999084472656,49.16999816894531,47.380001068115234,49.0,40.78374099731445,19055600
2011-03-30,49.349998474121094,49.849998474121094,48.650001525878906,49.5,41.19989013671875,16186800
2011-03-31,49.91999816894531,50.470001220703125,49.400001525878906,49.84000015258789,41.48287582397461,13813600
2011-04-01,50.220001220703125,50.7400016784668,49.130001068115234,49.34000015258789,41.06672668457031,13959300
2011-04-04,49.75,50.54999923706055,49.40999984741211,49.5,41.19989013671875,10284500
2011-04-05,49.38999938964844,49.970001220703125,49.130001068115234,49.72999954223633,41.391326904296875,9442600
2011-04-06,50.0099983215332,50.18000030517578,47.970001220703125,48.40999984741211,40.29267120361328,11713300
2011-04-07,48.2599983215332,48.619998931884766,47.79999923706055,48.22999954223633,40.142860412597656,9936000
2011-04-08,48.369998931884766,49.130001068115234,47.95000076293945,48.130001068115234,40.05961227416992,9616700
2011-04-11,48.400001525878906,48.599998474121094,46.61000061035156,46.93000030517578,39.06083679199219,12089500
2011-04-12,46.43000030517578,46.540000915527344,44.599998474121094,45.34000015258789,37.73744583129883,19343900
2011-04-13,45.720001220703125,46.08000183105469,44.93000030517578,45.5099983215332,37.87894058227539,10862800
2011-04-14,45.2400016784668,46.2599983215332,45.0,46.13999938964844,38.40329360961914,12703000
2011-04-15,46.2599983215332,46.869998931884766,45.66999816894531,46.81999969482422,38.96929168701172,14462500
2011-04-18,46.939998626708984,47.790000915527344,45.630001068115234,47.13999938964844,39.235626220703125,20765900
2011-04-19,47.02000045776367,49.029998779296875,46.970001220703125,49.0099983215332,40.79206466674805,17762300
2011-04-20,49.68000030517578,49.939998626708984,49.369998931884766,49.68000030517578,41.34971618652344,11656300
2011-04-21,49.04999923706055,50.84000015258789,48.45000076293945,50.47999954223633,42.015567779541016,18087200
2011-04-25,50.15999984741211,50.77000045776367,49.70000076293945,50.630001068115234,42.14043045043945,7955900
2011-04-26,50.310001373291016,51.2400016784668,50.150001525878906,50.959999084472656,42.41508865356445,10000000
2011-04-27,51.36000061035156,51.45000076293945,49.29999923706055,50.5,42.032230377197266,12515000
2011-04-28,50.15999984741211,50.939998626708984,49.63999938964844,50.2599983215332,41.832454681396484,8774400
2011-04-29,50.31999969482422,50.7599983215332,49.93000030517578,50.47999954223633,42.015567779541016,7300000
2011-05-02,50.75,50.900001525878906,48.459999084472656,48.91999816894531,40.717140197753906,9577800
2011-05-03,48.52000045776367,48.650001525878906,47.439998626708984,47.88999938964844,39.85986328125,11501400
2011-05-04,47.91999816894531,47.91999816894531,46.630001068115234,47.349998474121094,39.410396575927734,11434700
2011-05-05,46.849998474121094,47.5,46.18000030517578,46.849998474121094,38.99425506591797,15489400
2011-05-06,47.380001068115234,48.029998779296875,46.20000076293945,46.66999816894531,38.84443283081055,10587900
2011-05-09,47.08000183105469,48.279998779296875,47.08000183105469,48.060001373291016,40.0013542175293,7949700
2011-05-10,48.22999954223633,48.7400016784668,47.689998626708984,48.38999938964844,40.27602767944336,7926500
2011-05-11,48.08000183105469,48.08000183105469,46.099998474121094,46.43000030517578,38.64467239379883,13949900
2011-05-12,46.290000915527344,47.279998779296875,45.380001068115234,46.63999938964844,38.819454193115234,12060600
2011-05-13,46.77000045776367,47.119998931884766,45.66999816894531,46.0,38.28676986694336,11631500
2011-05-16,45.84000015258789,46.560001373291016,45.29999923706055,45.43000030517578,37.812347412109375,11945700
2011-05-17,45.13999938964844,45.689998626708984,44.470001220703125,45.33000183105469,37.7291259765625,12438700
2011-05-18,45.61000061035156,47.4900016784668,45.470001220703125,46.959999084472656,39.08580017089844,12182800
2011-05-19,46.970001220703125,47.29999923706055,46.29999923706055,46.900001525878906,39.03585433959961,7462200
2011-05-20,46.93000030517578,47.66999816894531,46.33000183105469,47.18000030517578,39.2689094543457,11034600
2011-05-23,46.130001068115234,46.650001525878906,45.849998474121094,46.15999984741211,38.419944763183594,8997500
2011-05-24,46.959999084472656,47.9900016784668,46.86000061035156,47.5,39.535247802734375,11297700
2011-05-25,48.279998779296875,50.15999984741211,48.150001525878906,49.869998931884766,41.507850646972656,17725400
2011-05-26,49.7400016784668,50.75,49.650001525878906,50.65999984741211,42.16538619995117,12390700
2011-05-27,50.83000183105469,51.18000030517578,49.7599983215332,50.150001525878906,41.8151969909668,7973400
2011-05-31,51.0,51.13999938964844,49.75,50.150001525878906,41.8151969909668,10846000
2011-06-01,49.880001068115234,50.4900016784668,48.900001525878906,49.029998779296875,40.88133239746094,9164200
2011-06-02,49.060001373291016,50.66999816894531,48.9900016784668,50.150001525878906,41.8151969909668,12524400
2011-06-03,49.20000076293945,51.2400016784668,49.119998931884766,50.279998779296875,41.923583984375,11758500
2011-06-06,50.099998474121094,50.349998474121094,47.75,48.040000915527344,40.05588150024414,15475900
2011-06-07,48.310001373291016,49.16999816894531,48.029998779296875,48.099998474121094,40.10589599609375,9067300
2011-06-08,48.09000015258789,48.470001220703125,47.36000061035156,47.689998626708984,39.764034271240234,11663600
2011-06-09,47.970001220703125,49.25,47.7599983215332,48.97999954223633,40.83964538574219,11101500
2011-06-10,48.689998626708984,48.689998626708984,47.939998626708984,48.0,40.02251052856445,9182800
2011-06-13,48.060001373291016,48.27000045776367,46.040000915527344,46.86000061035156,39.07198715209961,10967900
2011-06-14,47.459999084472656,48.290000915527344,47.22999954223633,47.88999938964844,39.9307975769043,11653500
2011-06-15,47.400001525878906,48.189998626708984,46.31999969482422,46.77000045776367,38.99694061279297,14170200
2011-06-16,46.810001373291016,47.470001220703125,46.04999923706055,46.38999938964844,38.68010330200195,13533100
2011-06-17,46.90999984741211,46.93000030517578,45.56999969482422,46.02000045776367,38.371585845947266,18279400
2011-06-20,45.52000045776367,46.54999923706055,45.310001373291016,46.43000030517578,38.71345138549805,11714000
2011-06-21,47.09000015258789,47.529998779296875,46.66999816894531,47.130001068115234,39.29710388183594,9151800
2011-06-22,47.11000061035156,47.7599983215332,46.939998626708984,47.11000061035156,39.28043746948242,8582500
2011-06-23,46.2599983215332,47.22999954223633,45.34000015258789,47.06999969482422,39.24708557128906,11476900
2011-06-24,47.15999984741211,47.279998779296875,45.7599983215332,45.869998931884766,38.24652862548828,10186800
2011-06-27,45.599998474121094,46.529998779296875,45.189998626708984,46.22999954223633,38.54669189453125,6345300
2011-06-28,47.06999969482422,49.06999969482422,46.9900016784668,48.689998626708984,40.597843170166016,14329700
2011-06-29,49.060001373291016,50.869998931884766,48.97999954223633,49.81999969482422,41.54004669189453,18383300
2011-06-30,50.130001068115234,51.38999938964844,50.06999969482422,51.0,42.52392578125,12153500
2011-07-01,50.9900016784668,51.380001068115234,50.099998474121094,51.290000915527344,42.765724182128906,8481300
2011-07-05,51.20000076293945,52.5,50.970001220703125,52.150001525878906,43.48280334472656,10680900
2011-07-06,51.97999954223633,52.720001220703125,51.540000915527344,52.65999984741211,43.90803527832031,10471900
2011-07-07,53.119998931884766,54.54999923706055,53.099998474121094,54.29999923706055,45.27546691894531,15610700
2011-07-08,52.61000061035156,54.040000915527344,52.529998779296875,54.040000915527344,45.05868148803711,10311700
2011-07-11,52.849998474121094,53.59000015258789,52.06999969482422,52.4900016784668,43.766300201416016,11365900
2011-07-12,52.2400016784668,53.0,51.90999984741211,52.220001220703125,43.54117965698242,9064600
2011-07-13,52.47999954223633,53.75,52.439998626708984,52.619998931884766,43.87469482421875,11847700
2011-07-14,53.06999969482422,53.06999969482422,51.61000061035156,51.83000183105469,43.21599197387695,13551300
2011-07-15,52.34000015258789,53.20000076293945,52.2599983215332,53.08000183105469,44.25823974609375,12650900
2011-07-18,53.52000045776367,54.189998626708984,52.5,53.119998931884766,44.29158401489258,18139100
2011-07-19,53.91999816894531,55.40999984741211,53.900001525878906,55.380001068115234,46.17597961425781,14615400
2011-07-20,55.65999984741211,55.95000076293945,54.79999923706055,55.27000045776367,46.08427429199219,11669200
2011-07-21,55.54999923706055,57.0,55.41999816894531,56.93000030517578,47.46836853027344,19214300
2011-07-22,57.20000076293945,57.619998931884766,56.36000061035156,57.20000076293945,47.69349670410156,12164100
2011-07-25,56.560001373291016,57.77000045776367,56.5099983215332,57.27000045776367,47.751861572265625,9410100
2011-07-26,57.5,57.529998779296875,56.099998474121094,56.54999923706055,47.15151596069336,11478400
2011-07-27,56.060001373291016,56.70000076293945,54.900001525878906,55.0099983215332,45.86747360229492,11243000
2011-07-28,55.119998931884766,56.2400016784668,54.86000061035156,54.869998931884766,45.750736236572266,11371300
2011-07-29,53.970001220703125,55.18000030517578,53.54999923706055,54.72999954223633,45.63401412963867,9048000
2011-08-01,55.900001525878906,56.0,53.619998931884766,54.43000030517578,45.38386535644531,8994300
2011-08-02,53.91999816894531,55.040000915527344,52.63999938964844,52.65999984741211,43.90803527832031,12441600
2011-08-03,52.7599983215332,53.11000061035156,50.560001373291016,53.060001373291016,44.24156951904297,17001000
2011-08-04,51.91999816894531,51.97999954223633,47.900001525878906,48.029998779296875,40.04753494262695,23347300
2011-08-05,48.5,49.08000183105469,44.849998474121094,47.09000015258789,39.263755798339844,25701700
2011-08-08,45.040000915527344,45.59000015258789,41.86000061035156,42.43000030517578,35.37824630737305,23997300
2011-08-09,44.11000061035156,45.040000915527344,41.81999969482422,44.75,37.31266403198242,21362100
2011-08-10,44.08000183105469,45.310001373291016,42.56999969482422,43.29999923706055,36.10364532470703,22231900
2011-08-11,43.84000015258789,46.0,43.0,45.22999954223633,37.7128791809082,16735900
2011-08-12,46.18000030517578,46.279998779296875,45.0,45.47999954223633,37.92133712768555,11376200
2011-08-15,46.04999923706055,47.900001525878906,46.04999923706055,47.630001068115234,39.714012145996094,13965200
2011-08-16,47.029998779296875,47.33000183105469,45.209999084472656,45.91999816894531,38.288211822509766,13696100
2011-08-17,46.66999816894531,46.9900016784668,45.040000915527344,45.45000076293945,37.89631652832031,12281800
2011-08-18,43.709999084472656,43.720001220703125,40.27000045776367,40.849998474121094,34.06084442138672,27508700
2011-08-19,40.029998779296875,41.619998931884766,37.79999923706055,38.040000915527344,31.71784210205078,25863000
2011-08-22,39.709999084472656,39.75,37.15999984741211,37.290000915527344,31.092506408691406,20801800
2011-08-23,37.540000915527344,40.220001220703125,36.790000915527344,40.20000076293945,33.51884841918945,18831300
2011-08-24,40.29999923706055,40.70000076293945,39.13999938964844,40.61000061035156,33.86072540283203,14296100
2011-08-25,41.20000076293945,41.290000915527344,39.709999084472656,39.880001068115234,33.25203323364258,20450500
2011-08-26,39.36000061035156,42.029998779296875,39.29999923706055,41.459999084472656,34.569461822509766,16043300
2011-08-29,42.599998474121094,42.90999984741211,41.79999923706055,42.810001373291016,35.69508743286133,12757000
2011-08-30,42.4900016784668,43.869998931884766,42.119998931884766,43.43000030517578,36.28833770751953,14639600
2011-08-31,44.27000045776367,45.47999954223633,43.83000183105469,44.369998931884766,37.07375717163086,17128400
2011-09-01,44.68000030517578,44.84000015258789,43.0,43.02000045776367,35.94575119018555,13804100
2011-09-02,42.33000183105469,42.4900016784668,41.130001068115234,41.540000915527344,34.709129333496094,10838200
2011-09-06,39.41999816894531,40.970001220703125,39.27000045776367,40.869998931884766,34.1492919921875,15328200
2011-09-07,41.880001068115234,42.310001373291016,41.11000061035156,42.279998779296875,35.327423095703125,12692600
2011-09-08,42.36000061035156,43.08000183105469,41.33000183105469,41.61000061035156,34.76762390136719,12096300
2011-09-09,41.04999923706055,41.11000061035156,39.279998779296875,39.65999984741211,33.13827133178711,15517900
2011-09-12,38.65999984741211,40.029998779296875,38.41999816894531,39.560001373291016,33.05471420288086,16142600
2011-09-13,39.619998931884766,40.380001068115234,38.459999084472656,39.4900016784668,32.9962272644043,18453600
2011-09-14,39.209999084472656,40.0,37.5,39.36000061035156,32.88760757446289,31794800
2011-09-15,40.02000045776367,40.470001220703125,39.599998474121094,40.189998626708984,33.581119537353516,12433300
2011-09-16,40.47999954223633,40.599998474121094,39.34000015258789,39.880001068115234,33.322105407714844,12946500
2011-09-19,38.90999984741211,38.939998626708984,38.0099983215332,38.2599983215332,31.968481063842773,13013500
2011-09-20,38.529998779296875,38.689998626708984,37.720001220703125,37.97999954223633,31.734529495239258,18060800
2011-09-21,37.959999084472656,38.41999816894531,34.970001220703125,35.09000015258789,29.319772720336914,30144900
2011-09-22,33.099998474121094,33.880001068115234,32.06999969482422,32.720001220703125,27.339494705200195,26657500
2011-09-23,32.459999084472656,32.86000061035156,31.510000228881836,31.670000076293945,26.4621524810791,23053200
2011-09-26,31.989999771118164,33.83000183105469,31.079999923706055,33.7400016784668,28.191761016845703,20778600
2011-09-27,35.31999969482422,35.900001525878906,34.119998931884766,34.459999084472656,28.793363571166992,21997800
2011-09-28,34.45000076293945,35.0099983215332,32.380001068115234,32.470001220703125,27.130603790283203,15910100
2011-09-29,33.47999954223633,33.79999923706055,31.549999237060547,32.25,26.946786880493164,15820500
2011-09-30,31.280000686645508,31.450000762939453,30.479999542236328,30.520000457763672,25.50126075744629,19502100
2011-10-03,30.059999465942383,30.309999465942383,28.639999389648438,28.68000030517578,23.963830947875977,21950500
2011-10-04,27.989999771118164,30.530000686645508,27.209999084472656,30.510000228881836,25.492910385131836,27500000
2011-10-05,31.110000610351562,32.61000061035156,30.0,32.380001068115234,27.05539321899414,21522000
2011-10-06,32.38999938964844,34.83000183105469,32.38999938964844,34.45000076293945,28.78501319885254,27384400
2011-10-07,34.77000045776367,34.84000015258789,32.84000015258789,33.31999969482422,27.840824127197266,17213800
2011-10-10,34.529998779296875,35.61000061035156,34.11000061035156,34.84000015258789,29.11087989807129,17669900
2011-10-11,34.41999816894531,35.849998474121094,34.41999816894531,35.47999954223633,29.645641326904297,20337600
2011-10-12,36.08000183105469,36.65999984741211,34.959999084472656,35.06999969482422,29.303056716918945,20478000
2011-10-13,35.06999969482422,35.40999984741211,34.22999954223633,35.02000045776367,29.261289596557617,15289900
2011-10-14,36.31999969482422,37.439998626708984,35.84000015258789,37.43000030517578,31.274974822998047,17633200
2011-10-17,36.630001068115234,36.83000183105469,34.43000030517578,34.47999954223633,28.810083389282227,31387400
2011-10-18,34.540000915527344,35.540000915527344,33.15999984741211,35.290000915527344,29.48687744140625,34623700
2011-10-19,35.2599983215332,35.2599983215332,33.63999938964844,33.880001068115234,28.30874252319336,26035700
2011-10-20,34.099998474121094,34.61000061035156,33.22999954223633,34.470001220703125,28.801719665527344,21020500
2011-10-21,34.900001525878906,35.38999938964844,33.0099983215332,33.5,27.991228103637695,33369500
2011-10-24,34.20000076293945,35.560001373291016,33.81999969482422,35.31999969482422,29.511951446533203,20482900
2011-10-25,35.54999923706055,35.869998931884766,34.529998779296875,35.119998931884766,29.34482765197754,20346900
2011-10-26,35.79999923706055,36.130001068115234,34.470001220703125,35.869998931884766,29.971508026123047,16359000
2011-10-27,37.72999954223633,39.619998931884766,37.72999954223633,38.95000076293945,32.54503631591797,27042800
2011-10-28,38.38999938964844,39.43000030517578,38.34000015258789,39.130001068115234,32.6954231262207,14910400
2011-10-31,38.189998626708984,38.439998626708984,37.31999969482422,37.36000061035156,31.21647834777832,17488000
2011-11-01,34.720001220703125,36.43000030517578,33.91999816894531,35.25,29.45345687866211,28787900
2011-11-02,36.849998474121094,36.970001220703125,35.56999969482422,36.58000183105469,30.564748764038086,13904600
2011-11-03,37.34000015258789,38.040000915527344,36.349998474121094,37.849998474121094,31.625913619995117,18785300
2011-11-04,37.52000045776367,38.18000030517578,36.779998779296875,37.15999984741211,31.049373626708984,12655100
2011-11-07,37.22999954223633,38.099998474121094,36.7400016784668,38.02000045776367,31.767955780029297,13921400
2011-11-08,38.70000076293945,38.939998626708984,37.65999984741211,38.83000183105469,32.444759368896484,17955200
2011-11-09,37.5099983215332,37.560001373291016,36.29999923706055,36.43000030517578,30.43942642211914,17607300
2011-11-10,37.4900016784668,37.83000183105469,36.290000915527344,37.290000915527344,31.15799903869629,14051700
2011-11-11,37.970001220703125,38.65999984741211,37.599998474121094,38.59000015258789,32.24422073364258,14729800
2011-11-14,38.45000076293945,38.75,38.0,38.529998779296875,32.19408416748047,12627000
2011-11-15,38.310001373291016,39.310001373291016,37.7400016784668,38.90999984741211,32.5116081237793,14983800
2011-11-16,38.720001220703125,40.43000030517578,38.58000183105469,39.0,32.5868034362793,21006100
2011-11-17,39.029998779296875,39.08000183105469,36.58000183105469,37.040000915527344,30.949111938476562,22417900
2011-11-18,37.45000076293945,37.45000076293945,35.58000183105469,35.959999084472656,30.046703338623047,20485200
2011-11-21,34.880001068115234,35.099998474121094,33.939998626708984,34.86000061035156,29.127595901489258,14968100
2011-11-22,34.72999954223633,34.779998779296875,33.599998474121094,33.70000076293945,28.158348083496094,18828700
2011-11-23,33.18000030517578,33.290000915527344,31.950000762939453,32.20000076293945,26.90500831604004,17435500
2011-11-25,32.060001373291016,32.83000183105469,31.799999237060547,31.799999237060547,26.570783615112305,6717600
2011-11-28,33.22999954223633,33.61000061035156,32.29999923706055,32.77000045776367,27.381269454956055,17709100
2011-11-29,32.97999954223633,34.099998474121094,32.599998474121094,33.630001068115234,28.099853515625,16560300
2011-11-30,35.0099983215332,36.849998474121094,34.9900016784668,36.79999923706055,30.831090927124023,23339200
2011-12-01,36.5099983215332,37.06999969482422,36.0099983215332,36.40999984741211,30.50433921813965,15813000
2011-12-02,37.15999984741211,37.38999938964844,36.4900016784668,36.58000183105469,30.64677619934082,14961600
2011-12-05,37.220001220703125,37.900001525878906,36.689998626708984,37.02000045776367,31.015399932861328,15271600
2011-12-06,36.56999969482422,36.72999954223633,34.86000061035156,35.56999969482422,29.800588607788086,35182600
2011-12-07,35.540000915527344,35.540000915527344,33.27000045776367,33.400001525878906,27.982559204101562,34931100
2011-12-08,33.9900016784668,34.36000061035156,33.0,33.130001068115234,27.756357192993164,27849100
2011-12-09,33.4900016784668,34.27000045776367,33.279998779296875,34.08000183105469,28.55227279663086,16391400
2011-12-12,33.33000183105469,33.33000183105469,32.02000045776367,32.560001373291016,27.278810501098633,16651100
2011-12-13,32.91999816894531,33.599998474121094,31.450000762939453,31.860000610351562,26.69234848022461,19276100
2011-12-14,31.260000228881836,31.3700008392334,30.31999969482422,31.0,25.971839904785156,29702500
2011-12-15,31.770000457763672,31.989999771118164,31.0,31.260000228881836,26.18967056274414,24418400
2011-12-16,31.600000381469727,32.150001525878906,31.1200008392334,31.760000228881836,26.608564376831055,18208200
2011-12-19,32.02000045776367,32.02000045776367,30.65999984741211,30.799999237060547,25.804275512695312,15791600
2011-12-20,31.739999771118164,33.470001220703125,31.649999618530273,33.209999084472656,27.823373794555664,24754300
2011-12-21,33.279998779296875,33.869998931884766,32.619998931884766,33.72999954223633,28.259031295776367,15956900
2011-12-22,33.900001525878906,34.04999923706055,33.20000076293945,33.540000915527344,28.099857330322266,16201300
2011-12-23,33.7400016784668,33.83000183105469,33.310001373291016,33.79999923706055,28.317678451538086,6072600
2011-12-27,33.7400016784668,34.400001525878906,33.70000076293945,34.13999938964844,28.602523803710938,7549500
2011-12-28,34.310001373291016,34.459999084472656,33.150001525878906,33.25,27.856891632080078,8919700
2011-12-29,33.279998779296875,33.970001220703125,33.279998779296875,33.790000915527344,28.30930519104004,7899000
2011-12-30,33.709999084472656,34.86000061035156,33.70000076293945,34.5099983215332,28.912517547607422,9549200
2012-01-03,33.880001068115234,34.72999954223633,33.709999084472656,34.150001525878906,28.61090660095215,27019400
2012-01-04,33.90999984741211,35.27000045776367,33.77000045776367,35.119998931884766,29.423572540283203,17823400
2012-01-05,34.84000015258789,34.849998474121094,34.130001068115234,34.560001373291016,28.954402923583984,16640100
2012-01-06,34.79999923706055,35.119998931884766,34.290000915527344,34.97999954223633,29.306283950805664,12320400
2012-01-09,35.13999938964844,35.7400016784668,35.02000045776367,35.380001068115234,29.641407012939453,12481000
2012-01-10,36.16999816894531,36.709999084472656,36.04999923706055,36.33000183105469,30.437328338623047,14349100
2012-01-11,36.119998931884766,36.290000915527344,35.0,35.380001068115234,29.641407012939453,13083700
2012-01-12,35.56999969482422,35.86000061035156,34.5,34.72999954223633,29.096826553344727,18584000
2012-01-13,34.2400016784668,34.47999954223633,33.63999938964844,33.939998626708984,28.434965133666992,15105700
2012-01-17,34.56999969482422,34.869998931884766,33.63999938964844,33.86000061035156,28.36794662475586,18438600
2012-01-18,33.90999984741211,35.029998779296875,33.790000915527344,34.9900016784668,29.314666748046875,14434600
2012-01-19,35.279998779296875,36.7400016784668,35.25,36.25,30.37029266357422,23745800
2012-01-20,36.75,37.0,35.599998474121094,36.20000076293945,30.32839584350586,23373700
2012-01-23,35.380001068115234,35.5,34.599998474121094,35.439998626708984,29.69167137145996,33438300
2012-01-24,35.150001525878906,36.689998626708984,34.81999969482422,36.36000061035156,30.462451934814453,24949000
2012-01-25,36.189998626708984,36.5,35.29999923706055,36.40999984741211,30.50433921813965,22340000
2012-01-26,36.849998474121094,37.369998931884766,36.0,36.15999984741211,30.29489517211914,19137000
2012-01-27,37.38999938964844,37.7400016784668,36.970001220703125,37.099998474121094,31.082416534423828,24529000
2012-01-30,36.63999938964844,36.79999923706055,36.0,36.66999816894531,30.722171783447266,13561900
2012-01-31,37.150001525878906,37.95000076293945,36.290000915527344,36.779998779296875,30.8143367767334,23083300
2012-02-01,37.27000045776367,37.369998931884766,36.61000061035156,36.63999938964844,30.697040557861328,14331900
2012-02-02,36.810001373291016,36.90999984741211,36.119998931884766,36.540000915527344,30.613258361816406,12029200
2012-02-03,37.220001220703125,37.220001220703125,36.560001373291016,36.83000183105469,30.856218338012695,13009400
2012-02-06,36.7400016784668,37.400001525878906,36.400001525878906,37.400001525878906,31.333757400512695,12754100
2012-02-07,37.45000076293945,37.5,36.41999816894531,37.0,30.998626708984375,16805600
2012-02-08,37.27000045776367,37.5,36.619998931884766,37.02000045776367,31.015399932861328,12601300
2012-02-09,37.22999954223633,37.22999954223633,36.5099983215332,36.77000045776367,30.805936813354492,13626500
2012-02-10,36.400001525878906,36.5,35.81999969482422,36.060001373291016,30.21111297607422,12867900
2012-02-13,36.630001068115234,36.68000030517578,35.779998779296875,36.13999938964844,30.278125762939453,11508600
2012-02-14,36.08000183105469,36.20000076293945,35.31999969482422,35.70000076293945,29.90949821472168,9812400
2012-02-15,35.70000076293945,36.15999984741211,35.130001068115234,35.22999954223633,29.515737533569336,16821700
2012-02-16,35.20000076293945,35.79999923706055,34.83000183105469,35.63999938964844,29.85923194885254,15364000
2012-02-17,36.11000061035156,36.4900016784668,35.4900016784668,36.290000915527344,30.403818130493164,13097600
2012-02-21,36.630001068115234,37.599998474121094,36.36000061035156,37.029998779296875,31.023778915405273,18143900
2012-02-22,37.130001068115234,38.38999938964844,37.060001373291016,38.2400016784668,32.037513732910156,16790200
2012-02-23,38.72999954223633,38.79999923706055,37.939998626708984,38.209999084472656,32.012386322021484,13727600
2012-02-24,38.65999984741211,39.189998626708984,38.31999969482422,38.5099983215332,32.26371383666992,11639200
2012-02-27,38.310001373291016,38.36000061035156,37.33000183105469,37.75,31.626995086669922,12344500
2012-02-28,37.97999954223633,37.97999954223633,37.369998931884766,37.68000030517578,31.568347930908203,10164200
2012-02-29,37.880001068115234,37.959999084472656,36.43000030517578,36.59000015258789,30.655136108398438,16792600
2012-03-01,36.88999938964844,37.0099983215332,36.43000030517578,36.5,30.57975959777832,13967000
2012-03-02,36.599998474121094,36.72999954223633,35.68000030517578,36.04999923706055,30.202735900878906,14188800
2012-03-05,36.11000061035156,36.13999938964844,34.95000076293945,35.06999969482422,29.455219268798828,17336100
2012-03-06,34.40999984741211,34.439998626708984,33.810001373291016,34.130001068115234,28.66572380065918,16576100
2012-03-07,34.380001068115234,34.540000915527344,33.939998626708984,34.209999084472656,28.7329158782959,10796800
2012-03-08,34.540000915527344,35.18000030517578,34.41999816894531,34.779998779296875,29.21164321899414,11491700
2012-03-09,34.97999954223633,35.290000915527344,34.689998626708984,34.880001068115234,29.295639038085938,8917000
2012-03-12,34.77000045776367,34.880001068115234,34.2599983215332,34.70000076293945,29.14446258544922,11049200
2012-03-13,34.97999954223633,35.43000030517578,34.5099983215332,35.34000015258789,29.681991577148438,16924700
2012-03-14,35.25,35.2599983215332,34.06999969482422,34.18000030517578,28.707714080810547,18799100
2012-03-15,34.349998474121094,34.40999984741211,33.70000076293945,33.90999984741211,28.48093605041504,18789900
2012-03-16,34.11000061035156,34.779998779296875,33.83000183105469,34.540000915527344,29.010086059570312,18628800
2012-03-19,34.68000030517578,35.29999923706055,34.400001525878906,35.0,29.396427154541016,13140300
2012-03-20,34.630001068115234,34.84000015258789,34.2599983215332,34.7599983215332,29.194852828979492,14828500
2012-03-21,34.09000015258789,34.45000076293945,33.849998474121094,34.130001068115234,28.66572380065918,20965700
2012-03-22,33.65999984741211,33.77000045776367,32.599998474121094,32.97999954223633,27.69983673095703,23983200
2012-03-23,33.09000015258789,33.77000045776367,32.970001220703125,33.41999816894531,28.069393157958984,19162400
2012-03-26,33.77000045776367,33.91999816894531,33.31999969482422,33.650001525878906,28.2625732421875,14824100
2012-03-27,33.77000045776367,33.810001373291016,32.63999938964844,32.83000183105469,27.573848724365234,18698500
2012-03-28,32.619998931884766,32.79999923706055,32.02000045776367,32.47999954223633,27.27988624572754,14683600
2012-03-29,32.15999984741211,32.81999969482422,32.06999969482422,32.77000045776367,27.523456573486328,11588600
2012-03-30,32.79999923706055,33.5,32.70000076293945,33.189998626708984,27.876209259033203,14056500
2012-04-02,33.0,33.779998779296875,32.959999084472656,33.45000076293945,28.094589233398438,13420700
2012-04-03,33.34000015258789,33.65999984741211,32.970001220703125,33.599998474121094,28.22057342529297,12403300
2012-04-04,33.04999923706055,33.52000045776367,32.880001068115234,33.0,27.716636657714844,10084600
2012-04-05,32.880001068115234,33.20000076293945,32.5,32.77000045776367,27.523456573486328,13234700
2012-04-09,32.290000915527344,32.900001525878906,32.13999938964844,32.380001068115234,27.195899963378906,11822600
2012-04-10,32.38999938964844,32.40999984741211,31.6200008392334,31.989999771118164,26.868331909179688,16565600
2012-04-11,32.5,32.779998779296875,32.060001373291016,32.130001068115234,26.98592185974121,13399700
2012-04-12,32.27000045776367,33.27000045776367,32.15999984741211,33.18000030517578,27.867813110351562,14202600
2012-04-13,33.04999923706055,33.13999938964844,32.369998931884766,32.40999984741211,27.22109603881836,12993900
2012-04-16,32.4900016784668,32.75,31.829999923706055,32.060001373291016,26.927127838134766,16348700
2012-04-17,32.5099983215332,32.849998474121094,32.2400016784668,32.65999984741211,27.43107032775879,13413200
2012-04-18,33.150001525878906,34.29999923706055,33.150001525878906,34.16999816894531,28.69931411743164,29550800
2012-04-19,34.459999084472656,35.06999969482422,33.709999084472656,33.97999954223633,28.539730072021484,22451600
2012-04-20,34.2599983215332,34.68000030517578,33.220001220703125,33.290000915527344,27.9602108001709,17008800
2012-04-23,32.689998626708984,33.27000045776367,32.45000076293945,32.95000076293945,27.67463493347168,11339300
2012-04-24,33.20000076293945,33.81999969482422,32.779998779296875,33.380001068115234,28.035795211791992,14507200
2012-04-25,33.79999923706055,33.97999954223633,33.16999816894531,33.540000915527344,28.170183181762695,13809000
2012-04-26,33.290000915527344,33.7400016784668,33.20000076293945,33.45000076293945,28.094589233398438,12491400
2012-04-27,33.529998779296875,33.540000915527344,32.86000061035156,33.2400016784668,27.918212890625,12722300
2012-04-30,33.099998474121094,34.22999954223633,33.099998474121094,34.220001220703125,28.74130630493164,14076800
2012-05-01,34.2599983215332,35.31999969482422,34.08000183105469,35.029998779296875,29.421627044677734,19187800
2012-05-02,34.61000061035156,35.0,34.27000045776367,34.4900016784668,28.96808624267578,11637300
2012-05-03,34.599998474121094,34.72999954223633,33.849998474121094,34.060001373291016,28.60692024230957,12065100
2012-05-04,33.68000030517578,33.75,32.47999954223633,32.529998779296875,27.321880340576172,18077600
2012-05-07,32.4900016784668,32.7400016784668,31.969999313354492,32.41999816894531,27.2294921875,11078300
2012-05-08,32.060001373291016,32.7400016784668,31.59000015258789,32.689998626708984,27.456268310546875,14580100
2012-05-09,32.060001373291016,32.720001220703125,31.770000457763672,32.41999816894531,27.2294921875,13769400
2012-05-10,32.84000015258789,33.0,32.220001220703125,32.310001373291016,27.137113571166992,12140500
2012-05-11,32.040000915527344,32.560001373291016,31.799999237060547,31.829999923706055,26.733949661254883,11797900
2012-05-14,31.549999237060547,31.920000076293945,31.209999084472656,31.579999923706055,26.523977279663086,12202500
2012-05-15,31.489999771118164,31.520000457763672,30.360000610351562,30.579999923706055,25.684080123901367,15827200
2012-05-16,30.6200008392334,31.200000762939453,30.149999618530273,30.200000762939453,25.364925384521484,12857700
2012-05-17,30.219999313354492,30.59000015258789,29.920000076293945,30.0,25.196943283081055,14768900
2012-05-18,30.15999984741211,30.459999084472656,29.809999465942383,29.93000030517578,25.138154983520508,13135200
2012-05-21,30.15999984741211,31.239999771118164,30.049999237060547,31.170000076293945,26.17962074279785,11214200
2012-05-22,31.219999313354492,31.739999771118164,30.549999237060547,30.780000686645508,25.852066040039062,12558500
2012-05-23,30.3700008392334,31.360000610351562,30.06999969482422,31.31999969482422,26.305604934692383,15157200
2012-05-24,31.389999389648438,31.559999465942383,30.90999984741211,31.40999984741211,26.381193161010742,14521500
2012-05-25,31.420000076293945,31.799999237060547,31.260000228881836,31.3700008392334,26.34760093688965,7217000
2012-05-29,31.770000457763672,32.400001525878906,31.6299991607666,32.0099983215332,26.885135650634766,10241900
2012-05-30,31.540000915527344,31.540000915527344,30.229999542236328,30.360000610351562,25.499303817749023,16281200
2012-05-31,30.459999084472656,30.5,29.100000381469727,30.059999465942383,25.247333526611328,18197900
2012-06-01,29.420000076293945,30.3799991607666,29.170000076293945,29.969999313354492,25.1717472076416,16646100
2012-06-04,29.940000534057617,30.139999389648438,28.6299991607666,29.520000457763672,24.86846923828125,19115700
2012-06-05,29.290000915527344,29.68000030517578,28.799999237060547,29.1200008392334,24.531505584716797,17569000
2012-06-06,29.469999313354492,30.0,27.56999969482422,28.100000381469727,23.672224044799805,48214300
2012-06-07,28.3700008392334,28.799999237060547,27.809999465942383,28.1299991607666,23.697492599487305,31124500
2012-06-08,27.979999542236328,28.030000686645508,27.450000762939453,27.959999084472656,23.554283142089844,18602100
2012-06-11,28.329999923706055,28.3700008392334,27.5,27.5,23.166767120361328,12783600
2012-06-12,27.770000457763672,28.209999084472656,27.530000686645508,28.1299991607666,23.697492599487305,13702200
2012-06-13,27.8700008392334,28.549999237060547,27.760000228881836,28.219999313354492,23.7733097076416,15429100
2012-06-14,28.25,28.829999923706055,28.040000915527344,28.68000030517578,24.160825729370117,14899000
2012-06-15,29.049999237060547,29.530000686645508,28.670000076293945,29.450000762939453,24.809497833251953,18266200
2012-06-18,29.190000534057617,29.229999542236328,28.649999618530273,28.959999084472656,24.396705627441406,13439800
2012-06-19,29.260000228881836,29.809999465942383,28.989999771118164,29.389999389648438,24.75895881652832,12783600
2012-06-20,29.260000228881836,29.850000381469727,29.1299991607666,29.56999969482422,24.91059112548828,15168700
2012-06-21,29.40999984741211,29.489999771118164,28.290000915527344,28.350000381469727,23.882827758789062,21239700
2012-06-22,28.6299991607666,28.6299991607666,27.799999237060547,27.799999237060547,23.419490814208984,23607200
2012-06-25,27.399999618530273,27.459999084472656,26.549999237060547,26.979999542236328,22.72870445251465,18808300
2012-06-26,27.010000228881836,27.020000457763672,26.280000686645508,26.700000762939453,22.49282455444336,19010800
2012-06-27,26.860000610351562,27.360000610351562,26.610000610351562,27.209999084472656,22.922460556030273,19012800
2012-06-28,27.360000610351562,27.799999237060547,27.09000015258789,27.690000534057617,23.326831817626953,15980500
2012-06-29,28.399999618530273,28.610000610351562,28.100000381469727,28.389999389648438,23.916522979736328,17674200
2012-07-02,28.459999084472656,28.860000610351562,28.290000915527344,28.600000381469727,24.093433380126953,14042600
2012-07-03,28.8700008392334,29.959999084472656,28.81999969482422,29.940000534057617,25.222291946411133,13742200
2012-07-05,29.709999084472656,29.940000534057617,29.31999969482422,29.559999465942383,24.902170181274414,12762200
2012-07-06,29.0,29.3700008392334,28.799999237060547,29.299999237060547,24.683130264282227,10497900
2012-07-09,29.149999618530273,29.40999984741211,28.790000915527344,29.0,24.430404663085938,11892300
2012-07-10,29.15999984741211,29.450000762939453,28.079999923706055,28.360000610351562,23.891258239746094,13828800
2012-07-11,28.389999389648438,28.770000457763672,28.290000915527344,28.530000686645508,24.034461975097656,11948400
2012-07-12,28.110000610351562,28.649999618530273,27.6200008392334,28.40999984741211,23.93337059020996,13217000
2012-07-13,28.450000762939453,28.889999389648438,28.450000762939453,28.799999237060547,24.261926651000977,8773400
2012-07-16,28.770000457763672,29.219999313354492,28.299999237060547,29.0,24.430404663085938,9568500
2012-07-17,29.139999389648438,29.520000457763672,28.5,29.399999618530273,24.767375946044922,12258400
2012-07-18,29.270000457763672,30.290000915527344,29.190000534057617,30.170000076293945,25.41604232788086,16363800
2012-07-19,30.450000762939453,30.549999237060547,30.049999237060547,30.209999084472656,25.449745178222656,13949200
2012-07-20,30.809999465942383,31.510000228881836,30.59000015258789,30.770000457763672,25.921510696411133,30622800
2012-07-23,30.100000381469727,31.75,29.25,31.510000228881836,26.544902801513672,25589700
2012-07-24,31.700000762939453,31.850000381469727,31.020000457763672,31.549999237060547,26.578594207763672,18610800
2012-07-25,31.739999771118164,31.84000015258789,31.020000457763672,31.299999237060547,26.36798667907715,10859400
2012-07-26,31.84000015258789,32.720001220703125,31.75,32.560001373291016,27.42945671081543,20172200
2012-07-27,32.869998931884766,33.880001068115234,32.529998779296875,33.619998931884766,28.32242774963379,22283700
2012-07-30,33.349998474121094,33.939998626708984,33.04999923706055,33.54999923706055,28.263458251953125,10556400
2012-07-31,33.56999969482422,33.790000915527344,32.93000030517578,33.130001068115234,27.909637451171875,14764600
2012-08-01,33.369998931884766,33.63999938964844,33.0099983215332,33.40999984741211,28.1455135345459,10710600
2012-08-02,33.08000183105469,33.40999984741211,32.439998626708984,32.86000061035156,27.682178497314453,13568700
2012-08-03,33.5099983215332,34.06999969482422,33.36000061035156,33.7599983215332,28.44036293029785,10197100
2012-08-06,33.849998474121094,34.13999938964844,33.75,33.81999969482422,28.490909576416016,8435200
2012-08-07,34.060001373291016,34.93000030517578,33.97999954223633,34.38999938964844,28.971092224121094,14953400
2012-08-08,34.189998626708984,34.630001068115234,34.09000015258789,34.619998931884766,29.164857864379883,9801000
2012-08-09,34.599998474121094,35.2400016784668,34.529998779296875,35.04999923706055,29.5270938873291,11410000
2012-08-10,34.810001373291016,35.220001220703125,34.630001068115234,35.189998626708984,29.645030975341797,8956100
2012-08-13,34.9900016784668,35.2400016784668,34.65999984741211,35.040000915527344,29.518674850463867,7433000
2012-08-14,35.27000045776367,35.45000076293945,34.7599983215332,34.849998474121094,29.358610153198242,10369200
2012-08-15,34.63999938964844,34.70000076293945,33.970001220703125,34.58000183105469,29.131153106689453,10933800
2012-08-16,34.7599983215332,35.349998474121094,34.63999938964844,35.29999923706055,29.737707138061523,10672200
2012-08-17,35.34000015258789,35.38999938964844,35.029998779296875,35.119998931884766,29.5860595703125,8062500
2012-08-20,34.880001068115234,35.150001525878906,34.81999969482422,35.0,29.484970092773438,4963300
2012-08-21,35.11000061035156,35.47999954223633,35.040000915527344,35.15999984741211,29.619754791259766,9170100
2012-08-22,34.9900016784668,35.47999954223633,34.560001373291016,34.66999816894531,29.206972122192383,15007800
2012-08-23,34.650001525878906,34.849998474121094,34.11000061035156,34.150001525878906,28.76890754699707,10183800
2012-08-24,33.97999954223633,34.33000183105469,33.630001068115234,34.27000045776367,28.8700008392334,8439500
2012-08-27,34.27000045776367,34.7599983215332,34.02000045776367,34.45000076293945,29.02164649963379,6926800
2012-08-28,34.29999923706055,34.369998931884766,33.81999969482422,34.08000183105469,28.709951400756836,7129400
2012-08-29,34.33000183105469,34.33000183105469,33.43000030517578,33.5099983215332,28.229759216308594,10381700
2012-08-30,33.16999816894531,33.2400016784668,32.47999954223633,32.810001373291016,27.640058517456055,12587800
2012-08-31,33.11000061035156,33.119998931884766,32.40999984741211,32.7599983215332,27.67384147644043,11950800
2012-09-04,32.7400016784668,32.75,31.0,32.150001525878906,27.158552169799805,25613300
2012-09-05,32.04999923706055,32.72999954223633,31.90999984741211,32.40999984741211,27.378185272216797,11094800
2012-09-06,32.65999984741211,33.11000061035156,32.599998474121094,32.959999084472656,27.84278678894043,10765100
2012-09-07,33.16999816894531,34.41999816894531,33.04999923706055,34.2400016784668,28.924062728881836,18563100
2012-09-10,34.41999816894531,34.720001220703125,34.2400016784668,34.27000045776367,28.949411392211914,10914500
2012-09-11,34.34000015258789,35.52000045776367,34.099998474121094,35.349998474121094,29.861732482910156,17564500
2012-09-12,35.650001525878906,36.0,35.459999084472656,35.72999954223633,30.182737350463867,15729500
2012-09-13,35.77000045776367,36.81999969482422,35.5099983215332,36.439998626708984,30.78251075744629,15884300
2012-09-14,37.0,38.0,36.86000061035156,37.439998626708984,31.627260208129883,17074300
2012-09-17,37.36000061035156,37.869998931884766,37.040000915527344,37.220001220703125,31.441423416137695,11918000
2012-09-18,36.779998779296875,36.84000015258789,36.20000076293945,36.56999969482422,30.89232063293457,13420500
2012-09-19,36.59000015258789,36.75,36.09000015258789,36.40999984741211,30.757165908813477,13569800
2012-09-20,35.83000183105469,36.220001220703125,35.31999969482422,36.130001068115234,30.52063751220703,16723900
2012-09-21,36.849998474121094,36.869998931884766,35.81999969482422,35.84000015258789,30.275663375854492,13979500
2012-09-24,35.119998931884766,35.84000015258789,35.11000061035156,35.4900016784668,29.980005264282227,9101800
2012-09-25,35.619998931884766,35.75,34.66999816894531,34.77000045776367,29.371784210205078,16349700
2012-09-26,34.54999923706055,34.54999923706055,33.59000015258789,33.91999816894531,28.653757095336914,15655500
2012-09-27,34.189998626708984,34.310001373291016,33.61000061035156,34.220001220703125,28.90717124938965,10134100
2012-09-28,34.09000015258789,34.099998474121094,33.5,33.689998626708984,28.459461212158203,11070400
2012-10-01,33.93000030517578,34.029998779296875,33.459999084472656,33.66999816894531,28.44255828857422,15269100
2012-10-02,33.779998779296875,34.08000183105469,33.54999923706055,34.06999969482422,28.78046417236328,14926500
2012-10-03,33.91999816894531,33.959999084472656,32.900001525878906,33.0099983215332,27.88503074645996,19460700
2012-10-04,33.2599983215332,34.060001373291016,33.189998626708984,33.970001220703125,28.695995330810547,14596900
2012-10-05,34.13999938964844,34.22999954223633,33.310001373291016,33.41999816894531,28.231374740600586,9632800
2012-10-08,33.20000076293945,33.75,33.189998626708984,33.630001068115234,28.408771514892578,5110600
2012-10-09,33.68000030517578,34.18000030517578,33.619998931884766,33.869998931884766,28.61151123046875,8896700
2012-10-10,33.84000015258789,34.0,33.36000061035156,33.5,28.298954010009766,8482100
2012-10-11,33.810001373291016,34.27000045776367,33.540000915527344,33.970001220703125,28.695995330810547,8236100
2012-10-12,33.83000183105469,34.09000015258789,33.34000015258789,33.79999923706055,28.55238151550293,8224100
2012-10-15,33.790000915527344,33.97999954223633,33.400001525878906,33.84000015258789,28.586177825927734,8130600
2012-10-16,34.13999938964844,34.779998779296875,34.0,34.560001373291016,29.19438362121582,13871100
2012-10-17,33.619998931884766,35.650001525878906,33.58000183105469,35.31999969482422,29.836381912231445,27171700
2012-10-18,35.15999984741211,36.0,35.0,35.650001525878906,30.11515235900879,19893800
2012-10-19,35.61000061035156,35.939998626708984,34.88999938964844,34.97999954223633,29.549182891845703,16597500
2012-10-22,34.959999084472656,35.06999969482422,34.09000015258789,34.560001373291016,29.19438362121582,11934100
2012-10-23,33.90999984741211,34.029998779296875,32.95000076293945,33.470001220703125,28.27361488342285,16263700
2012-10-24,33.540000915527344,33.619998931884766,32.599998474121094,32.709999084472656,27.631607055664062,11081800
2012-10-25,33.11000061035156,33.15999984741211,32.5099983215332,32.91999816894531,27.809005737304688,11991800
2012-10-26,32.86000061035156,33.060001373291016,32.33000183105469,32.400001525878906,27.36973762512207,9399500
2012-10-31,32.65999984741211,32.77000045776367,31.920000076293945,32.290000915527344,27.276813507080078,9570600
2012-11-01,32.29999923706055,32.81999969482422,32.2400016784668,32.68000030517578,27.60626792907715,10104900
2012-11-02,33.040000915527344,33.06999969482422,31.75,32.11000061035156,27.12476921081543,11363100
2012-11-05,31.639999389648438,32.560001373291016,31.639999389648438,32.290000915527344,27.276813507080078,8049700
2012-11-06,32.5,32.880001068115234,32.119998931884766,32.7599983215332,27.67384147644043,9936600
2012-11-07,32.209999084472656,32.209999084472656,30.350000381469727,31.709999084472656,26.786861419677734,16495800
2012-11-08,31.709999084472656,31.75,30.440000534057617,30.479999542236328,25.74782371520996,15614700
2012-11-09,30.399999618530273,30.81999969482422,30.100000381469727,30.559999465942383,25.81540298461914,19538200
2012-11-12,30.549999237060547,30.889999389648438,30.399999618530273,30.649999618530273,25.891435623168945,6406300
2012-11-13,30.229999542236328,31.010000228881836,30.059999465942383,30.389999389648438,25.671804428100586,13481100
2012-11-14,30.56999969482422,30.700000762939453,29.829999923706055,29.950000762939453,25.300121307373047,18150600
2012-11-15,30.34000015258789,30.93000030517578,30.0,30.360000610351562,25.646453857421875,13322500
2012-11-16,30.40999984741211,30.549999237060547,29.90999984741211,30.459999084472656,25.73093032836914,14452300
2012-11-19,31.170000076293945,31.75,31.06999969482422,31.709999084472656,26.786861419677734,12401700
2012-11-20,31.360000610351562,31.739999771118164,31.239999771118164,31.709999084472656,26.786861419677734,11821400
2012-11-21,31.65999984741211,31.84000015258789,31.420000076293945,31.700000762939453,26.778419494628906,7361300
2012-11-23,31.860000610351562,32.119998931884766,31.68000030517578,32.08000183105469,27.099422454833984,3973200
2012-11-26,31.90999984741211,32.20000076293945,31.690000534057617,32.040000915527344,27.06563377380371,9348400
2012-11-27,32.02000045776367,32.400001525878906,31.90999984741211,32.040000915527344,27.06563377380371,8547500
2012-11-28,31.799999237060547,32.439998626708984,31.40999984741211,32.40999984741211,27.378185272216797,11387800
2012-11-29,32.52000045776367,33.18000030517578,32.52000045776367,32.91999816894531,27.809005737304688,11756700
2012-11-30,32.959999084472656,33.45000076293945,32.83000183105469,33.349998474121094,28.17224884033203,11729700
2012-12-03,33.5,33.689998626708984,32.9900016784668,33.08000183105469,27.94417381286621,7689600
2012-12-04,32.939998626708984,33.4900016784668,32.880001068115234,33.060001373291016,28.003459930419922,9296400
2012-12-05,33.18000030517578,33.59000015258789,33.0,33.5,28.37615966796875,10149800
2012-12-06,33.34000015258789,33.650001525878906,33.189998626708984,33.58000183105469,28.443931579589844,10541400
2012-12-07,33.66999816894531,33.939998626708984,33.5099983215332,33.779998779296875,28.61333465576172,8211600
2012-12-10,33.79999923706055,34.09000015258789,33.619998931884766,33.65999984741211,28.511686325073242,6998900
2012-12-11,33.779998779296875,34.130001068115234,33.59000015258789,33.9900016784668,28.791213989257812,7754700
2012-12-12,34.18000030517578,34.36000061035156,33.90999984741211,34.04999923706055,28.842037200927734,8656900
2012-12-13,33.97999954223633,34.060001373291016,33.29999923706055,33.5099983215332,28.38463020324707,8355700
2012-12-14,32.90999984741211,33.56999969482422,32.81999969482422,33.38999938964844,28.28297996520996,12903600
2012-12-17,33.4900016784668,33.66999816894531,33.189998626708984,33.540000915527344,28.410045623779297,8022200
2012-12-18,33.06999969482422,35.09000015258789,33.02000045776367,34.79999923706055,29.477313995361328,16580300
2012-12-19,34.939998626708984,35.380001068115234,34.56999969482422,34.61000061035156,29.316381454467773,9900600
2012-12-20,34.56999969482422,35.220001220703125,34.54999923706055,35.130001068115234,29.75684928894043,11044000
2012-12-21,34.86000061035156,34.9900016784668,34.380001068115234,34.709999084472656,29.401094436645508,14700600
2012-12-24,34.56999969482422,34.650001525878906,34.45000076293945,34.52000045776367,29.24014663696289,3874600
2012-12-26,34.66999816894531,34.900001525878906,34.45000076293945,34.709999084472656,29.401094436645508,6315700
2012-12-27,34.650001525878906,34.70000076293945,34.119998931884766,34.599998474121094,29.307918548583984,7843300
2012-12-28,34.22999954223633,34.34000015258789,33.900001525878906,34.0099983215332,28.808156967163086,5808200
2012-12-31,33.880001068115234,34.75,33.7400016784668,34.689998626708984,29.38414192199707,8671800
2013-01-02,35.47999954223633,35.72999954223633,35.06999969482422,35.709999084472656,30.248136520385742,10230700
2013-01-03,35.68000030517578,36.72999954223633,35.470001220703125,36.310001373291016,30.756380081176758,16641200
2013-01-04,36.38999938964844,36.790000915527344,36.27000045776367,36.650001525878906,31.04436683654785,8152700
2013-01-07,36.400001525878906,36.88999938964844,36.29999923706055,36.650001525878906,31.04436683654785,7676400
2013-01-08,36.290000915527344,36.56999969482422,35.709999084472656,36.189998626708984,30.654726028442383,12052900
2013-01-09,36.2400016784668,36.599998474121094,36.08000183105469,36.47999954223633,30.90037727355957,8379200
2013-01-10,36.65999984741211,36.959999084472656,36.41999816894531,36.900001525878906,31.25612449645996,9953400
2013-01-11,36.83000183105469,36.959999084472656,36.2400016784668,36.619998931884766,31.018959045410156,8333800
2013-01-14,36.599998474121094,36.90999984741211,35.709999084472656,35.90999984741211,30.417551040649414,10320800
2013-01-15,35.84000015258789,36.29999923706055,35.77000045776367,36.18000030517578,30.64625358581543,6753100
2013-01-16,36.06999969482422,36.43000030517578,36.029998779296875,36.2599983215332,30.714021682739258,5339100
2013-01-17,36.38999938964844,36.43000030517578,35.869998931884766,36.29999923706055,30.747892379760742,10937500
2013-01-18,36.560001373291016,37.560001373291016,36.459999084472656,37.5,31.764360427856445,17312400
2013-01-22,37.540000915527344,38.20000076293945,37.459999084472656,37.93000030517578,32.12858581542969,13819300
2013-01-23,37.68000030517578,38.13999938964844,37.290000915527344,37.790000915527344,32.01000213623047,9260200
2013-01-24,37.790000915527344,38.33000183105469,37.45000076293945,37.810001373291016,32.026939392089844,11012700
2013-01-25,39.54999923706055,40.279998779296875,39.31999969482422,39.720001220703125,33.644805908203125,32627000
2013-01-28,40.150001525878906,40.650001525878906,39.880001068115234,40.279998779296875,34.11915588378906,13923500
2013-01-29,40.290000915527344,41.060001373291016,40.189998626708984,40.880001068115234,34.62739181518555,14977400
2013-01-30,40.79999923706055,40.900001525878906,40.02000045776367,40.20000076293945,34.05138397216797,15532200
2013-01-31,40.029998779296875,40.93000030517578,39.880001068115234,40.68000030517578,34.457969665527344,14938200
2013-02-01,40.9900016784668,41.2400016784668,40.4900016784668,41.08000183105469,34.79678726196289,10022800
2013-02-04,40.70000076293945,41.040000915527344,40.54999923706055,40.86000061035156,34.6104621887207,11734400
2013-02-05,41.08000183105469,41.25,40.66999816894531,40.90999984741211,34.652793884277344,10153300
2013-02-06,40.599998474121094,40.900001525878906,39.54999923706055,40.310001373291016,34.14457702636719,14909000
2013-02-07,40.41999816894531,40.83000183105469,40.150001525878906,40.83000183105469,34.58503723144531,9551200
2013-02-08,40.869998931884766,41.349998474121094,40.810001373291016,41.2599983215332,34.94926071166992,8003200
2013-02-11,41.2400016784668,41.439998626708984,40.72999954223633,40.869998931884766,34.618919372558594,8821200
2013-02-12,40.9900016784668,41.150001525878906,40.63999938964844,40.709999084472656,34.48339080810547,5599700
2013-02-13,40.83000183105469,41.099998474121094,40.630001068115234,40.84000015258789,34.59351348876953,6008600
2013-02-14,40.720001220703125,43.959999084472656,40.720001220703125,43.31999969482422,36.694183349609375,26174900
2013-02-15,43.0,43.20000076293945,42.2400016784668,42.70000076293945,36.16901779174805,19390900
2013-02-19,43.540000915527344,43.959999084472656,42.59000015258789,42.810001373291016,36.2621955871582,15348600
2013-02-20,42.86000061035156,42.95000076293945,41.54999923706055,41.619998931884766,35.25420379638672,15690700
2013-02-21,41.36000061035156,41.43000030517578,40.2599983215332,40.77000045776367,34.53420639038086,18733900
2013-02-22,40.90999984741211,41.189998626708984,40.33000183105469,41.11000061035156,34.82221603393555,9084700
2013-02-25,41.400001525878906,41.75,39.75,39.849998474121094,33.75492858886719,9781100
2013-02-26,40.02000045776367,40.68000030517578,39.4900016784668,40.4900016784668,34.29703903198242,9852400
2013-02-27,40.099998474121094,41.400001525878906,40.060001373291016,41.27000045776367,34.95773696899414,9178400
2013-02-28,41.22999954223633,41.97999954223633,40.91999816894531,41.5099983215332,35.16102600097656,9743900
2013-03-01,41.16999816894531,41.36000061035156,40.470001220703125,40.630001068115234,34.41563415527344,9560400
2013-03-04,40.189998626708984,40.5,39.52000045776367,39.959999084472656,33.952552795410156,9178600
2013-03-05,40.150001525878906,41.02000045776367,40.0,41.0,34.83620834350586,9076100
2013-03-06,41.459999084472656,41.459999084472656,40.349998474121094,40.79999923706055,34.6662712097168,6608500
2013-03-07,41.060001373291016,41.43000030517578,40.470001220703125,41.40999984741211,35.184574127197266,9665300
2013-03-08,41.779998779296875,42.220001220703125,41.47999954223633,42.08000183105469,35.753849029541016,11000000
2013-03-11,41.900001525878906,42.27000045776367,41.599998474121094,42.0,35.68586349487305,9046800
2013-03-12,42.04999923706055,42.54999923706055,41.709999084472656,41.959999084472656,35.65187454223633,7073100
2013-03-13,41.9900016784668,42.380001068115234,41.63999938964844,41.84000015258789,35.5499267578125,8238000
2013-03-14,41.959999084472656,42.63999938964844,41.63999938964844,42.540000915527344,36.144691467285156,8682900
2013-03-15,42.349998474121094,42.63999938964844,41.880001068115234,41.900001525878906,35.60091018676758,14422300
2013-03-18,41.15999984741211,41.79999923706055,40.47999954223633,40.72999954223633,34.606788635253906,13678500
2013-03-19,40.77000045776367,40.93000030517578,38.83000183105469,39.619998931884766,33.66367721557617,27771200
2013-03-20,40.0,40.119998931884766,38.869998931884766,39.439998626708984,33.5107307434082,13612200
2013-03-21,39.5,40.06999969482422,39.36000061035156,39.470001220703125,33.536224365234375,10908900
2013-03-22,39.529998779296875,39.900001525878906,39.0,39.15999984741211,33.272823333740234,14746700
2013-03-25,39.599998474121094,39.849998474121094,39.18000030517578,39.650001525878906,33.68916702270508,9896600
2013-03-26,39.810001373291016,40.18000030517578,39.709999084472656,40.130001068115234,34.09699630737305,11004100
2013-03-27,39.970001220703125,40.88999938964844,39.630001068115234,40.65999984741211,34.54731369018555,8292000
2013-03-28,40.58000183105469,40.709999084472656,40.119998931884766,40.40999984741211,34.334903717041016,7127300
2013-04-01,40.349998474121094,40.439998626708984,39.459999084472656,39.93000030517578,33.927066802978516,6883800
2013-04-02,39.93000030517578,40.38999938964844,39.58000183105469,39.88999938964844,33.89307403564453,6905900
2013-04-03,39.939998626708984,40.060001373291016,38.45000076293945,38.75,32.92445373535156,12981100
2013-04-04,38.75,38.84000015258789,38.189998626708984,38.540000915527344,32.74602508544922,10368000
2013-04-05,37.97999954223633,38.72999954223633,37.79999923706055,38.599998474121094,32.797019958496094,14112900
2013-04-08,38.540000915527344,38.65999984741211,38.13999938964844,38.40999984741211,32.63557434082031,10549100
2013-04-09,38.470001220703125,39.27000045776367,38.18000030517578,39.11000061035156,33.23035430908203,8500100
2013-04-10,39.150001525878906,40.68000030517578,39.13999938964844,40.38999938964844,34.317901611328125,10959200
2013-04-11,40.52000045776367,41.2400016784668,40.11000061035156,41.16999816894531,34.980655670166016,10107800
2013-04-12,40.790000915527344,40.93000030517578,40.08000183105469,40.86000061035156,34.71726989746094,9617600
2013-04-15,40.09000015258789,40.209999084472656,38.54999923706055,38.65999984741211,32.847999572753906,13480400
2013-04-16,39.099998474121094,39.77000045776367,38.560001373291016,39.689998626708984,33.723140716552734,9736300
2013-04-17,39.220001220703125,39.2400016784668,37.45000076293945,37.689998626708984,32.02381896972656,17464900
2013-04-18,37.77000045776367,38.369998931884766,37.06999969482422,37.709999084472656,32.04081726074219,15817700
2013-04-19,38.06999969482422,38.4900016784668,36.77000045776367,37.209999084472656,31.615983963012695,20005200
2013-04-22,38.959999084472656,39.40999984741211,38.04999923706055,39.290000915527344,33.38328552246094,26107600
2013-04-23,39.45000076293945,39.97999954223633,38.9900016784668,39.689998626708984,33.723140716552734,14164700
2013-04-24,40.31999969482422,41.79999923706055,40.27000045776367,40.91999816894531,34.76823425292969,16266800
2013-04-25,41.040000915527344,41.599998474121094,40.65999984741211,40.75,34.62379837036133,10034500
2013-04-26,40.540000915527344,40.849998474121094,40.15999984741211,40.56999969482422,34.47084045410156,6921300
2013-04-29,40.869998931884766,41.97999954223633,40.459999084472656,41.56999969482422,35.320518493652344,11177800
2013-04-30,41.599998474121094,42.81999969482422,41.560001373291016,42.77000045776367,36.34010696411133,21264500
2013-05-01,42.0,42.33000183105469,41.689998626708984,42.08000183105469,35.753849029541016,12828500
2013-05-02,42.209999084472656,42.599998474121094,41.84000015258789,42.400001525878906,36.02574157714844,12116500
2013-05-03,42.790000915527344,43.2400016784668,42.45000076293945,42.54999923706055,36.153194427490234,11371600
2013-05-06,42.459999084472656,43.310001373291016,42.45000076293945,43.060001373291016,36.58651351928711,7956000
2013-05-07,43.25,43.790000915527344,42.880001068115234,43.41999816894531,36.89238739013672,8226600
2013-05-08,43.400001525878906,43.790000915527344,43.060001373291016,43.70000076293945,37.13029861450195,6786400
2013-05-09,43.630001068115234,43.75,43.2599983215332,43.560001373291016,37.01134490966797,6692000
2013-05-10,43.20000076293945,43.400001525878906,42.7599983215332,43.38999938964844,36.86690902709961,8941800
2013-05-13,43.130001068115234,43.630001068115234,43.130001068115234,43.560001373291016,37.01134490966797,8863600
2013-05-14,43.560001373291016,44.56999969482422,43.38999938964844,44.20000076293945,37.55513000488281,11697100
2013-05-15,43.959999084472656,44.27000045776367,43.150001525878906,44.130001068115234,37.49565505981445,9650000
2013-05-16,44.11000061035156,44.439998626708984,43.72999954223633,43.849998474121094,37.257755279541016,8220100
2013-05-17,44.630001068115234,45.25,44.40999984741211,45.25,38.44728088378906,13349100
2013-05-20,45.02000045776367,45.630001068115234,44.900001525878906,45.54999923706055,38.702178955078125,8296100
2013-05-21,45.58000183105469,45.75,43.900001525878906,44.83000183105469,38.09042739868164,17697000
2013-05-22,44.79999923706055,45.060001373291016,43.720001220703125,44.02000045776367,37.40219497680664,13220800
2013-05-23,42.45000076293945,43.63999938964844,41.90999984741211,43.52000045776367,36.97735595703125,11128200
2013-05-24,43.36000061035156,43.36000061035156,42.58000183105469,43.02000045776367,36.55253601074219,8454300
2013-05-28,43.79999923706055,43.95000076293945,43.2599983215332,43.369998931884766,36.84991455078125,9242700
2013-05-29,42.9900016784668,43.7599983215332,42.959999084472656,43.56999969482422,37.01984786987305,6382500
2013-05-30,42.68000030517578,43.060001373291016,42.029998779296875,42.630001068115234,36.221160888671875,15691400
2013-05-31,42.40999984741211,42.68000030517578,41.849998474121094,41.849998474121094,35.55841827392578,9361200
2013-06-03,41.93000030517578,42.43000030517578,41.54999923706055,42.38999938964844,36.12512969970703,8135900
2013-06-04,42.290000915527344,42.869998931884766,41.77000045776367,41.9900016784668,35.784263610839844,10579400
2013-06-05,41.900001525878906,42.119998931884766,41.68000030517578,41.7599983215332,35.5882568359375,9560500
2013-06-06,41.83000183105469,42.380001068115234,41.380001068115234,42.349998474121094,36.09105682373047,7738000
2013-06-07,42.56999969482422,43.25,42.25,43.15999984741211,36.78133773803711,7278800
2013-06-10,43.31999969482422,43.34000015258789,42.59000015258789,42.81999969482422,36.491600036621094,6137000
2013-06-11,42.220001220703125,42.619998931884766,41.83000183105469,42.040000915527344,35.82685852050781,6636100
2013-06-12,42.369998931884766,42.59000015258789,41.599998474121094,41.61000061035156,35.46041488647461,6973000
2013-06-13,41.65999984741211,43.20000076293945,41.65999984741211,43.08000183105469,36.713165283203125,7249600
2013-06-14,43.380001068115234,43.5,42.68000030517578,42.93000030517578,36.5853385925293,7506300
2013-06-17,43.36000061035156,43.939998626708984,43.2400016784668,43.619998931884766,37.173362731933594,6744700
2013-06-18,43.630001068115234,44.470001220703125,43.630001068115234,44.06999969482422,37.556846618652344,9805800
2013-06-19,43.9900016784668,44.349998474121094,43.04999923706055,43.04999923706055,36.68758773803711,9389500
2013-06-20,42.459999084472656,42.59000015258789,41.619998931884766,41.79999923706055,35.62232971191406,11031200
2013-06-21,42.099998474121094,42.25,41.189998626708984,41.790000915527344,35.61381912231445,10237300
2013-06-24,41.209999084472656,41.43000030517578,40.119998931884766,40.95000076293945,34.897972106933594,11160800
2013-06-25,41.45000076293945,41.75,40.959999084472656,41.150001525878906,35.068416595458984,10533200
2013-06-26,41.4900016784668,41.79999923706055,41.20000076293945,41.470001220703125,35.34110641479492,8239400
2013-06-27,41.66999816894531,42.099998474121094,41.61000061035156,41.84000015258789,35.65642166137695,6787000
2013-06-28,41.70000076293945,42.18000030517578,41.5,41.720001220703125,35.55415725708008,9596000
2013-07-01,42.029998779296875,42.619998931884766,41.86000061035156,42.45000076293945,36.17628479003906,8623600
2013-07-02,42.439998626708984,43.34000015258789,42.40999984741211,42.790000915527344,36.46602249145508,9175200
2013-07-03,42.77000045776367,43.29999923706055,42.560001373291016,42.650001525878906,36.34671401977539,3763500
2013-07-05,43.0099983215332,43.83000183105469,42.65999984741211,43.709999084472656,37.25006103515625,6012600
2013-07-08,44.0,44.20000076293945,43.650001525878906,43.91999816894531,37.429019927978516,7504800
2013-07-09,44.310001373291016,44.56999969482422,44.04999923706055,44.310001373291016,37.761390686035156,8330000
2013-07-10,44.22999954223633,44.779998779296875,43.88999938964844,44.130001068115234,37.60797882080078,7701900
2013-07-11,44.75,44.869998931884766,43.66999816894531,44.18000030517578,37.65059280395508,7294200
2013-07-12,44.06999969482422,44.66999816894531,43.970001220703125,44.63999938964844,38.042598724365234,5130100
2013-07-15,44.66999816894531,44.689998626708984,43.79999923706055,44.11000061035156,37.5909423828125,7297400
2013-07-16,44.189998626708984,44.31999969482422,43.43000030517578,43.630001068115234,37.18189239501953,5608500
2013-07-17,43.63999938964844,44.22999954223633,43.63999938964844,44.13999938964844,37.61650085449219,8307200
2013-07-18,44.220001220703125,44.93000030517578,44.15999984741211,44.7400016784668,38.12782287597656,9194700
2013-07-19,45.099998474121094,45.9900016784668,44.93000030517578,45.83000183105469,39.05673599243164,15152600
2013-07-22,46.09000015258789,46.65999984741211,44.810001373291016,45.08000183105469,38.41758728027344,17306100
2013-07-23,45.619998931884766,46.2400016784668,45.52000045776367,45.58000183105469,38.843685150146484,10811500
2013-07-24,45.63999938964844,45.779998779296875,44.619998931884766,44.81999969482422,38.196006774902344,8235500
2013-07-25,44.63999938964844,45.13999938964844,43.779998779296875,44.34000015258789,37.78694534301758,12311500
2013-07-26,46.45000076293945,46.5,45.540000915527344,45.97999954223633,39.18456268310547,23511800
2013-07-29,45.72999954223633,45.849998474121094,45.33000183105469,45.529998779296875,38.80107116699219,11513200
2013-07-30,45.59000015258789,45.59000015258789,44.939998626708984,45.22999954223633,38.545413970947266,8186000
2013-07-31,45.189998626708984,45.619998931884766,44.959999084472656,45.189998626708984,38.51133346557617,8361000
2013-08-01,45.720001220703125,46.47999954223633,45.66999816894531,46.40999984741211,39.551021575927734,9103900
2013-08-02,46.279998779296875,46.47999954223633,46.04999923706055,46.29999923706055,39.457271575927734,5334400
2013-08-05,46.15999984741211,46.25,45.7599983215332,46.04999923706055,39.24422073364258,4540300
2013-08-06,45.880001068115234,46.09000015258789,45.540000915527344,45.849998474121094,39.07378005981445,6140500
2013-08-07,45.56999969482422,45.79999923706055,45.34000015258789,45.529998779296875,38.80107116699219,5349000
2013-08-08,45.83000183105469,46.5,45.83000183105469,46.13999938964844,39.3209228515625,8820900
2013-08-09,46.18000030517578,46.4900016784668,45.720001220703125,46.029998779296875,39.227169036865234,5217300
2013-08-12,45.72999954223633,46.189998626708984,45.619998931884766,46.02000045776367,39.21866226196289,5256000
2013-08-13,46.189998626708984,46.9900016784668,46.150001525878906,46.58000183105469,39.69588088989258,8428900
2013-08-14,46.66999816894531,46.9900016784668,46.529998779296875,46.81999969482422,39.900421142578125,6822700
2013-08-15,46.5,46.779998779296875,46.27000045776367,46.68000030517578,39.78112030029297,6940000
2013-08-16,46.58000183105469,46.97999954223633,46.540000915527344,46.95000076293945,40.01121139526367,7932300
2013-08-19,46.83000183105469,47.189998626708984,46.54999923706055,46.650001525878906,39.755550384521484,12593000
2013-08-20,46.599998474121094,47.65999984741211,46.47999954223633,47.349998474121094,40.35209274291992,15038500
2013-08-21,47.220001220703125,47.5,46.90999984741211,46.97999954223633,40.03677749633789,18657500
2013-08-22,47.189998626708984,47.970001220703125,47.0099983215332,47.81999969482422,40.75263595581055,22194700
2013-08-23,47.310001373291016,48.77000045776367,47.150001525878906,48.709999084472656,41.5110969543457,39570600
2013-08-26,48.72999954223633,49.369998931884766,48.380001068115234,48.439998626708984,41.281005859375,11125800
2013-08-27,47.97999954223633,48.720001220703125,47.68000030517578,48.130001068115234,41.01681900024414,13077900
2013-08-28,48.06999969482422,49.279998779296875,48.04999923706055,48.900001525878906,41.67301559448242,9910700
2013-08-29,49.0,49.04999923706055,48.22999954223633,48.540000915527344,41.366233825683594,10592400
2013-08-30,48.25,48.400001525878906,47.90999984741211,48.0,41.011653900146484,9771100
2013-09-03,48.349998474121094,48.540000915527344,47.97999954223633,48.29999923706055,41.26797103881836,6959000
2013-09-04,48.849998474121094,49.40999984741211,48.47999954223633,49.08000183105469,41.934410095214844,9142000
2013-09-05,49.279998779296875,50.13999938964844,49.2400016784668,49.77000045776367,42.523956298828125,9242100
2013-09-06,49.84000015258789,50.27000045776367,49.380001068115234,49.540000915527344,42.32744216918945,7976000
2013-09-09,49.2400016784668,50.47999954223633,49.22999954223633,50.2599983215332,42.94261169433594,7852400
2013-09-10,50.34000015258789,50.5,50.0,50.31999969482422,42.993865966796875,6717100
2013-09-11,49.400001525878906,50.34000015258789,49.33000183105469,50.189998626708984,42.8828010559082,10282500
2013-09-12,49.439998626708984,49.720001220703125,48.959999084472656,49.20000076293945,42.03694152832031,9579300
2013-09-13,49.279998779296875,49.7400016784668,48.97999954223633,49.689998626708984,42.45560073852539,6619100
2013-09-16,49.97999954223633,50.380001068115234,49.619998931884766,49.81999969482422,42.566673278808594,5507100
2013-09-17,49.720001220703125,49.9900016784668,49.290000915527344,49.66999816894531,42.438499450683594,7998600
2013-09-18,49.720001220703125,50.25,48.97999954223633,49.75,42.50685501098633,9290600
2013-09-19,49.97999954223633,50.029998779296875,49.40999984741211,49.540000915527344,42.32744216918945,9056700
2013-09-20,49.70000076293945,49.880001068115234,49.310001373291016,49.34000015258789,42.156551361083984,10457400
2013-09-23,49.20000076293945,49.34000015258789,48.349998474121094,48.38999938964844,41.3448600769043,8823100
2013-09-24,48.400001525878906,49.11000061035156,48.099998474121094,48.75,41.65244674682617,7511800
2013-09-25,49.20000076293945,49.27000045776367,48.619998931884766,48.880001068115234,41.763526916503906,6331800
2013-09-26,48.869998931884766,49.25,48.5099983215332,48.709999084472656,41.618282318115234,5834000
2013-09-27,48.2400016784668,48.5,47.959999084472656,48.38999938964844,41.3448600769043,7780200
2013-09-30,47.939998626708984,48.4900016784668,47.459999084472656,48.150001525878906,41.139808654785156,6375300
2013-10-01,48.11000061035156,48.7400016784668,47.9900016784668,48.599998474121094,41.52428436279297,6485300
2013-10-02,48.43000030517578,49.099998474121094,48.20000076293945,49.09000015258789,41.94293975830078,5823900
2013-10-03,49.060001373291016,49.290000915527344,48.11000061035156,48.400001525878906,41.35341262817383,6842200
2013-10-04,48.400001525878906,49.400001525878906,48.06999969482422,49.060001373291016,41.917327880859375,5653100
2013-10-07,48.7400016784668,49.52000045776367,48.599998474121094,49.02000045776367,41.883148193359375,6676200
2013-10-08,49.04999923706055,49.63999938964844,48.4900016784668,48.65999984741211,41.575565338134766,6477500
2013-10-09,48.91999816894531,49.08000183105469,48.08000183105469,48.560001373291016,41.4901123046875,7397900
2013-10-10,49.0099983215332,50.11000061035156,48.959999084472656,50.0,42.720458984375,7196800
2013-10-11,49.70000076293945,51.040000915527344,49.540000915527344,50.66999816894531,43.292911529541016,8187700
2013-10-14,50.349998474121094,51.41999816894531,50.13999938964844,51.349998474121094,43.87390899658203,5789300
2013-10-15,51.2400016784668,51.5099983215332,50.5,51.15999984741211,43.711578369140625,7442600
2013-10-16,51.349998474121094,52.119998931884766,51.029998779296875,51.970001220703125,44.403656005859375,7760100
2013-10-17,51.90999984741211,52.0099983215332,51.4900016784668,51.720001220703125,44.19004440307617,6336700
2013-10-18,52.38999938964844,52.93000030517578,52.099998474121094,52.470001220703125,44.830867767333984,12041500
2013-10-21,51.06999969482422,51.84000015258789,50.400001525878906,50.65999984741211,43.28437805175781,14532700
2013-10-22,50.90999984741211,52.08000183105469,50.900001525878906,51.779998779296875,44.24131393432617,10425300
2013-10-23,51.47999954223633,51.52000045776367,50.560001373291016,50.7400016784668,43.35273742675781,8768300
2013-10-24,50.95000076293945,51.189998626708984,50.16999816894531,51.099998474121094,43.66031265258789,6238400
2013-10-25,51.2599983215332,51.810001373291016,51.22999954223633,51.689998626708984,44.16440963745117,6719000
2013-10-28,51.7599983215332,52.18000030517578,51.540000915527344,52.029998779296875,44.454925537109375,7116900
2013-10-29,52.130001068115234,53.290000915527344,52.09000015258789,53.25,45.49728775024414,7820400
2013-10-30,53.400001525878906,53.939998626708984,52.7599983215332,53.2599983215332,45.50582504272461,8665400
2013-10-31,53.189998626708984,53.66999816894531,52.84000015258789,53.029998779296875,45.30933380126953,6521200
2013-11-01,53.16999816894531,53.349998474121094,52.599998474121094,53.22999954223633,45.48021697998047,5719200
2013-11-04,53.33000183105469,54.060001373291016,53.0,54.040000915527344,46.17229080200195,7673500
2013-11-05,53.709999084472656,53.77000045776367,52.849998474121094,53.130001068115234,45.394771575927734,7257200
2013-11-06,53.38999938964844,54.5,52.720001220703125,54.400001525878906,46.47987365722656,14478200
2013-11-07,54.83000183105469,55.369998931884766,53.279998779296875,53.900001525878906,46.05266189575195,14590100
2013-11-08,53.83000183105469,55.31999969482422,53.77000045776367,55.31999969482422,47.265926361083984,10038900
2013-11-11,55.290000915527344,56.150001525878906,55.189998626708984,55.29999923706055,47.248836517333984,7385400
2013-11-12,54.959999084472656,55.08000183105469,54.20000076293945,54.459999084472656,46.5311279296875,7469100
2013-11-13,54.189998626708984,55.540000915527344,53.720001220703125,55.540000915527344,47.453887939453125,6868400
2013-11-14,55.630001068115234,56.459999084472656,55.279998779296875,56.2599983215332,48.06907272338867,8049600
2013-11-15,56.470001220703125,56.52000045776367,55.79999923706055,56.22999954223633,48.0434455871582,8752200
2013-11-18,55.9900016784668,56.130001068115234,54.060001373291016,54.33000183105469,46.42006301879883,9193500
2013-11-19,54.099998474121094,54.599998474121094,53.56999969482422,53.7599983215332,45.93305587768555,7989400
2013-11-20,54.33000183105469,54.33000183105469,53.29999923706055,53.58000183105469,45.77925109863281,5669300
2013-11-21,53.630001068115234,54.36000061035156,53.41999816894531,54.20000076293945,46.30898666381836,6542800
2013-11-22,54.540000915527344,54.540000915527344,53.880001068115234,54.5,46.56532287597656,5718000
2013-11-25,54.369998931884766,54.529998779296875,52.599998474121094,52.70000076293945,45.02738571166992,11315300
2013-11-26,52.61000061035156,53.31999969482422,52.310001373291016,53.18000030517578,45.43748474121094,8794100
2013-11-27,52.91999816894531,53.58000183105469,52.15999984741211,52.41999816894531,44.78813552856445,6461400
2013-11-29,52.63999938964844,53.34000015258789,52.040000915527344,52.68000030517578,45.010276794433594,4336500
2013-12-02,52.83000183105469,52.97999954223633,51.709999084472656,52.0099983215332,44.43782424926758,7663200
2013-12-03,51.90999984741211,52.33000183105469,51.29999923706055,52.02000045776367,44.44636917114258,9242500
2013-12-04,51.619998931884766,51.720001220703125,49.959999084472656,50.619998931884766,43.37527847290039,17674300
2013-12-05,50.4900016784668,50.900001525878906,50.209999084472656,50.47999954223633,43.255306243896484,9211600
2013-12-06,51.060001373291016,51.099998474121094,50.349998474121094,50.560001373291016,43.32386779785156,8582700
2013-12-09,50.70000076293945,50.75,49.72999954223633,49.90999984741211,42.76689147949219,9755100
2013-12-10,49.560001373291016,50.040000915527344,49.13999938964844,49.43000030517578,42.35558319091797,13570300
2013-12-11,49.560001373291016,49.959999084472656,48.81999969482422,48.9900016784668,41.978553771972656,13104800
2013-12-12,49.060001373291016,49.849998474121094,48.849998474121094,49.59000015258789,42.49268341064453,13261500
2013-12-13,49.2599983215332,49.70000076293945,49.0099983215332,49.38999938964844,42.32130813598633,9402900
2013-12-16,49.72999954223633,50.349998474121094,49.619998931884766,50.130001068115234,42.95539855957031,9297900
2013-12-17,50.31999969482422,50.459999084472656,49.09000015258789,49.349998474121094,42.28702926635742,11951300
2013-12-18,49.06999969482422,49.97999954223633,48.79999923706055,49.90999984741211,42.76689147949219,15076400
2013-12-19,49.86000061035156,49.900001525878906,48.709999084472656,49.41999816894531,42.347023010253906,12961500
2013-12-20,49.59000015258789,50.900001525878906,49.5,50.540000915527344,43.30673599243164,16973700
2013-12-23,50.970001220703125,51.25,50.29999923706055,50.29999923706055,43.10108184814453,7881100
2013-12-24,50.279998779296875,50.88999938964844,50.25,50.68000030517578,43.42668151855469,2438800
2013-12-26,50.88999938964844,51.349998474121094,50.869998931884766,51.209999084472656,43.88082504272461,4573900
2013-12-27,51.220001220703125,51.43000030517578,51.0099983215332,51.08000183105469,43.769447326660156,4384800
2013-12-30,51.099998474121094,51.189998626708984,50.34000015258789,50.400001525878906,43.186767578125,6476500
2013-12-31,50.45000076293945,50.81999969482422,50.189998626708984,50.75,43.486663818359375,5390300
2014-01-02,50.470001220703125,50.66999816894531,49.630001068115234,50.0099983215332,42.852561950683594,7414400
2014-01-03,50.02000045776367,50.41999816894531,49.939998626708984,50.130001068115234,42.95539855957031,5323500
2014-01-06,50.810001373291016,50.93000030517578,49.880001068115234,50.31999969482422,43.118194580078125,8426800
2014-01-07,50.68000030517578,50.689998626708984,49.880001068115234,50.20000076293945,43.015380859375,7746900
2014-01-08,50.16999816894531,50.18000030517578,49.11000061035156,49.5,42.415557861328125,9136100
2014-01-09,50.16999816894531,50.18000030517578,49.189998626708984,49.61000061035156,42.50982666015625,7931400
2014-01-10,49.52000045776367,50.540000915527344,49.43000030517578,50.52000045776367,43.289581298828125,8833900
2014-01-13,50.470001220703125,50.4900016784668,49.47999954223633,49.58000183105469,42.48413848876953,6782800
2014-01-14,49.7599983215332,50.52000045776367,49.7599983215332,50.400001525878906,43.186767578125,5998500
2014-01-15,50.4900016784668,50.939998626708984,50.150001525878906,50.63999938964844,43.392398834228516,6307800
2014-01-16,50.5099983215332,50.90999984741211,50.29999923706055,50.900001525878906,43.615203857421875,6671700
2014-01-17,51.279998779296875,51.36000061035156,50.47999954223633,50.65999984741211,43.40955352783203,9615200
2014-01-21,51.189998626708984,51.5,49.060001373291016,49.779998779296875,42.655494689941406,20956400
2014-01-22,50.150001525878906,50.84000015258789,49.72999954223633,50.540000915527344,43.30673599243164,9465400
2014-01-23,50.61000061035156,50.97999954223633,49.86000061035156,50.11000061035156,42.93826675415039,8907500
2014-01-24,49.439998626708984,49.439998626708984,48.43000030517578,48.61000061035156,41.65294647216797,12308400
2014-01-27,48.709999084472656,48.970001220703125,47.970001220703125,48.4900016784668,41.550113677978516,9199300
2014-01-28,48.65999984741211,48.72999954223633,47.939998626708984,48.33000183105469,41.41302490234375,7845300
2014-01-29,47.959999084472656,48.560001373291016,47.599998474121094,48.20000076293945,41.30162048339844,10183200
2014-01-30,48.779998779296875,49.689998626708984,48.459999084472656,49.439998626708984,42.364158630371094,9450500
2014-01-31,48.66999816894531,49.43000030517578,48.439998626708984,49.0099983215332,41.99569320678711,9205100
2014-02-03,49.06999969482422,49.18000030517578,47.95000076293945,48.33000183105469,41.41302490234375,9646000
2014-02-04,48.59000015258789,49.5,48.33000183105469,49.36000061035156,42.295616149902344,10563700
2014-02-05,49.369998931884766,49.70000076293945,48.9900016784668,49.27000045776367,42.21847915649414,9686300
2014-02-06,49.5,50.900001525878906,49.45000076293945,50.7599983215332,43.495235443115234,13018800
2014-02-07,51.09000015258789,52.130001068115234,50.97999954223633,51.970001220703125,44.532066345214844,13031400
2014-02-10,51.939998626708984,52.040000915527344,51.33000183105469,51.869998931884766,44.44636917114258,8101900
2014-02-11,52.18000030517578,53.959999084472656,52.119998931884766,53.84000015258789,46.134437561035156,12006000
2014-02-12,53.7400016784668,54.0,53.040000915527344,53.119998931884766,45.51746368408203,11083600
2014-02-13,52.70000076293945,54.029998779296875,52.630001068115234,53.459999084472656,45.808807373046875,8131500
2014-02-14,53.41999816894531,53.91999816894531,53.2599983215332,53.56999969482422,45.903079986572266,6746700
2014-02-18,53.65999984741211,54.29999923706055,53.5,54.130001068115234,46.382930755615234,8515000
2014-02-19,53.91999816894531,54.97999954223633,53.869998931884766,54.529998779296875,46.725677490234375,7914300
2014-02-20,54.529998779296875,55.540000915527344,54.45000076293945,55.380001068115234,47.45402908325195,8761100
2014-02-21,55.54999923706055,55.959999084472656,55.25,55.29999923706055,47.385467529296875,8785900
2014-02-24,55.849998474121094,57.0099983215332,55.79999923706055,56.369998931884766,48.302330017089844,9481900
2014-02-25,56.029998779296875,56.060001373291016,54.79999923706055,55.58000183105469,47.625396728515625,11065400
2014-02-26,55.59000015258789,55.95000076293945,55.11000061035156,55.15999984741211,47.26551055908203,6173000
2014-02-27,55.119998931884766,55.7400016784668,54.849998474121094,55.689998626708984,47.71965408325195,6897800
2014-02-28,55.939998626708984,57.41999816894531,55.65999984741211,57.0,48.842159271240234,10221500
2014-03-03,56.290000915527344,57.130001068115234,56.04999923706055,56.380001068115234,48.43836212158203,8840000
2014-03-04,57.02000045776367,57.25,56.7400016784668,56.900001525878906,48.88512420654297,6616700
2014-03-05,56.86000061035156,57.349998474121094,56.060001373291016,56.189998626708984,48.27513885498047,7542300
2014-03-06,56.290000915527344,57.22999954223633,56.220001220703125,56.91999816894531,48.90229034423828,5802400
2014-03-07,57.119998931884766,57.119998931884766,55.849998474121094,56.20000076293945,48.283729553222656,8816900
2014-03-10,55.97999954223633,56.5,55.75,56.470001220703125,48.51569366455078,6005400
2014-03-11,56.599998474121094,57.02000045776367,55.43000030517578,55.720001220703125,47.87134552001953,10055500
2014-03-12,55.25,55.5,54.58000183105469,55.38999938964844,47.58781814575195,8437700
2014-03-13,55.5,55.790000915527344,54.56999969482422,55.25,47.467552185058594,8788200
2014-03-14,55.220001220703125,55.540000915527344,55.02000045776367,55.189998626708984,47.415985107421875,7917400
2014-03-17,55.459999084472656,56.689998626708984,55.459999084472656,56.619998931884766,48.644561767578125,6121200
2014-03-18,56.77000045776367,57.09000015258789,56.459999084472656,56.900001525878906,48.88512420654297,5547500
2014-03-19,56.75,57.16999816894531,56.349998474121094,56.779998779296875,48.78202819824219,6058600
2014-03-20,56.56999969482422,57.470001220703125,56.349998474121094,57.36000061035156,49.28032302856445,5458000
2014-03-21,57.88999938964844,58.959999084472656,57.59000015258789,58.060001373291016,49.88173294067383,11955100
2014-03-24,58.27000045776367,58.70000076293945,57.47999954223633,57.779998779296875,49.64116668701172,6163100
2014-03-25,58.34000015258789,59.380001068115234,58.18000030517578,59.13999938964844,50.80959701538086,7398300
2014-03-26,59.189998626708984,59.689998626708984,58.310001373291016,58.369998931884766,50.14806365966797,6259000
2014-03-27,58.5099983215332,59.099998474121094,57.36000061035156,58.09000015258789,49.907493591308594,10475700
2014-03-28,58.380001068115234,59.5,58.0,59.459999084472656,51.08452224731445,6106700
2014-03-31,59.90999984741211,59.9900016784668,58.779998779296875,58.88999938964844,50.59480667114258,7407300
2014-04-01,58.689998626708984,59.650001525878906,58.689998626708984,59.630001068115234,51.2305793762207,7968700
2014-04-02,59.54999923706055,60.099998474121094,59.36000061035156,59.93000030517578,51.488319396972656,6821800
2014-04-03,59.81999969482422,60.29999923706055,59.5,59.79999923706055,51.376625061035156,7054400
2014-04-04,60.220001220703125,60.52000045776367,59.2599983215332,59.310001373291016,50.95566177368164,8602100
2014-04-07,59.150001525878906,59.2599983215332,57.36000061035156,57.36000061035156,49.28032302856445,11201800
2014-04-08,57.5099983215332,58.65999984741211,57.38999938964844,58.5099983215332,50.268341064453125,8215000
2014-04-09,58.72999954223633,58.91999816894531,57.86000061035156,58.790000915527344,50.50890350341797,5946300
2014-04-10,58.939998626708984,59.209999084472656,57.709999084472656,57.90999984741211,49.75285720825195,8225300
2014-04-11,57.45000076293945,58.310001373291016,57.130001068115234,57.61000061035156,49.495121002197266,8030900
2014-04-14,57.880001068115234,59.529998779296875,57.79999923706055,59.08000183105469,50.758056640625,7298700
2014-04-15,59.4900016784668,60.040000915527344,58.880001068115234,59.970001220703125,51.5226936340332,9410000
2014-04-16,60.209999084472656,60.7400016784668,60.0,60.5,51.97803497314453,6413500
2014-04-17,61.150001525878906,61.459999084472656,60.08000183105469,60.900001525878906,52.321678161621094,11675200
2014-04-21,61.540000915527344,63.880001068115234,61.470001220703125,62.91999816894531,54.05714797973633,13992300
2014-04-22,62.81999969482422,63.65999984741211,62.209999084472656,63.380001068115234,54.45236587524414,9373600
2014-04-23,64.1500015258789,65.11000061035156,64.01000213623047,64.72000122070312,55.60361099243164,13811600
2014-04-24,64.73999786376953,64.9800033569336,63.119998931884766,63.4900016784668,54.54685592651367,10324200
2014-04-25,63.150001525878906,63.52000045776367,62.68000030517578,62.86000061035156,54.00559997558594,7973200
2014-04-28,63.0,63.380001068115234,62.02000045776367,62.779998779296875,53.9368782043457,7738900
2014-04-29,63.34000015258789,64.51000213623047,63.0,63.0099983215332,54.13447952270508,8503100
2014-04-30,62.61000061035156,63.369998931884766,62.08000183105469,63.06999969482422,54.1860237121582,7502500
2014-05-01,63.130001068115234,63.36000061035156,62.40999984741211,62.90999984741211,54.04856491088867,5100200
2014-05-02,63.15999984741211,63.970001220703125,62.689998626708984,63.86000061035156,54.864742279052734,7514400
2014-05-05,63.310001373291016,64.16000366210938,63.060001373291016,63.90999984741211,54.9077033996582,4736200
2014-05-06,63.97999954223633,64.0199966430664,63.41999816894531,63.52000045776367,54.5726318359375,4927600
2014-05-07,63.9900016784668,64.80000305175781,63.400001525878906,64.73999786376953,55.62080001831055,6633000
2014-05-08,64.91999816894531,64.94000244140625,63.34000015258789,63.43000030517578,54.49530792236328,5927000
2014-05-09,63.40999984741211,63.75,62.619998931884766,63.5,54.55545425415039,5415500
2014-05-12,63.84000015258789,64.22000122070312,63.15999984741211,64.16999816894531,55.131080627441406,3994800
2014-05-13,64.51000213623047,64.93000030517578,63.88999938964844,64.0999984741211,55.070945739746094,5790800
2014-05-14,63.869998931884766,64.80000305175781,63.7599983215332,63.9900016784668,54.97643280029297,6044400
2014-05-15,63.68000030517578,63.720001220703125,61.20000076293945,62.369998931884766,53.584625244140625,9560800
2014-05-16,62.43000030517578,62.880001068115234,61.81999969482422,62.849998474121094,53.99699783325195,6699300
2014-05-19,62.459999084472656,63.380001068115234,62.41999816894531,63.209999084472656,54.30630111694336,4475800
2014-05-20,63.189998626708984,63.369998931884766,62.59000015258789,62.880001068115234,54.02279281616211,3910100
2014-05-21,63.189998626708984,63.400001525878906,62.79999923706055,63.16999816894531,54.27192687988281,4555300
2014-05-22,63.18000030517578,63.88999938964844,63.13999938964844,63.40999984741211,54.478126525878906,5045800
2014-05-23,63.529998779296875,64.41000366210938,63.13999938964844,64.01000213623047,54.99361801147461,4912200
2014-05-27,64.18000030517578,64.36000061035156,63.56999969482422,63.970001220703125,54.95926284790039,4178300
2014-05-28,63.66999816894531,63.900001525878906,63.09000015258789,63.439998626708984,54.50389862060547,5814500
2014-05-29,63.61000061035156,64.1500015258789,63.20000076293945,64.0,54.98501205444336,5780400
2014-05-30,63.83000183105469,64.69000244140625,63.58000183105469,64.63999938964844,55.53487777709961,6392200
2014-06-02,64.69000244140625,65.51000213623047,64.37000274658203,65.01000213623047,55.98265838623047,5784100
2014-06-03,64.91999816894531,65.5999984741211,64.52999877929688,65.56999969482422,56.46491241455078,5000800
2014-06-04,65.45999908447266,65.58999633789062,64.80000305175781,65.38999938964844,56.30990982055664,4478800
2014-06-05,65.26000213623047,66.19000244140625,65.11000061035156,65.88999938964844,56.74045944213867,4359800
2014-06-06,66.05000305175781,67.01000213623047,65.98999786376953,66.9800033569336,57.67912673950195,5387900
2014-06-09,66.83000183105469,67.31999969482422,66.62000274658203,67.16999816894531,57.84273910522461,5228100
2014-06-10,67.0199966430664,67.3499984741211,66.80000305175781,67.11000061035156,57.79105758666992,3518100
2014-06-11,66.73999786376953,67.0,66.33000183105469,66.94000244140625,57.64466857910156,3373100
2014-06-12,67.37999725341797,68.13999938964844,66.62000274658203,66.63999938964844,57.38632583618164,9660500
2014-06-13,66.61000061035156,67.69000244140625,66.04000091552734,67.58000183105469,58.1958122253418,5617700
2014-06-16,67.58000183105469,67.87000274658203,66.94000244140625,67.61000061035156,58.22163009643555,4491600
2014-06-17,67.4800033569336,68.06999969482422,67.20999908447266,67.61000061035156,58.22163009643555,3588500
2014-06-18,67.91999816894531,68.62000274658203,67.41000366210938,68.5,58.988040924072266,6269400
2014-06-19,68.44999694824219,69.0,68.02999877929688,68.9800033569336,59.401390075683594,4837200
2014-06-20,69.41000366210938,70.62000274658203,69.11000061035156,70.23999786376953,60.486419677734375,10044700
2014-06-23,70.44999694824219,70.79000091552734,70.0,70.37000274658203,60.59838104248047,5369200
2014-06-24,70.3499984741211,70.3499984741211,68.06999969482422,68.16000366210938,58.69527053833008,7037100
2014-06-25,68.05000305175781,69.72000122070312,67.8499984741211,69.44000244140625,59.7974967956543,9132800
2014-06-26,69.62999725341797,70.37000274658203,69.3499984741211,69.55000305175781,59.89225387573242,7733200
2014-06-27,69.11000061035156,70.48999786376953,68.91999816894531,70.47000122070312,60.684505462646484,6854500
2014-06-30,70.54000091552734,71.26000213623047,70.20999908447266,71.01000213623047,61.149505615234375,6255400
2014-07-01,71.2699966430664,71.45999908447266,70.7699966430664,70.8499984741211,61.01171875,5572700
2014-07-02,70.63999938964844,71.2699966430664,70.5999984741211,70.81999969482422,60.98588562011719,4907600
2014-07-03,70.9800033569336,71.02999877929688,70.33999633789062,70.97000122070312,61.11507034301758,2506600
2014-07-07,70.2699966430664,70.45999908447266,69.62000274658203,70.16000366210938,60.41752243041992,4446400
2014-07-08,70.02999877929688,70.13999938964844,68.95999908447266,69.66000366210938,59.98696517944336,5554900
2014-07-09,70.02999877929688,70.75,69.91999816894531,70.66999816894531,60.856719970703125,4460700
2014-07-10,69.7300033569336,69.9000015258789,68.91000366210938,69.3499984741211,59.72002029418945,5630800
2014-07-11,69.23999786376953,69.3499984741211,68.66000366210938,68.98999786376953,59.41000747680664,4651900
2014-07-14,69.41000366210938,70.01000213623047,69.12000274658203,69.80000305175781,60.1075439453125,5290100
2014-07-15,69.58999633789062,70.37000274658203,69.2699966430664,70.26000213623047,60.503665924072266,7133400
2014-07-16,70.63999938964844,71.94000244140625,70.33999633789062,71.86000061035156,61.881465911865234,7157000
2014-07-17,71.87999725341797,71.9000015258789,70.29000091552734,70.3499984741211,60.581153869628906,5844300
2014-07-18,70.33000183105469,71.1500015258789,69.91999816894531,70.93000030517578,61.080604553222656,7106500
2014-07-21,70.97000122070312,72.19999694824219,70.6500015258789,71.0,61.14089584350586,9449600
2014-07-22,71.69999694824219,73.43000030517578,71.58999633789062,73.29000091552734,63.11289596557617,11419100
2014-07-23,73.33999633789062,74.33000183105469,72.5199966430664,74.0199966430664,63.74154281616211,8126800
2014-07-24,74.0999984741211,74.33000183105469,73.2300033569336,73.41000366210938,63.21623611450195,6243600
2014-07-25,73.3499984741211,73.66000366210938,72.73999786376953,73.41000366210938,63.21623611450195,4506200
2014-07-28,73.05999755859375,73.16000366210938,72.12999725341797,72.63999938964844,62.55315017700195,4237600
2014-07-29,72.77999877929688,72.77999877929688,71.20999908447266,71.22000122070312,61.33034896850586,6508600
2014-07-30,71.3499984741211,71.86000061035156,70.6500015258789,70.73999786376953,60.9169807434082,6360700
2014-07-31,70.25,70.30999755859375,68.51000213623047,68.98999786376953,59.41000747680664,9979400
2014-08-01,68.56999969482422,69.16000366210938,67.37000274658203,68.72000122070312,59.177494049072266,9411900
2014-08-04,69.0199966430664,70.33000183105469,68.41000366210938,70.08999633789062,60.35723876953125,7051900
2014-08-05,69.77999877929688,69.81999969482422,66.7699966430664,67.72000122070312,58.31635284423828,9491900
2014-08-06,67.19999694824219,69.2300033569336,67.1500015258789,67.95999908447266,58.523033142089844,6468600
2014-08-07,68.3499984741211,68.55000305175781,67.02999877929688,67.37000274658203,58.014957427978516,6880600
2014-08-08,67.56999969482422,68.37999725341797,67.25,68.30999755859375,58.82441711425781,5645600
2014-08-11,69.06999969482422,69.94000244140625,68.79000091552734,69.41999816894531,59.78030014038086,6182100
2014-08-12,68.81999969482422,69.38999938964844,68.48999786376953,69.0199966430664,59.435829162597656,5067300
2014-08-13,69.43000030517578,69.86000061035156,69.04000091552734,69.54000091552734,59.88362503051758,3895800
2014-08-14,69.83000183105469,69.8499984741211,67.16999816894531,67.33999633789062,57.98910140991211,8358200
2014-08-15,67.79000091552734,68.47000122070312,67.36000061035156,68.41999816894531,58.91914749145508,6838800
2014-08-18,68.91000366210938,69.2699966430664,68.52999877929688,68.87000274658203,59.30666732788086,5016500
2014-08-19,69.0,69.45999908447266,68.63999938964844,68.7699966430664,59.22054672241211,5812300
2014-08-20,68.9800033569336,69.0,68.05000305175781,68.77999877929688,59.22916030883789,4444600
2014-08-21,68.91000366210938,68.91000366210938,68.05000305175781,68.33999633789062,58.85026931762695,4708500
2014-08-22,68.2300033569336,68.30000305175781,67.26000213623047,67.47000122070312,58.101078033447266,5123700
2014-08-25,67.91000366210938,68.61000061035156,67.54000091552734,68.55000305175781,59.031105041503906,5063400
2014-08-26,68.97000122070312,70.5,68.80000305175781,69.80999755859375,60.11613464355469,7822800
2014-08-27,69.80999755859375,69.80999755859375,68.06999969482422,68.4800033569336,58.970821380615234,15546000
2014-08-28,68.11000061035156,68.26000213623047,67.2699966430664,67.37999725341797,58.02357482910156,7429300
2014-08-29,67.30999755859375,67.66999816894531,67.1500015258789,67.61000061035156,58.351531982421875,5249900
2014-09-02,68.16999816894531,68.18000030517578,66.2300033569336,67.48999786376953,58.247962951660156,10644500
2014-09-03,68.02999877929688,68.18000030517578,66.80999755859375,67.58000183105469,58.32565689086914,8111500
2014-09-04,67.52999877929688,67.94000244140625,66.2300033569336,66.55000305175781,57.43669509887695,10185400
2014-09-05,66.5199966430664,67.63999938964844,65.87999725341797,67.44999694824219,58.213436126708984,8977100
2014-09-08,67.04000091552734,67.13999938964844,65.94000244140625,66.30999755859375,57.22956466674805,8816900
2014-09-09,66.22000122070312,66.91999816894531,65.47000122070312,65.83000183105469,56.81528091430664,5912500
2014-09-10,65.79000091552734,66.75,65.43000030517578,66.70999908447266,57.57478332519531,6107500
2014-09-11,66.12000274658203,67.29000091552734,65.7300033569336,67.06999969482422,57.88548278808594,6588500
2014-09-12,66.69000244140625,66.79000091552734,65.61000061035156,65.86000061035156,56.8411865234375,6309200
2014-09-15,65.6500015258789,66.43000030517578,64.91000366210938,66.27999877929688,57.20364761352539,5987700
2014-09-16,66.08999633789062,67.88999938964844,65.98999786376953,67.29000091552734,58.07535171508789,6331100
2014-09-17,67.62999725341797,67.68000030517578,65.8499984741211,66.23999786376953,57.16912841796875,6369900
2014-09-18,66.79000091552734,66.80000305175781,65.9000015258789,66.33000183105469,57.24681091308594,5754300
2014-09-19,66.62999725341797,66.98999786376953,66.16999816894531,66.51000213623047,57.40217590332031,8488500
2014-09-22,66.30000305175781,66.30000305175781,64.37999725341797,64.68000030517578,55.82275390625,8763400
2014-09-23,64.6500015258789,65.37000274658203,64.20999908447266,64.80000305175781,55.92633056640625,5506500
2014-09-24,64.81999969482422,65.0,63.060001373291016,64.72000122070312,55.8572883605957,10409000
2014-09-25,64.4800033569336,64.87999725341797,63.33000183105469,63.65999984741211,54.94243621826172,6279800
2014-09-26,63.83000183105469,66.26000213623047,63.650001525878906,65.87999725341797,56.85843276977539,7892200
2014-09-29,64.9000015258789,65.79000091552734,64.45999908447266,65.61000061035156,56.625396728515625,8432300
2014-09-30,65.29000091552734,66.25,63.93000030517578,64.51000213623047,55.67604064941406,8893200
2014-10-01,64.62999725341797,64.87999725341797,62.08000183105469,62.470001220703125,53.915401458740234,9728700
2014-10-02,61.900001525878906,61.93000030517578,59.66999816894531,61.439998626708984,53.02644348144531,15763100
2014-10-03,62.2599983215332,62.279998779296875,60.63999938964844,61.86000061035156,53.38893127441406,7214700
2014-10-06,61.970001220703125,62.849998474121094,60.93000030517578,61.68000030517578,53.23358154296875,7164900
2014-10-07,61.310001373291016,62.619998931884766,61.060001373291016,61.209999084472656,52.827945709228516,7178700
2014-10-08,60.65999984741211,60.84000015258789,57.849998474121094,60.40999984741211,52.13749313354492,21106900
2014-10-09,59.880001068115234,59.939998626708984,56.869998931884766,57.279998779296875,49.43610763549805,17290000
2014-10-10,57.02000045776367,57.16999816894531,53.81999969482422,54.290000915527344,46.85556411743164,29437400
2014-10-13,54.040000915527344,54.84000015258789,49.869998931884766,50.2599983215332,43.377418518066406,25679600
2014-10-14,50.619998931884766,51.72999954223633,48.90999984741211,49.630001068115234,42.83370590209961,27479300
2014-10-15,49.27000045776367,51.290000915527344,48.16999816894531,50.63999938964844,43.70539093017578,30381000
2014-10-16,48.900001525878906,52.880001068115234,48.529998779296875,51.16999816894531,44.162803649902344,28459700
2014-10-17,54.72999954223633,56.16999816894531,52.13999938964844,52.599998474121094,45.39698791503906,26762400
2014-10-20,53.220001220703125,53.970001220703125,51.61000061035156,52.91999816894531,45.67317581176758,19259800
2014-10-21,54.40999984741211,55.869998931884766,53.91999816894531,55.65999984741211,48.03795623779297,18924500
2014-10-22,56.06999969482422,56.5099983215332,54.349998474121094,54.43000030517578,46.976402282714844,17167100
2014-10-23,55.38999938964844,56.36000061035156,54.79999923706055,55.849998474121094,48.20193862915039,10908000
2014-10-24,56.29999923706055,56.29999923706055,54.45000076293945,55.779998779296875,48.14152526855469,11425800
2014-10-27,54.20000076293945,54.20000076293945,51.84000015258789,52.38999938964844,45.21574020385742,18783400
2014-10-28,52.7400016784668,53.630001068115234,52.5099983215332,53.2599983215332,45.96660614013672,13871400
2014-10-29,54.52000045776367,55.16999816894531,53.81999969482422,54.41999816894531,46.9677619934082,10994700
2014-10-30,54.060001373291016,54.529998779296875,53.11000061035156,53.91999816894531,46.536224365234375,7251400
2014-10-31,53.52000045776367,55.189998626708984,53.02000045776367,55.13999938964844,47.589168548583984,11120300
2014-11-03,55.5,55.939998626708984,53.66999816894531,53.880001068115234,46.501705169677734,11962100
2014-11-04,52.84000015258789,52.869998931884766,50.060001373291016,51.18000030517578,44.17144775390625,20019200
2014-11-05,51.75,52.959999084472656,51.380001068115234,52.369998931884766,45.198482513427734,13049200
2014-11-06,51.79999923706055,53.220001220703125,51.400001525878906,53.16999816894531,45.88894271850586,13579800
2014-11-07,53.349998474121094,54.470001220703125,53.25,53.86000061035156,46.48444747924805,10990300
2014-11-10,55.0099983215332,55.599998474121094,53.2599983215332,53.630001068115234,46.28593444824219,10217700
2014-11-11,53.939998626708984,54.029998779296875,52.279998779296875,53.720001220703125,46.36362075805664,10705200
2014-11-12,53.220001220703125,54.540000915527344,52.849998474121094,53.22999954223633,45.94072723388672,9600000
2014-11-13,52.83000183105469,58.0,50.77000045776367,53.790000915527344,46.42403030395508,35987500
2014-11-14,56.029998779296875,56.2599983215332,53.689998626708984,55.08000183105469,47.53738021850586,25499000
2014-11-17,51.470001220703125,51.779998779296875,49.0099983215332,49.22999954223633,42.48847961425781,80357800
2014-11-18,50.2400016784668,50.41999816894531,48.459999084472656,48.540000915527344,41.892967224121094,43671700
2014-11-19,48.72999954223633,48.939998626708984,47.7400016784668,48.43000030517578,41.79802322387695,31694500
2014-11-20,48.70000076293945,49.459999084472656,48.38999938964844,49.209999084472656,42.47121047973633,23272300
2014-11-21,50.29999923706055,51.130001068115234,49.79999923706055,50.630001068115234,43.69676208496094,31224800
2014-11-24,50.5099983215332,50.97999954223633,49.5099983215332,49.880001068115234,43.049468994140625,21015100
2014-11-25,50.290000915527344,50.33000183105469,48.189998626708984,48.2599983215332,41.65132522583008,27170000
2014-11-26,48.060001373291016,48.189998626708984,47.119998931884766,47.34000015258789,40.857295989990234,22833500
2014-11-28,44.33000183105469,44.369998931884766,41.869998931884766,42.20000076293945,36.42116165161133,34472700
2014-12-01,42.02000045776367,42.130001068115234,40.25,41.209999084472656,35.56672286987305,40195000
2014-12-02,41.290000915527344,41.439998626708984,40.20000076293945,40.34000015258789,34.81586837768555,39448200
2014-12-03,41.189998626708984,41.84000015258789,40.630001068115234,40.75,35.327362060546875,33376500
2014-12-04,40.470001220703125,41.279998779296875,40.02000045776367,40.7400016784668,35.31868362426758,32537900
2014-12-05,40.810001373291016,41.02000045776367,40.029998779296875,40.369998931884766,34.997920989990234,30049700
2014-12-08,39.84000015258789,39.95000076293945,38.380001068115234,38.59000015258789,33.45478820800781,37381000
2014-12-09,38.040000915527344,39.689998626708984,37.869998931884766,39.5,34.24369430541992,33268800
2014-12-10,38.470001220703125,39.20000076293945,37.84000015258789,38.119998931884766,33.047325134277344,35185800
2014-12-11,38.060001373291016,39.130001068115234,38.029998779296875,38.22999954223633,33.14268493652344,22655600
2014-12-12,37.810001373291016,38.47999954223633,37.459999084472656,37.93000030517578,32.88262176513672,30147100
2014-12-15,38.45000076293945,38.7400016784668,37.7400016784668,37.81999969482422,32.7872428894043,25879300
2014-12-16,37.41999816894531,39.70000076293945,37.209999084472656,38.11000061035156,33.03866195678711,28370900
2014-12-17,38.16999816894531,40.09000015258789,37.56999969482422,39.439998626708984,34.19166946411133,31846800
2014-12-18,40.810001373291016,40.84000015258789,38.5,39.22999954223633,34.00961685180664,30803900
2014-12-19,39.630001068115234,40.56999969482422,39.34000015258789,40.4900016784668,35.10196304321289,24413800
2014-12-22,40.31999969482422,40.439998626708984,39.439998626708984,39.68000030517578,34.399742126464844,19035900
2014-12-23,39.7400016784668,40.040000915527344,39.22999954223633,39.880001068115234,34.5731201171875,15064000
2014-12-24,39.7599983215332,40.04999923706055,39.15999984741211,39.70000076293945,34.417076110839844,8362200
2014-12-26,40.099998474121094,40.29999923706055,39.459999084472656,39.72999954223633,34.443084716796875,10769600
2014-12-29,39.970001220703125,40.470001220703125,39.619998931884766,40.0,34.67715835571289,12499700
2014-12-30,40.09000015258789,40.119998931884766,39.529998779296875,39.529998779296875,34.26969909667969,12183500
2014-12-31,39.22999954223633,39.849998474121094,38.61000061035156,39.33000183105469,34.09632110595703,12110400
2015-01-02,39.16999816894531,39.939998626708984,38.970001220703125,39.4900016784668,34.235015869140625,11560200
2015-01-05,38.93000030517578,38.959999084472656,38.220001220703125,38.709999084472656,33.55882263183594,19738700
2015-01-06,38.38999938964844,38.72999954223633,38.06999969482422,38.33000183105469,33.229393005371094,20456300
2015-01-07,38.7400016784668,39.400001525878906,38.54999923706055,39.36000061035156,34.12233352661133,17556300
2015-01-08,39.7599983215332,40.400001525878906,39.099998474121094,40.209999084472656,34.859222412109375,20043600
2015-01-09,40.439998626708984,40.470001220703125,39.630001068115234,39.79999923706055,34.5037727355957,17266100
2015-01-12,38.79999923706055,38.97999954223633,38.279998779296875,38.540000915527344,33.411441802978516,25755800
2015-01-13,38.650001525878906,39.45000076293945,38.25,38.290000915527344,33.1947021484375,22228300
2015-01-14,38.02000045776367,38.43000030517578,37.36000061035156,38.34000015258789,33.23805236816406,27990500
2015-01-15,38.84000015258789,39.130001068115234,37.27000045776367,37.33000183105469,32.362457275390625,19531200
2015-01-16,37.72999954223633,39.33000183105469,37.70000076293945,39.130001068115234,33.922943115234375,21782700
2015-01-20,39.599998474121094,40.0,38.119998931884766,39.83000183105469,34.52977752685547,25096100
2015-01-21,40.22999954223633,40.880001068115234,39.66999816894531,40.689998626708984,35.27534484863281,17611200
2015-01-22,40.900001525878906,41.15999984741211,40.38999938964844,40.81999969482422,35.38804244995117,17995500
2015-01-23,41.060001373291016,42.04999923706055,40.61000061035156,40.9900016784668,35.5354118347168,17692900
2015-01-26,41.099998474121094,41.4900016784668,40.54999923706055,41.459999084472656,35.94287109375,15739700
2015-01-27,41.189998626708984,41.81999969482422,40.939998626708984,41.5,35.9775505065918,14271600
2015-01-28,41.36000061035156,41.38999938964844,39.36000061035156,39.470001220703125,34.21768569946289,20655200
2015-01-29,39.869998931884766,39.869998931884766,38.31999969482422,39.56999969482422,34.30436325073242,14800100
2015-01-30,39.2400016784668,40.7400016784668,39.0099983215332,39.9900016784668,34.668487548828125,19495900
2015-02-02,40.91999816894531,41.529998779296875,40.279998779296875,41.5099983215332,35.9862174987793,18129400
2015-02-03,42.540000915527344,43.720001220703125,42.5,43.31999969482422,37.555355072021484,24134000
2015-02-04,42.619998931884766,43.119998931884766,42.040000915527344,42.38999938964844,36.749114990234375,18881800
2015-02-05,42.970001220703125,43.709999084472656,42.880001068115234,43.349998474121094,37.58137893676758,15218300
2015-02-06,44.099998474121094,44.34000015258789,43.130001068115234,43.36000061035156,37.590049743652344,18303200
2015-02-09,43.66999816894531,44.349998474121094,43.40999984741211,43.5099983215332,37.7200813293457,15968700
2015-02-10,43.439998626708984,43.439998626708984,42.04999923706055,42.599998474121094,36.93116760253906,21869900
2015-02-11,42.02000045776367,42.31999969482422,41.61000061035156,42.150001525878906,36.54104995727539,15847500
2015-02-12,42.650001525878906,43.349998474121094,42.5,42.77000045776367,37.07855224609375,12946600
2015-02-13,43.4900016784668,44.20000076293945,43.310001373291016,44.189998626708984,38.30958557128906,17612700
2015-02-17,44.38999938964844,44.91999816894531,43.560001373291016,44.869998931884766,38.89909744262695,15546700
2015-02-18,44.349998474121094,44.81999969482422,44.0099983215332,44.38999938964844,38.482975006103516,12494400
2015-02-19,43.15999984741211,44.63999938964844,43.08000183105469,44.2400016784668,38.35293197631836,12861700
2015-02-20,44.099998474121094,44.34000015258789,43.279998779296875,43.36000061035156,37.590049743652344,17450600
2015-02-23,42.959999084472656,43.59000015258789,42.619998931884766,43.220001220703125,37.46867370605469,12880300
2015-02-24,43.77000045776367,43.90999984741211,41.849998474121094,43.119998931884766,37.38197708129883,19324300
2015-02-25,43.04999923706055,43.709999084472656,42.79999923706055,43.68000030517578,37.867462158203125,11817100
2015-02-26,43.25,43.310001373291016,42.529998779296875,42.70000076293945,37.01786422729492,15498900
2015-02-27,42.959999084472656,43.22999954223633,42.720001220703125,42.939998626708984,37.225921630859375,12293300
2015-03-02,42.7599983215332,43.04999923706055,41.959999084472656,42.9900016784668,37.426170349121094,13017300
2015-03-03,43.04999923706055,43.31999969482422,42.599998474121094,43.11000061035156,37.530635833740234,10721900
2015-03-04,43.08000183105469,43.20000076293945,42.439998626708984,43.06999969482422,37.495819091796875,11926900
2015-03-05,42.54999923706055,43.02000045776367,42.5099983215332,42.939998626708984,37.38262939453125,7833800
2015-03-06,42.650001525878906,42.91999816894531,42.099998474121094,42.380001068115234,36.895118713378906,12939000
2015-03-09,42.11000061035156,42.7599983215332,41.810001373291016,42.040000915527344,36.59912109375,13436300
2015-03-10,41.29999923706055,42.150001525878906,41.209999084472656,41.310001373291016,35.96358871459961,15280100
2015-03-11,41.04999923706055,41.83000183105469,40.9900016784668,41.310001373291016,35.96358871459961,12911300
2015-03-12,41.66999816894531,41.66999816894531,40.90999984741211,40.9900016784668,35.685001373291016,11146400
2015-03-13,40.4900016784668,40.59000015258789,39.880001068115234,40.18000030517578,34.97983932495117,17913600
2015-03-16,39.61000061035156,40.560001373291016,39.27000045776367,40.52000045776367,35.27583312988281,15397200
2015-03-17,40.29999923706055,40.5,39.869998931884766,40.279998779296875,35.066890716552734,13337800
2015-03-18,40.060001373291016,41.68000030517578,39.900001525878906,41.59000015258789,36.20734786987305,16118000
2015-03-19,40.970001220703125,41.56999969482422,40.75,41.54999923706055,36.17253112792969,11622200
2015-03-20,42.25,43.02000045776367,42.060001373291016,42.81999969482422,37.278167724609375,21641900
2015-03-23,42.81999969482422,43.47999954223633,42.400001525878906,42.400001525878906,36.912513732910156,10688500
2015-03-24,42.560001373291016,42.88999938964844,42.279998779296875,42.529998779296875,37.02569580078125,8374500
2015-03-25,42.869998931884766,44.27000045776367,42.810001373291016,43.459999084472656,37.835330963134766,17250300
2015-03-26,44.029998779296875,44.43000030517578,43.130001068115234,43.18000030517578,37.59156799316406,17432500
2015-03-27,42.91999816894531,43.33000183105469,42.68000030517578,43.2599983215332,37.66121292114258,11093300
2015-03-30,43.470001220703125,44.09000015258789,43.470001220703125,43.81999969482422,38.14874267578125,8715000
2015-03-31,43.470001220703125,44.15999984741211,43.290000915527344,43.880001068115234,38.20098114013672,8360500
2015-04-01,44.290000915527344,44.380001068115234,43.58000183105469,43.81999969482422,38.14874267578125,14229000
2015-04-02,43.70000076293945,44.31999969482422,43.4900016784668,43.959999084472656,38.27061462402344,11130400
2015-04-06,44.20000076293945,46.36000061035156,44.13999938964844,45.880001068115234,39.9421272277832,23794200
2015-04-07,45.790000915527344,46.130001068115234,44.18000030517578,44.52000045776367,38.75815963745117,22218300
2015-04-08,44.650001525878906,45.0,44.02000045776367,44.220001220703125,38.49696350097656,14295800
2015-04-09,44.4900016784668,46.27000045776367,44.43000030517578,46.040000915527344,40.08142852783203,17869300
2015-04-10,45.9900016784668,46.52000045776367,45.720001220703125,46.2599983215332,40.272945404052734,10175700
2015-04-13,46.45000076293945,46.59000015258789,45.29999923706055,45.439998626708984,39.55907440185547,11811100
2015-04-14,45.689998626708984,46.310001373291016,45.63999938964844,46.20000076293945,40.2207145690918,12838700
2015-04-15,46.75,48.540000915527344,46.25,48.2599983215332,42.01412582397461,24186300
2015-04-16,47.970001220703125,48.7400016784668,47.470001220703125,47.83000183105469,41.639774322509766,15509100
2015-04-17,47.52000045776367,47.65999984741211,46.380001068115234,46.88999938964844,40.82142639160156,20213300
2015-04-20,46.869998931884766,48.93000030517578,46.720001220703125,47.849998474121094,41.657161712646484,26332400
2015-04-21,47.720001220703125,47.88999938964844,46.61000061035156,47.04999923706055,40.960697174072266,17264400
2015-04-22,47.349998474121094,47.54999923706055,46.7599983215332,47.11000061035156,41.012939453125,14017300
2015-04-23,47.099998474121094,48.63999938964844,47.099998474121094,48.16999816894531,41.93575668334961,12865500
2015-04-24,47.900001525878906,48.56999969482422,47.369998931884766,48.0,41.787757873535156,16282100
2015-04-27,48.209999084472656,48.869998931884766,48.16999816894531,48.43000030517578,42.162105560302734,12488200
2015-04-28,48.2599983215332,48.91999816894531,48.20000076293945,48.59000015258789,42.3014030456543,9322400
2015-04-29,48.4900016784668,49.58000183105469,48.25,49.209999084472656,42.841156005859375,13575000
2015-04-30,49.310001373291016,49.70000076293945,48.7599983215332,48.95000076293945,42.614810943603516,11404100
2015-05-01,48.88999938964844,49.29999923706055,48.41999816894531,49.11000061035156,42.75410461425781,11002100
2015-05-04,49.290000915527344,49.650001525878906,48.86000061035156,49.20000076293945,42.83245849609375,10524500
2015-05-05,49.720001220703125,50.20000076293945,47.9900016784668,48.040000915527344,41.82257080078125,18671000
2015-05-06,48.709999084472656,48.939998626708984,47.31999969482422,47.66999816894531,41.500465393066406,13224500
2015-05-07,47.16999816894531,47.209999084472656,46.08000183105469,46.349998474121094,40.35129928588867,18428200
2015-05-08,47.0,48.20000076293945,46.27000045776367,48.11000061035156,41.88352584838867,14706800
2015-05-11,47.97999954223633,48.0,46.93000030517578,47.189998626708984,41.08258819580078,13486800
2015-05-12,47.279998779296875,47.689998626708984,46.66999816894531,47.4900016784668,41.3437614440918,8944200
2015-05-13,47.619998931884766,47.900001525878906,47.20000076293945,47.290000915527344,41.16963577270508,10709600
2015-05-14,47.52000045776367,47.54999923706055,46.290000915527344,46.439998626708984,40.42965316772461,14052700
2015-05-15,46.310001373291016,46.88999938964844,45.779998779296875,46.70000076293945,40.656005859375,10842600
2015-05-18,46.599998474121094,46.790000915527344,46.119998931884766,46.720001220703125,40.67341995239258,7494400
2015-05-19,46.08000183105469,46.29999923706055,45.02000045776367,45.06999969482422,39.236961364746094,15193600
2015-05-20,45.279998779296875,45.45000076293945,44.720001220703125,44.970001220703125,39.149906158447266,13448000
2015-05-21,45.33000183105469,46.36000061035156,45.290000915527344,46.15999984741211,40.1859016418457,15714700
2015-05-22,45.63999938964844,46.380001068115234,45.540000915527344,45.90999984741211,39.968238830566406,7738600
2015-05-26,45.27000045776367,45.90999984741211,45.2400016784668,45.45000076293945,39.56777572631836,9214900
2015-05-27,45.349998474121094,45.90999984741211,44.810001373291016,45.619998931884766,39.71578598022461,11044200
2015-05-28,45.5,45.59000015258789,44.90999984741211,45.349998474121094,39.48072814941406,7455400
2015-05-29,45.470001220703125,45.970001220703125,45.36000061035156,45.400001525878906,39.524261474609375,9436300
2015-06-01,45.349998474121094,45.540000915527344,45.040000915527344,45.2400016784668,39.5417366027832,7539300
2015-06-02,45.36000061035156,46.400001525878906,45.209999084472656,45.91999816894531,40.13608169555664,9798400
2015-06-03,45.849998474121094,46.58000183105469,45.56999969482422,45.619998931884766,39.873878479003906,7431200
2015-06-04,45.15999984741211,45.459999084472656,44.68000030517578,44.709999084472656,39.0785026550293,12418600
2015-06-05,44.560001373291016,46.130001068115234,44.369998931884766,45.72999954223633,39.97001266479492,12119200
2015-06-08,45.650001525878906,46.13999938964844,45.22999954223633,45.41999816894531,39.69906234741211,8923300
2015-06-09,45.79999923706055,46.08000183105469,45.2599983215332,45.279998779296875,39.57670211791992,8178300
2015-06-10,45.849998474121094,46.689998626708984,45.779998779296875,46.2400016784668,40.415775299072266,11791200
2015-06-11,46.59000015258789,46.599998474121094,45.56999969482422,45.619998931884766,39.873878479003906,6935900
2015-06-12,45.43000030517578,45.790000915527344,45.2400016784668,45.47999954223633,39.75150680541992,5403000
2015-06-15,45.0099983215332,45.88999938964844,44.65999984741211,45.54999923706055,39.81268310546875,9627800
2015-06-16,45.459999084472656,45.779998779296875,45.310001373291016,45.41999816894531,39.69906234741211,8342900
2015-06-17,45.869998931884766,46.380001068115234,45.41999816894531,45.709999084472656,39.952537536621094,8951400
2015-06-18,46.02000045776367,46.189998626708984,44.34000015258789,44.58000183105469,38.964874267578125,17903000
2015-06-19,44.279998779296875,44.650001525878906,43.560001373291016,43.849998474121094,38.326820373535156,17319800
2015-06-22,43.91999816894531,44.209999084472656,43.45000076293945,44.11000061035156,38.55406188964844,10744600
2015-06-23,43.849998474121094,44.560001373291016,43.83000183105469,44.4900016784668,38.88621520996094,10622300
2015-06-24,44.15999984741211,44.66999816894531,44.11000061035156,44.25,38.67643737792969,9833800
2015-06-25,44.15999984741211,44.22999954223633,43.5,43.5,38.02090835571289,8706000
2015-06-26,43.5,43.52000045776367,42.7599983215332,43.119998931884766,37.68876266479492,28337200
2015-06-29,42.560001373291016,43.18000030517578,42.459999084472656,42.689998626708984,37.31291580200195,11070900
2015-06-30,43.06999969482422,43.22999954223633,42.75,43.06999969482422,37.64507293701172,10645200
2015-07-01,43.22999954223633,43.27000045776367,41.20000076293945,41.560001373291016,36.32526397705078,16565000
2015-07-02,41.65999984741211,42.18000030517578,41.33000183105469,41.90999984741211,36.63117980957031,10453700
2015-07-06,40.83000183105469,41.7400016784668,40.619998931884766,40.720001220703125,35.59105682373047,13463900
2015-07-07,40.630001068115234,42.060001373291016,40.2400016784668,41.880001068115234,36.60495376586914,18273600
2015-07-08,41.38999938964844,41.97999954223633,40.709999084472656,40.939998626708984,35.783348083496094,15205100
2015-07-09,41.540000915527344,41.81999969482422,41.2599983215332,41.310001373291016,36.10674285888672,10740400
2015-07-10,41.56999969482422,41.77000045776367,41.16999816894531,41.33000183105469,36.12422180175781,10430800
2015-07-13,41.40999984741211,41.93000030517578,41.040000915527344,41.869998931884766,36.59621047973633,11084900
2015-07-14,41.790000915527344,42.97999954223633,41.720001220703125,42.560001373291016,37.19929885864258,10114500
2015-07-15,42.310001373291016,42.31999969482422,41.060001373291016,41.06999969482422,35.896968841552734,14552100
2015-07-16,41.40999984741211,41.52000045776367,40.15999984741211,40.209999084472656,35.145301818847656,15030800
2015-07-17,39.9900016784668,40.41999816894531,39.54999923706055,39.9900016784668,34.9530029296875,14966800
2015-07-20,40.439998626708984,41.599998474121094,40.439998626708984,40.720001220703125,35.59105682373047,19223300
2015-07-21,40.779998779296875,42.59000015258789,40.7400016784668,41.86000061035156,36.58747482299805,22068200
2015-07-22,41.849998474121094,42.88999938964844,39.31999969482422,41.540000915527344,36.30777359008789,47543000
2015-07-23,42.189998626708984,42.970001220703125,41.689998626708984,42.33000183105469,36.9982795715332,16688700
2015-07-24,42.41999816894531,42.61000061035156,41.2400016784668,41.720001220703125,36.465110778808594,11780200
2015-07-27,40.91999816894531,41.33000183105469,40.2400016784668,40.97999954223633,35.81830978393555,12239400
2015-07-28,41.310001373291016,42.0,40.25,41.91999816894531,36.6399040222168,16038500
2015-07-29,41.5,43.38999938964844,41.5,43.290000915527344,37.837345123291016,16896100
2015-07-30,43.279998779296875,43.709999084472656,42.16999816894531,42.290000915527344,36.963314056396484,10686100
2015-07-31,42.06999969482422,42.400001525878906,41.689998626708984,41.790000915527344,36.526283264160156,8715400
2015-08-03,41.29999923706055,41.34000015258789,39.90999984741211,40.119998931884766,35.06663513183594,19219500
2015-08-04,40.349998474121094,40.79999923706055,39.369998931884766,39.599998474121094,34.612125396728516,14913000
2015-08-05,40.040000915527344,40.97999954223633,39.86000061035156,40.61000061035156,35.49490737915039,14681700
2015-08-06,40.56999969482422,41.0,39.79999923706055,40.849998474121094,35.704681396484375,11875600
2015-08-07,40.58000183105469,41.08000183105469,39.58000183105469,39.7599983215332,34.751976013183594,7808000
2015-08-10,39.86000061035156,41.70000076293945,39.81999969482422,41.619998931884766,36.37770462036133,10614100
2015-08-11,40.56999969482422,42.0,40.439998626708984,41.95000076293945,36.666133880615234,12541500
2015-08-12,41.83000183105469,43.02000045776367,40.810001373291016,42.709999084472656,37.33039855957031,17473600
2015-08-13,42.34000015258789,42.439998626708984,41.59000015258789,41.7599983215332,36.500064849853516,11117600
2015-08-14,41.709999084472656,42.63999938964844,41.689998626708984,41.9900016784668,36.70109558105469,9011700
2015-08-17,41.630001068115234,41.869998931884766,40.88999938964844,41.290000915527344,36.08927536010742,9184900
2015-08-18,41.130001068115234,41.72999954223633,40.810001373291016,41.0099983215332,35.84453201293945,9655800
2015-08-19,40.369998931884766,40.849998474121094,39.029998779296875,39.29999923706055,34.34992599487305,15540700
2015-08-20,39.130001068115234,39.689998626708984,37.65999984741211,37.70000076293945,32.951446533203125,17242900
2015-08-21,37.22999954223633,37.77000045776367,35.34000015258789,35.689998626708984,31.19462013244629,28078600
2015-08-24,33.0,35.70000076293945,30.93000030517578,33.560001373291016,29.33290672302246,24757800
2015-08-25,35.290000915527344,35.290000915527344,33.470001220703125,33.470001220703125,29.25424575805664,14726600
2015-08-26,34.18000030517578,35.2400016784668,33.630001068115234,34.43000030517578,30.093334197998047,19270000
2015-08-27,35.68000030517578,38.15999984741211,35.470001220703125,38.040000915527344,33.24863815307617,21762400
2015-08-28,37.56999969482422,39.150001525878906,37.560001373291016,38.59000015258789,33.729347229003906,14974800
2015-08-31,37.779998779296875,39.79999923706055,37.36000061035156,39.349998474121094,34.55479049682617,14148100
2015-09-01,38.099998474121094,38.72999954223633,37.54999923706055,37.95000076293945,33.32539749145508,15096900
2015-09-02,38.75,38.86000061035156,37.279998779296875,38.16999816894531,33.518592834472656,11072100
2015-09-03,38.459999084472656,39.130001068115234,37.560001373291016,38.08000183105469,33.43955993652344,15369000
2015-09-04,37.38999938964844,37.790000915527344,36.7599983215332,36.849998474121094,32.359439849853516,10000500
2015-09-08,37.29999923706055,38.040000915527344,36.88999938964844,37.95000076293945,33.32539749145508,14942700
2015-09-09,38.33000183105469,39.02000045776367,37.04999923706055,37.150001525878906,32.62289810180664,11131200
2015-09-10,37.13999938964844,37.88999938964844,36.2400016784668,37.58000183105469,33.00050354003906,12533500
2015-09-11,37.58000183105469,37.58000183105469,36.529998779296875,37.20000076293945,32.666805267333984,12276700
2015-09-14,37.119998931884766,37.36000061035156,36.61000061035156,36.880001068115234,32.38578796386719,8653000
2015-09-15,37.119998931884766,37.29999923706055,36.61000061035156,37.0099983215332,32.499942779541016,11837700
2015-09-16,37.41999816894531,39.099998474121094,37.150001525878906,38.650001525878906,33.94010543823242,12643300
2015-09-17,38.58000183105469,39.52000045776367,38.130001068115234,38.70000076293945,33.984004974365234,12144700
2015-09-18,37.90999984741211,38.040000915527344,37.150001525878906,37.380001068115234,32.824859619140625,14347600
2015-09-21,37.75,38.0099983215332,37.189998626708984,37.45000076293945,32.88632583618164,11498500
2015-09-22,36.720001220703125,38.02000045776367,36.59000015258789,37.459999084472656,32.895118713378906,11490900
2015-09-23,37.689998626708984,37.79999923706055,37.099998474121094,37.29999923706055,32.754608154296875,7907000
2015-09-24,36.93000030517578,37.439998626708984,36.400001525878906,37.0,32.491172790527344,12938200
2015-09-25,37.31999969482422,37.380001068115234,36.36000061035156,36.70000076293945,32.22771453857422,10576500
2015-09-28,36.20000076293945,36.22999954223633,34.720001220703125,34.93000030517578,30.67342185974121,13185700
2015-09-29,35.04999923706055,35.689998626708984,34.36000061035156,34.68000030517578,30.453886032104492,12185100
2015-09-30,35.0099983215332,35.959999084472656,34.61000061035156,35.349998474121094,31.042232513427734,13868900
2015-10-01,35.869998931884766,36.189998626708984,34.45000076293945,34.90999984741211,30.65585708618164,14620300
2015-10-02,34.65999984741211,36.84000015258789,34.40999984741211,36.79999923706055,32.3155403137207,13385500
2015-10-05,37.20000076293945,38.11000061035156,36.95000076293945,37.709999084472656,33.11465072631836,13060600
2015-10-06,38.0099983215332,39.560001373291016,37.63999938964844,39.040000915527344,34.28257751464844,13680100
2015-10-07,39.720001220703125,41.279998779296875,39.2400016784668,39.86000061035156,35.002647399902344,16782100
2015-10-08,39.47999954223633,40.540000915527344,38.720001220703125,40.40999984741211,35.485626220703125,11382000
2015-10-09,40.58000183105469,40.790000915527344,39.31999969482422,39.650001525878906,34.81825256347656,11644700
2015-10-12,39.720001220703125,39.810001373291016,38.45000076293945,38.869998931884766,34.13328552246094,7424800
2015-10-13,38.61000061035156,39.459999084472656,38.2599983215332,38.470001220703125,33.78203582763672,6576600
2015-10-14,38.560001373291016,38.91999816894531,38.08000183105469,38.720001220703125,34.00156021118164,6361800
2015-10-15,38.619998931884766,39.279998779296875,38.0,39.2599983215332,34.475772857666016,8811400
2015-10-16,39.029998779296875,39.099998474121094,37.119998931884766,37.810001373291016,33.20246505737305,18878100
2015-10-19,37.310001373291016,37.779998779296875,36.83000183105469,37.36000061035156,32.80729293823242,12286800
2015-10-20,37.400001525878906,37.91999816894531,37.189998626708984,37.68000030517578,33.08830642700195,11762400
2015-10-21,37.93000030517578,39.20000076293945,37.400001525878906,38.400001525878906,33.72056579589844,13313300
2015-10-22,38.91999816894531,39.97999954223633,38.83000183105469,39.709999084472656,34.87091827392578,17261400
2015-10-23,39.310001373291016,40.0,38.900001525878906,39.209999084472656,34.431854248046875,16021100
2015-10-26,39.060001373291016,39.209999084472656,38.439998626708984,38.54999923706055,33.85228729248047,9832900
2015-10-27,37.77000045776367,38.599998474121094,37.459999084472656,37.47999954223633,32.912689208984375,11611700
2015-10-28,37.790000915527344,38.90999984741211,37.27000045776367,38.27000045776367,33.606407165527344,13206100
2015-10-29,38.119998931884766,38.689998626708984,37.68000030517578,38.189998626708984,33.53615188598633,8423400
2015-10-30,38.33000183105469,38.7400016784668,37.70000076293945,38.380001068115234,33.70299530029297,9626200
2015-11-02,38.209999084472656,39.439998626708984,38.18000030517578,39.290000915527344,34.50210189819336,9822700
2015-11-03,39.470001220703125,40.310001373291016,39.29999923706055,40.04999923706055,35.169490814208984,14462900
2015-11-04,40.0,40.13999938964844,38.68000030517578,39.209999084472656,34.431854248046875,14661600
2015-11-05,38.81999969482422,39.52000045776367,38.16999816894531,38.40999984741211,33.729347229003906,15071000
2015-11-06,37.900001525878906,39.38999938964844,37.77000045776367,39.349998474121094,34.55479049682617,12261000
2015-11-09,39.040000915527344,39.459999084472656,38.599998474121094,39.099998474121094,34.33526611328125,8446100
2015-11-10,39.02000045776367,39.4900016784668,38.650001525878906,38.90999984741211,34.168426513671875,8684300
2015-11-11,38.84000015258789,38.84000015258789,37.439998626708984,38.099998474121094,33.457122802734375,10686300
2015-11-12,37.45000076293945,38.33000183105469,37.18000030517578,37.4900016784668,32.92146301269531,8940600
2015-11-13,37.29999923706055,38.04999923706055,36.77000045776367,37.38999938964844,32.833641052246094,9423100
2015-11-16,37.43000030517578,38.59000015258789,37.16999816894531,38.4900016784668,33.799591064453125,9486500
2015-11-17,38.43000030517578,38.56999969482422,38.02000045776367,38.11000061035156,33.46590805053711,11371700
2015-11-18,38.400001525878906,39.25,38.29999923706055,38.880001068115234,34.14207077026367,13758200
2015-11-19,38.54999923706055,39.06999969482422,37.849998474121094,38.040000915527344,33.40444564819336,8808600
2015-11-20,38.150001525878906,38.31999969482422,37.54999923706055,38.0,33.36931610107422,9753800
2015-11-23,37.709999084472656,38.45000076293945,37.58000183105469,38.349998474121094,33.67665481567383,6498600
2015-11-24,38.630001068115234,40.2400016784668,38.54999923706055,39.7400016784668,34.89726257324219,11009900
2015-11-25,39.33000183105469,40.0,39.0099983215332,39.310001373291016,34.519657135009766,5823400
2015-11-27,38.93000030517578,39.349998474121094,38.7599983215332,39.130001068115234,34.36161422729492,3766800
2015-11-30,39.2400016784668,40.150001525878906,39.08000183105469,39.849998474121094,34.993865966796875,11273700
2015-12-01,39.5,40.41999816894531,39.400001525878906,40.400001525878906,35.637821197509766,9062000
2015-12-02,39.880001068115234,40.52000045776367,38.900001525878906,38.95000076293945,34.35874938964844,13468900
2015-12-03,39.2400016784668,39.380001068115234,37.61000061035156,38.0099983215332,33.529544830322266,14444100
2015-12-04,37.5099983215332,38.040000915527344,36.90999984741211,37.900001525878906,33.432518005371094,13030400
2015-12-07,36.9900016784668,37.099998474121094,35.88999938964844,36.56999969482422,32.259281158447266,18434900
2015-12-08,35.709999084472656,37.369998931884766,35.58000183105469,36.27000045776367,31.99464225769043,16871100
2015-12-09,36.599998474121094,38.310001373291016,36.47999954223633,38.29999923706055,33.78536605834961,21179000
2015-12-10,38.0099983215332,38.779998779296875,37.68000030517578,38.150001525878906,33.65304946899414,15317800
2015-12-11,37.7400016784668,37.88999938964844,36.88999938964844,36.959999084472656,32.603309631347656,13094000
2015-12-14,36.83000183105469,37.45000076293945,36.029998779296875,36.54999923706055,32.241641998291016,20102700
2015-12-15,37.08000183105469,39.66999816894531,35.5,37.099998474121094,32.726806640625,24600900
2015-12-16,36.84000015258789,37.060001373291016,35.650001525878906,35.86000061035156,31.63297462463379,21318000
2015-12-17,35.849998474121094,35.970001220703125,34.09000015258789,34.18000030517578,30.1510009765625,18732200
2015-12-18,34.0,34.11000061035156,33.290000915527344,33.439998626708984,29.498231887817383,17603600
2015-12-21,33.61000061035156,34.08000183105469,33.13999938964844,33.400001525878906,29.46295166015625,11274500
2015-12-22,33.439998626708984,34.349998474121094,33.34000015258789,34.02000045776367,30.009864807128906,10960000
2015-12-23,34.810001373291016,35.459999084472656,34.720001220703125,35.45000076293945,31.271303176879883,11337200
2015-12-24,35.43000030517578,35.540000915527344,34.93000030517578,35.150001525878906,31.006668090820312,3725100
2015-12-28,34.529998779296875,34.7599983215332,34.06999969482422,34.29999923706055,30.25687026977539,6844000
2015-12-29,34.93000030517578,35.16999816894531,34.20000076293945,34.5,30.433279037475586,5406100
2015-12-30,33.939998626708984,34.630001068115234,33.86000061035156,34.130001068115234,30.106901168823242,5682500
2015-12-31,33.95000076293945,34.470001220703125,33.88999938964844,34.040000915527344,30.027507781982422,6194500
2016-01-04,33.86000061035156,34.599998474121094,33.560001373291016,34.47999954223633,30.4156436920166,10032900
2016-01-05,34.61000061035156,34.72999954223633,33.75,34.400001525878906,30.34508514404297,8100900
2016-01-06,33.4900016784668,34.189998626708984,33.060001373291016,33.41999816894531,29.4805908203125,12337000
2016-01-07,32.790000915527344,33.7400016784668,32.65999984741211,32.90999984741211,29.030710220336914,11050900
2016-01-08,33.029998779296875,33.189998626708984,32.279998779296875,32.459999084472656,28.633752822875977,11570100
2016-01-11,32.41999816894531,32.5,30.829999923706055,31.549999237060547,27.83102035522461,13847600
2016-01-12,31.950000762939453,32.099998474121094,30.610000610351562,31.469999313354492,27.760446548461914,10981400
2016-01-13,31.920000076293945,32.09000015258789,30.389999389648438,30.459999084472656,26.8695011138916,16443800
2016-01-14,30.670000076293945,32.04999923706055,29.639999389648438,31.84000015258789,28.08683967590332,13952600
2016-01-15,30.510000228881836,31.290000915527344,30.350000381469727,30.850000381469727,27.21353530883789,13231800
2016-01-19,30.889999389648438,30.989999771118164,29.3700008392334,29.790000915527344,26.278480529785156,15218700
2016-01-20,29.040000915527344,29.1200008392334,27.639999389648438,28.479999542236328,25.122896194458008,21777800
2016-01-21,28.229999542236328,29.6299991607666,28.1299991607666,29.290000915527344,25.837421417236328,15261900
2016-01-22,30.469999313354492,30.649999618530273,29.18000030517578,30.190000534057617,26.631332397460938,18397300
2016-01-25,30.1299991607666,30.65999984741211,29.229999542236328,29.280000686645508,25.828601837158203,18800700
2016-01-26,29.540000915527344,29.600000381469727,28.520000457763672,28.940000534057617,25.528676986694336,17959900
2016-01-27,28.940000534057617,29.81999969482422,28.6299991607666,29.059999465942383,25.6345272064209,17157400
2016-01-28,30.31999969482422,30.59000015258789,29.420000076293945,30.450000762939453,26.86068344116211,17805300
2016-01-29,30.56999969482422,31.809999465942383,30.5,31.790000915527344,28.042728424072266,15029000
2016-02-01,31.290000915527344,31.829999923706055,31.010000228881836,31.6200008392334,27.89276695251465,10193600
2016-02-02,30.729999542236328,31.020000457763672,30.34000015258789,30.520000457763672,26.92243194580078,8965900
2016-02-03,30.75,32.060001373291016,29.790000915527344,31.959999084472656,28.192689895629883,12680200
2016-02-04,32.38999938964844,33.4900016784668,32.18000030517578,32.43000030517578,28.607290267944336,13726500
2016-02-05,31.989999771118164,32.290000915527344,30.940000534057617,31.350000381469727,27.65459632873535,11397800
2016-02-08,30.739999771118164,31.079999923706055,30.270000457763672,30.829999923706055,27.195892333984375,14704400
2016-02-09,30.350000381469727,30.889999389648438,28.920000076293945,29.59000015258789,26.10205841064453,13217500
2016-02-10,29.479999542236328,30.15999984741211,29.25,29.59000015258789,26.10205841064453,7693700
2016-02-11,28.700000762939453,29.34000015258789,27.959999084472656,28.799999237060547,25.40517807006836,13121000
2016-02-12,29.190000534057617,29.649999618530273,28.719999313354492,29.110000610351562,25.678634643554688,11992200
2016-02-16,29.649999618530273,30.010000228881836,29.270000457763672,29.940000534057617,26.410802841186523,9101600
2016-02-17,30.239999771118164,31.459999084472656,30.06999969482422,31.399999618530273,27.698699951171875,10719400
2016-02-18,31.739999771118164,31.850000381469727,30.940000534057617,31.459999084472656,27.751628875732422,11405400
2016-02-19,31.280000686645508,31.459999084472656,30.84000015258789,31.3700008392334,27.672237396240234,9163900
2016-02-22,31.3700008392334,32.959999084472656,31.3700008392334,32.880001068115234,29.00424575805664,13221300
2016-02-23,32.439998626708984,32.59000015258789,32.02000045776367,32.09000015258789,28.307363510131836,11914400
2016-02-24,31.350000381469727,32.47999954223633,31.350000381469727,32.459999084472656,28.633752822875977,10773400
2016-02-25,32.43000030517578,32.65999984741211,31.56999969482422,32.5,28.669042587280273,9301400
2016-02-26,33.13999938964844,33.310001373291016,32.439998626708984,32.810001373291016,28.942502975463867,9637400
2016-02-29,32.38999938964844,32.790000915527344,32.060001373291016,32.279998779296875,28.632043838500977,11111300
2016-03-01,32.56999969482422,33.060001373291016,32.349998474121094,33.02000045776367,29.28841781616211,9628900
2016-03-02,32.779998779296875,33.689998626708984,32.2400016784668,33.65999984741211,29.856098175048828,13588300
2016-03-03,33.5099983215332,34.34000015258789,33.369998931884766,34.16999816894531,30.308460235595703,13453100
2016-03-04,34.43000030517578,35.709999084472656,34.02000045776367,34.880001068115234,30.938228607177734,17727400
2016-03-07,34.689998626708984,36.09000015258789,34.630001068115234,35.84000015258789,31.78973388671875,17414600
2016-03-08,35.31999969482422,35.5099983215332,34.34000015258789,34.47999954223633,30.583436965942383,12300700
2016-03-09,35.06999969482422,35.20000076293945,34.16999816894531,34.689998626708984,30.769691467285156,9015300
2016-03-10,34.599998474121094,34.83000183105469,33.93000030517578,34.5099983215332,30.610048294067383,9873600
2016-03-11,35.11000061035156,36.310001373291016,34.97999954223633,36.119998931884766,32.0380973815918,12667600
2016-03-14,35.540000915527344,35.86000061035156,35.2599983215332,35.5,31.48816680908203,10556500
2016-03-15,35.029998779296875,35.16999816894531,34.4900016784668,34.9900016784668,31.03578758239746,9634900
2016-03-16,35.380001068115234,35.560001373291016,34.47999954223633,35.470001220703125,31.4615535736084,13004800
2016-03-17,35.779998779296875,36.7400016784668,35.540000915527344,36.380001068115234,32.268714904785156,10206400
2016-03-18,36.68000030517578,36.7400016784668,35.810001373291016,36.29999923706055,32.19775390625,12220800
2016-03-21,35.970001220703125,36.529998779296875,35.720001220703125,36.380001068115234,32.268714904785156,7007400
2016-03-22,36.0099983215332,36.439998626708984,35.810001373291016,35.970001220703125,31.905044555664062,7025100
2016-03-23,35.380001068115234,35.779998779296875,34.81999969482422,35.029998779296875,31.071271896362305,7941400
2016-03-24,34.310001373291016,35.310001373291016,34.279998779296875,35.220001220703125,31.23980140686035,6331100
2016-03-28,35.31999969482422,35.400001525878906,34.709999084472656,35.09000015258789,31.124494552612305,5013200
2016-03-29,34.4900016784668,35.189998626708984,33.95000076293945,35.02000045776367,31.062408447265625,8153300
2016-03-30,35.54999923706055,36.45000076293945,35.5,36.02000045776367,31.94939613342285,11330600
2016-03-31,35.84000015258789,36.380001068115234,35.540000915527344,35.720001220703125,31.683303833007812,7426200
2016-04-01,35.06999969482422,35.2599983215332,34.68000030517578,35.09000015258789,31.124494552612305,9201400
2016-04-04,34.849998474121094,35.29999923706055,33.83000183105469,34.0,30.15767478942871,14100000
2016-04-05,33.650001525878906,34.720001220703125,33.2599983215332,34.400001525878906,30.512468338012695,17338900
2016-04-06,34.709999084472656,36.88999938964844,34.45000076293945,36.439998626708984,32.321929931640625,21612400
2016-04-07,35.970001220703125,36.75,35.93000030517578,36.25,32.15340042114258,9283200
2016-04-08,37.220001220703125,38.189998626708984,37.11000061035156,37.33000183105469,33.111351013183594,11885000
2016-04-11,37.5,38.08000183105469,37.20000076293945,37.220001220703125,33.01378631591797,8297400
2016-04-12,37.31999969482422,37.9900016784668,36.72999954223633,37.65999984741211,33.40406036376953,12394100
2016-04-13,37.869998931884766,38.4900016784668,37.599998474121094,38.310001373291016,33.9806022644043,11374800
2016-04-14,38.38999938964844,38.869998931884766,38.029998779296875,38.380001068115234,34.04269027709961,9829700
2016-04-15,38.130001068115234,38.439998626708984,37.619998931884766,38.27000045776367,33.94512939453125,7244900
2016-04-18,37.25,39.310001373291016,37.25,38.9900016784668,34.58375549316406,8725300
2016-04-19,39.09000015258789,40.279998779296875,38.849998474121094,40.040000915527344,35.51509094238281,11216800
2016-04-20,39.59000015258789,40.90999984741211,39.529998779296875,40.34000015258789,35.78118133544922,9703500
2016-04-21,40.279998779296875,41.56999969482422,40.220001220703125,40.33000183105469,35.77233123779297,16368700
2016-04-22,40.13999938964844,41.369998931884766,39.97999954223633,40.84000015258789,36.22468185424805,11220700
2016-04-25,40.54999923706055,41.34000015258789,39.33000183105469,40.040000915527344,35.51509094238281,13423800
2016-04-26,40.209999084472656,40.36000061035156,39.5,40.220001220703125,35.67475509643555,9782100
2016-04-27,40.22999954223633,41.58000183105469,40.22999954223633,41.040000915527344,36.40208435058594,11826400
2016-04-28,41.130001068115234,41.650001525878906,40.40999984741211,41.040000915527344,36.40208435058594,9288900
2016-04-29,41.099998474121094,41.93000030517578,40.40999984741211,41.310001373291016,36.641563415527344,10388800
2016-05-02,41.529998779296875,42.81999969482422,41.41999816894531,42.04999923706055,37.29794692993164,23540500
2016-05-03,40.65999984741211,41.7599983215332,39.779998779296875,40.439998626708984,35.86988830566406,19669200
2016-05-04,40.130001068115234,40.689998626708984,39.2400016784668,39.86000061035156,35.355438232421875,12638300
2016-05-05,40.439998626708984,40.77000045776367,39.58000183105469,39.939998626708984,35.4263916015625,12816300
2016-05-06,39.470001220703125,40.16999816894531,39.15999984741211,39.439998626708984,34.98290252685547,13827100
2016-05-09,39.310001373291016,39.310001373291016,38.2400016784668,38.689998626708984,34.317657470703125,8974100
2016-05-10,39.0099983215332,39.2599983215332,38.599998474121094,38.84000015258789,34.45069885253906,8276700
2016-05-11,38.83000183105469,40.130001068115234,38.79999923706055,39.540000915527344,35.07160949707031,10957000
2016-05-12,40.0,40.33000183105469,39.720001220703125,40.04999923706055,35.523963928222656,10437400
2016-05-13,39.75,40.189998626708984,38.970001220703125,39.060001373291016,34.64584732055664,8290400
2016-05-16,39.529998779296875,40.470001220703125,39.45000076293945,40.18000030517578,35.6392707824707,10721500
2016-05-17,40.5,41.630001068115234,40.29999923706055,41.16999816894531,36.51740264892578,10785500
2016-05-18,41.029998779296875,41.150001525878906,39.869998931884766,40.279998779296875,35.72797393798828,8378700
2016-05-19,40.0,40.43000030517578,39.31999969482422,40.13999938964844,35.60380172729492,7570700
2016-05-20,40.54999923706055,41.33000183105469,40.34000015258789,40.90999984741211,36.286781311035156,8365900
2016-05-23,40.43000030517578,41.66999816894531,40.40999984741211,41.459999084472656,36.774627685546875,11689300
2016-05-24,41.540000915527344,41.72999954223633,41.060001373291016,41.41999816894531,36.739139556884766,8235600
2016-05-25,41.70000076293945,42.75,41.65999984741211,42.45000076293945,37.652748107910156,7651800
2016-05-26,42.79999923706055,43.20000076293945,42.5,42.63999938964844,37.8212776184082,8919100
2016-05-27,42.29999923706055,42.63999938964844,42.06999969482422,42.58000183105469,37.92815399169922,6421400
2016-05-31,42.38999938964844,43.08000183105469,41.880001068115234,42.18000030517578,37.571861267089844,9865000
2016-06-01,41.79999923706055,42.529998779296875,41.459999084472656,42.150001525878906,37.545143127441406,8131000
2016-06-02,41.91999816894531,42.130001068115234,41.5,42.130001068115234,37.52732467651367,6651700
2016-06-03,42.150001525878906,42.970001220703125,41.779998779296875,42.849998474121094,38.16865539550781,9015700
2016-06-06,43.130001068115234,45.0,43.11000061035156,44.88999938964844,39.98579788208008,13760900
2016-06-07,44.95000076293945,46.4900016784668,44.84000015258789,46.08000183105469,41.04578399658203,15583200
2016-06-08,46.34000015258789,46.689998626708984,45.630001068115234,46.290000915527344,41.23284912109375,11733300
2016-06-09,45.689998626708984,46.08000183105469,45.38999938964844,45.5,40.52914810180664,8514600
2016-06-10,45.040000915527344,45.27000045776367,44.15999984741211,44.380001068115234,39.53150939941406,10423800
2016-06-13,43.939998626708984,44.95000076293945,43.72999954223633,44.279998779296875,39.442440032958984,8504700
2016-06-14,44.0,44.5,43.38999938964844,43.9900016784668,39.18410873413086,9087300
2016-06-15,43.880001068115234,44.61000061035156,43.470001220703125,43.97999954223633,39.175209045410156,7981700
2016-06-16,43.36000061035156,43.529998779296875,42.470001220703125,43.189998626708984,38.47152328491211,10109200
2016-06-17,43.75,44.310001373291016,43.38999938964844,44.11000061035156,39.2910041809082,9387500
2016-06-20,44.93000030517578,44.95000076293945,43.779998779296875,43.790000915527344,39.0059700012207,7630500
2016-06-21,43.91999816894531,44.869998931884766,43.709999084472656,44.619998931884766,39.745296478271484,9233900
2016-06-22,44.939998626708984,45.18000030517578,44.47999954223633,44.65999984741211,39.78093719482422,11278000
2016-06-23,45.279998779296875,45.86000061035156,44.939998626708984,45.84000015258789,40.832008361816406,8136700
2016-06-24,43.810001373291016,44.650001525878906,43.560001373291016,43.91999816894531,39.121761322021484,12651400
2016-06-27,43.290000915527344,43.5,41.70000076293945,41.880001068115234,37.30463790893555,12223200
2016-06-28,42.630001068115234,43.459999084472656,42.43000030517578,43.27000045776367,38.54277420043945,9393500
2016-06-29,43.790000915527344,45.02000045776367,43.560001373291016,44.59000015258789,39.71857452392578,9788900
2016-06-30,44.47999954223633,45.380001068115234,44.34000015258789,45.290000915527344,40.342098236083984,9742100
2016-07-01,45.20000076293945,45.84000015258789,45.15999984741211,45.560001373291016,40.58259963989258,7718600
2016-07-05,44.7400016784668,44.849998474121094,42.91999816894531,43.529998779296875,38.77436065673828,12375700
2016-07-06,43.36000061035156,43.709999084472656,42.95000076293945,43.650001525878906,38.88126754760742,8206000
2016-07-07,44.02000045776367,44.93000030517578,43.209999084472656,43.54999923706055,38.79218292236328,8516300
2016-07-08,44.279998779296875,45.31999969482422,44.13999938964844,45.029998779296875,40.11049270629883,10482100
2016-07-11,45.40999984741211,45.88999938964844,44.459999084472656,44.47999954223633,39.62058639526367,9053800
2016-07-12,45.189998626708984,46.47999954223633,45.099998474121094,46.029998779296875,41.00123977661133,11462700
2016-07-13,45.810001373291016,46.06999969482422,44.709999084472656,45.209999084472656,40.270835876464844,9077500
2016-07-14,45.900001525878906,46.09000015258789,45.65999984741211,45.810001373291016,40.8052864074707,6803700
2016-07-15,45.970001220703125,46.09000015258789,45.279998779296875,45.459999084472656,40.493526458740234,5704900
2016-07-18,45.16999816894531,45.61000061035156,44.900001525878906,45.61000061035156,40.62712860107422,6105900
2016-07-19,45.310001373291016,45.52000045776367,44.77000045776367,44.9900016784668,40.074867248535156,9756100
2016-07-20,44.91999816894531,44.93000030517578,43.90999984741211,44.279998779296875,39.442440032958984,16067200
2016-07-21,44.279998779296875,44.75,43.25,43.540000915527344,38.78327178955078,9210500
2016-07-22,43.83000183105469,43.90999984741211,42.81999969482422,43.83000183105469,39.041603088378906,8900200
2016-07-25,43.439998626708984,43.47999954223633,42.38999938964844,42.540000915527344,37.89252853393555,8241700
2016-07-26,42.349998474121094,43.310001373291016,42.349998474121094,43.2400016784668,38.51605224609375,7246500
2016-07-27,43.20000076293945,43.709999084472656,42.599998474121094,42.91999816894531,38.23100662231445,6385800
2016-07-28,42.810001373291016,43.400001525878906,42.5099983215332,42.77000045776367,38.0974006652832,7411800
2016-07-29,42.27000045776367,43.79999923706055,42.16999816894531,43.65999984741211,38.890174865722656,7437300
2016-08-01,43.41999816894531,43.439998626708984,41.95000076293945,42.279998779296875,37.66093063354492,8451000
2016-08-02,42.5,42.72999954223633,41.47999954223633,42.060001373291016,37.46497344970703,7866600
2016-08-03,42.0099983215332,42.939998626708984,41.689998626708984,42.939998626708984,38.24882507324219,7347000
2016-08-04,42.709999084472656,43.29999923706055,42.54999923706055,42.9900016784668,38.293365478515625,5156300
2016-08-05,43.11000061035156,43.880001068115234,42.88999938964844,43.709999084472656,38.93470001220703,6442700
2016-08-08,43.97999954223633,45.04999923706055,43.939998626708984,44.2599983215332,39.42460250854492,6606000
2016-08-09,44.4900016784668,44.529998779296875,43.849998474121094,44.04999923706055,39.23756790161133,4516400
2016-08-10,44.20000076293945,44.38999938964844,43.650001525878906,43.7599983215332,38.97924041748047,5182300
2016-08-11,43.939998626708984,44.41999816894531,43.869998931884766,44.08000183105469,39.26428985595703,5273300
2016-08-12,44.13999938964844,44.400001525878906,43.66999816894531,43.84000015258789,39.050506591796875,4345100
2016-08-15,44.04999923706055,44.72999954223633,44.02000045776367,44.45000076293945,39.5938606262207,4436100
2016-08-16,44.560001373291016,44.779998779296875,44.20000076293945,44.619998931884766,39.745296478271484,8288200
2016-08-17,44.59000015258789,45.220001220703125,44.439998626708984,45.099998474121094,40.172855377197266,6190300
2016-08-18,45.439998626708984,46.54999923706055,45.380001068115234,46.459999084472656,41.38425827026367,12196700
2016-08-19,46.220001220703125,46.900001525878906,46.040000915527344,46.849998474121094,41.73168182373047,8841200
2016-08-22,46.18000030517578,46.2400016784668,44.869998931884766,45.08000183105469,40.15503692626953,11337300
2016-08-23,45.02000045776367,45.5,44.93000030517578,44.9900016784668,40.074867248535156,7647900
2016-08-24,44.58000183105469,45.15999984741211,44.13999938964844,44.349998474121094,39.504783630371094,6439900
2016-08-25,44.5099983215332,44.790000915527344,44.150001525878906,44.56999969482422,39.70075225830078,4098900
2016-08-26,44.650001525878906,45.27000045776367,44.36000061035156,44.560001373291016,39.69184112548828,5249700
2016-08-29,44.369998931884766,45.02000045776367,44.349998474121094,44.7400016784668,39.8521842956543,4474200
2016-08-30,44.7400016784668,45.189998626708984,43.880001068115234,44.06999969482422,39.255374908447266,8194800
2016-08-31,43.900001525878906,44.279998779296875,42.650001525878906,43.0099983215332,38.311187744140625,9660000
2016-09-01,43.0099983215332,43.290000915527344,42.56999969482422,43.209999084472656,38.48933410644531,5274400
2016-09-02,43.459999084472656,44.09000015258789,43.290000915527344,43.31999969482422,38.74872970581055,5994000
2016-09-06,43.529998779296875,43.900001525878906,43.130001068115234,43.72999954223633,39.11547088623047,6003200
2016-09-07,43.70000076293945,43.97999954223633,43.20000076293945,43.56999969482422,38.97234344482422,5173500
2016-09-08,43.91999816894531,44.349998474121094,43.47999954223633,44.119998931884766,39.46430206298828,6212600
2016-09-09,43.720001220703125,43.7599983215332,41.95000076293945,41.95000076293945,37.523292541503906,9520000
2016-09-12,41.599998474121094,42.7400016784668,41.52000045776367,42.400001525878906,37.92581558227539,6986400
2016-09-13,41.810001373291016,41.959999084472656,40.599998474121094,41.11000061035156,36.77193832397461,11877300
2016-09-14,40.849998474121094,41.72999954223633,40.630001068115234,41.2599983215332,36.90610122680664,8061100
2016-09-15,41.38999938964844,42.119998931884766,41.209999084472656,41.77000045776367,37.36228942871094,6820400
2016-09-16,40.77000045776367,41.349998474121094,40.7400016784668,41.040000915527344,36.709320068359375,9673200
2016-09-19,41.459999084472656,41.86000061035156,41.27000045776367,41.279998779296875,36.92399597167969,6836500
2016-09-20,41.310001373291016,41.630001068115234,41.0099983215332,41.2599983215332,36.90610122680664,7771300
2016-09-21,41.66999816894531,42.84000015258789,41.61000061035156,42.720001220703125,38.2120475769043,7610200
2016-09-22,43.25,43.630001068115234,42.599998474121094,42.650001525878906,38.1494255065918,5924900
2016-09-23,42.290000915527344,43.040000915527344,41.66999816894531,41.84000015258789,37.424896240234375,7191700
2016-09-26,41.97999954223633,42.310001373291016,41.18000030517578,41.380001068115234,37.01344680786133,9322500
2016-09-27,40.91999816894531,41.09000015258789,40.119998931884766,40.95000076293945,36.62881851196289,11842900
2016-09-28,41.11000061035156,42.959999084472656,40.45000076293945,42.790000915527344,38.274662017822266,12551900
2016-09-29,42.88999938964844,44.72999954223633,42.88999938964844,44.18000030517578,39.51797103881836,15139000
2016-09-30,44.540000915527344,45.08000183105469,44.06999969482422,44.880001068115234,40.14411544799805,9195300
2016-10-03,45.11000061035156,45.189998626708984,44.540000915527344,44.900001525878906,40.16200637817383,6221400
2016-10-04,44.90999984741211,45.0,44.22999954223633,44.59000015258789,39.88471984863281,5035900
2016-10-05,45.20000076293945,46.06999969482422,44.939998626708984,45.720001220703125,40.89547348022461,7529500
2016-10-06,46.040000915527344,46.400001525878906,45.54999923706055,46.369998931884766,41.47689437866211,7624000
2016-10-07,46.380001068115234,46.849998474121094,45.97999954223633,46.2599983215332,41.37849044799805,7014500
2016-10-10,46.790000915527344,47.63999938964844,46.7599983215332,47.2599983215332,42.27296829223633,8799400
2016-10-11,46.90999984741211,47.16999816894531,46.290000915527344,46.63999938964844,41.71840286254883,9505000
2016-10-12,46.63999938964844,47.18000030517578,46.25,46.959999084472656,42.0046272277832,7565500
2016-10-13,46.380001068115234,47.959999084472656,46.119998931884766,47.02000045776367,42.05829620361328,7327900
2016-10-14,47.459999084472656,47.83000183105469,46.84000015258789,46.970001220703125,42.013572692871094,7353400
2016-10-17,46.95000076293945,47.349998474121094,45.97999954223633,46.31999969482422,41.432159423828125,8169300
2016-10-18,46.970001220703125,47.279998779296875,46.29999923706055,47.06999969482422,42.1030158996582,9834100
2016-10-19,47.70000076293945,50.22999954223633,47.70000076293945,49.06999969482422,43.8919677734375,19236500
2016-10-20,48.88999938964844,49.5099983215332,48.43000030517578,48.75,43.60574722290039,8613000
2016-10-21,48.36000061035156,48.779998779296875,48.09000015258789,48.43000030517578,43.31950759887695,6659000
2016-10-24,48.540000915527344,48.689998626708984,47.7599983215332,48.2400016784668,43.14955139160156,7399100
2016-10-25,48.220001220703125,48.84000015258789,47.56999969482422,47.77000045776367,42.729164123535156,7760200
2016-10-26,47.209999084472656,48.5,46.849998474121094,47.619998931884766,42.59498596191406,8619700
2016-10-27,47.900001525878906,48.25,47.5,47.54999923706055,42.53236389160156,6001200
2016-10-28,47.599998474121094,47.79999923706055,46.060001373291016,46.58000183105469,41.664730072021484,10411000
2016-10-31,46.41999816894531,46.68000030517578,45.90999984741211,46.0,41.14592361450195,7931200
2016-11-01,46.369998931884766,46.68000030517578,45.36000061035156,46.22999954223633,41.351654052734375,6869900
2016-11-02,45.5099983215332,46.220001220703125,45.08000183105469,45.93000030517578,41.083316802978516,8158100
2016-11-03,45.939998626708984,46.61000061035156,45.84000015258789,46.58000183105469,41.664730072021484,7378000
2016-11-04,46.459999084472656,46.84000015258789,45.75,46.380001068115234,41.485816955566406,7031600
2016-11-07,46.810001373291016,47.459999084472656,46.810001373291016,47.439998626708984,42.43397521972656,5504400
2016-11-08,47.08000183105469,47.70000076293945,46.90999984741211,47.119998931884766,42.14773941040039,5320300
2016-11-09,47.459999084472656,48.25,47.119998931884766,47.81999969482422,42.77387237548828,12189800
2016-11-10,47.689998626708984,48.9900016784668,47.56999969482422,48.810001373291016,43.65940856933594,11520000
2016-11-11,48.349998474121094,48.61000061035156,47.209999084472656,48.0099983215332,42.943824768066406,7635100
2016-11-14,47.61000061035156,48.540000915527344,47.34000015258789,48.13999938964844,43.06010818481445,8395500
2016-11-15,48.52000045776367,49.900001525878906,48.5,49.7599983215332,44.50916290283203,11770300
2016-11-16,49.33000183105469,49.689998626708984,48.58000183105469,48.7599983215332,43.614688873291016,7835200
2016-11-17,49.380001068115234,49.779998779296875,48.220001220703125,48.599998474121094,43.471580505371094,7953800
2016-11-18,48.86000061035156,49.4900016784668,48.7599983215332,49.310001373291016,44.10664749145508,6663000
2016-11-21,50.040000915527344,50.45000076293945,49.709999084472656,50.099998474121094,44.81328582763672,8011200
2016-11-22,50.43000030517578,50.4900016784668,49.06999969482422,49.84000015258789,44.58070755004883,7699500
2016-11-23,49.41999816894531,50.0099983215332,49.349998474121094,49.470001220703125,44.249759674072266,3979200
2016-11-25,49.27000045776367,49.52000045776367,48.90999984741211,49.5099983215332,44.28554153442383,2736300
2016-11-28,49.63999938964844,49.72999954223633,48.68000030517578,48.79999923706055,43.65045928955078,6968500
2016-11-29,47.790000915527344,48.4900016784668,47.060001373291016,47.790000915527344,42.74705123901367,12332000
2016-11-30,47.790000915527344,54.91999816894531,47.790000915527344,53.09000015258789,47.48776626586914,32232000
2016-12-01,54.08000183105469,54.79999923706055,53.189998626708984,53.2400016784668,47.6219482421875,11775300
2016-12-02,53.25,54.52000045776367,53.11000061035156,54.16999816894531,48.453800201416016,7174900
2016-12-05,54.380001068115234,54.7400016784668,53.720001220703125,53.900001525878906,48.3730354309082,9235300
2016-12-06,53.25,54.27000045776367,52.90999984741211,54.02000045776367,48.48072814941406,9056100
2016-12-07,54.02000045776367,54.5,52.88999938964844,53.540000915527344,48.04994583129883,8987100
2016-12-08,53.7599983215332,54.4900016784668,53.33000183105469,54.43000030517578,48.84868240356445,9037500
2016-12-09,54.5,54.5099983215332,53.77000045776367,54.20000076293945,48.642276763916016,6003100
2016-12-12,55.04999923706055,56.08000183105469,54.36000061035156,54.4900016784668,48.902530670166016,10575100
2016-12-13,54.59000015258789,55.560001373291016,54.27000045776367,54.900001525878906,49.2704963684082,8600700
2016-12-14,54.22999954223633,54.560001373291016,53.40999984741211,53.5099983215332,48.023014068603516,9068000
2016-12-15,53.5099983215332,54.02000045776367,53.130001068115234,53.790000915527344,48.274314880371094,8359300
2016-12-16,54.22999954223633,54.279998779296875,53.75,53.9900016784668,48.45380783081055,12707800
2016-12-19,53.61000061035156,54.029998779296875,53.43000030517578,53.720001220703125,48.21149444580078,5563800
2016-12-20,54.150001525878906,54.25,53.119998931884766,53.33000183105469,47.861480712890625,8164300
2016-12-21,53.7599983215332,55.279998779296875,53.349998474121094,54.959999084472656,49.32433319091797,10087800
2016-12-22,54.630001068115234,55.41999816894531,54.630001068115234,55.06999969482422,49.42306137084961,5370500
2016-12-23,55.040000915527344,55.2599983215332,54.630001068115234,54.84000015258789,49.216644287109375,3168000
2016-12-27,55.02000045776367,55.540000915527344,54.70000076293945,54.90999984741211,49.27946853637695,3609800
2016-12-28,55.11000061035156,55.220001220703125,54.18000030517578,54.29999923706055,48.732017517089844,4956800
2016-12-29,54.13999938964844,54.459999084472656,53.84000015258789,54.040000915527344,48.49867630004883,4237500
2016-12-30,54.029998779296875,54.36000061035156,53.61000061035156,54.09000015258789,48.543548583984375,4655700
2017-01-03,54.959999084472656,56.33000183105469,54.95000076293945,55.68000030517578,49.97051239013672,10531700
2017-01-04,55.61000061035156,56.150001525878906,55.4900016784668,55.88999938964844,50.15897750854492,6265900
2017-01-05,56.189998626708984,56.880001068115234,56.040000915527344,56.209999084472656,50.4461555480957,7083300
2017-01-06,56.22999954223633,56.97999954223633,55.90999984741211,56.65999984741211,50.85001754760742,7899500
2017-01-09,56.099998474121094,56.33000183105469,55.810001373291016,56.06999969482422,50.320518493652344,9080500
2017-01-10,56.04999923706055,56.060001373291016,54.619998931884766,54.63999938964844,49.037147521972656,9774100
2017-01-11,55.09000015258789,55.61000061035156,54.689998626708984,55.38999938964844,49.71023941040039,9995100
2017-01-12,55.79999923706055,55.849998474121094,55.06999969482422,55.18000030517578,49.52178192138672,5954000
2017-01-13,54.70000076293945,55.189998626708984,54.4900016784668,54.540000915527344,48.947410583496094,5995600
2017-01-17,54.66999816894531,55.060001373291016,54.189998626708984,55.0099983215332,49.36921310424805,7712600
2017-01-18,54.5,55.29999923706055,54.43000030517578,55.130001068115234,49.47690963745117,6156300
2017-01-19,55.06999969482422,55.400001525878906,54.779998779296875,55.34000015258789,49.66537094116211,9144400
2017-01-20,56.119998931884766,56.84000015258789,55.9900016784668,56.45000076293945,50.66154479980469,14793600
2017-01-23,55.0,55.20000076293945,53.91999816894531,54.79999923706055,49.18073654174805,17718700
2017-01-24,55.2400016784668,56.790000915527344,55.09000015258789,56.619998931884766,50.814125061035156,11276700
2017-01-25,56.900001525878906,57.70000076293945,56.7599983215332,57.40999984741211,51.52312088012695,9837100
2017-01-26,57.459999084472656,58.779998779296875,57.459999084472656,58.060001373291016,52.10646057128906,8989800
2017-01-27,57.939998626708984,58.470001220703125,57.75,58.209999084472656,52.24107360839844,6893000
2017-01-30,58.02000045776367,58.099998474121094,55.369998931884766,56.47999954223633,50.6884651184082,10361100
2017-01-31,56.72999954223633,56.779998779296875,55.810001373291016,56.56999969482422,50.76924133300781,5849500
2017-02-01,57.18000030517578,57.22999954223633,55.40999984741211,56.22999954223633,50.4641227722168,7083000
2017-02-02,56.459999084472656,56.59000015258789,55.70000076293945,56.290000915527344,50.5179557800293,6183400
2017-02-03,56.25,57.060001373291016,56.130001068115234,56.58000183105469,50.77822494506836,5344500
2017-02-06,56.63999938964844,56.7599983215332,56.0099983215332,56.099998474121094,50.34743881225586,4745200
2017-02-07,55.7400016784668,56.0,54.599998474121094,54.880001068115234,49.25254440307617,8395900
2017-02-08,54.599998474121094,55.45000076293945,53.5,55.439998626708984,49.755126953125,9849500
2017-02-09,55.869998931884766,56.7599983215332,55.650001525878906,56.68000030517578,50.86797332763672,9320900
2017-02-10,57.02000045776367,57.380001068115234,55.9900016784668,56.130001068115234,50.374366760253906,7937500
2017-02-13,56.13999938964844,56.7599983215332,55.959999084472656,56.31999969482422,50.54486846923828,7161800
2017-02-14,56.04999923706055,56.58000183105469,56.0099983215332,56.540000915527344,50.74232864379883,8102300
2017-02-15,56.18000030517578,56.560001373291016,55.65999984741211,55.77000045776367,50.05126953125,5978500
2017-02-16,55.81999969482422,56.0,54.2599983215332,54.310001373291016,48.740989685058594,10925600
2017-02-17,54.02000045776367,54.40999984741211,53.529998779296875,53.709999084472656,48.20252227783203,9055800
2017-02-21,54.439998626708984,54.93000030517578,53.79999923706055,53.84000015258789,48.319190979003906,7496900
2017-02-22,53.4900016784668,53.93000030517578,52.9900016784668,53.060001373291016,47.61916732788086,7736100
2017-02-23,53.75,54.279998779296875,53.099998474121094,53.189998626708984,47.73583221435547,7971000
2017-02-24,52.75,53.0,52.349998474121094,52.869998931884766,47.44865036010742,6489600
2017-02-27,52.86000061035156,53.709999084472656,52.59000015258789,53.20000076293945,47.90791702270508,6902500
2017-02-28,53.0,53.650001525878906,52.5,53.459999084472656,48.142051696777344,6503700
2017-03-01,53.970001220703125,55.209999084472656,53.939998626708984,54.70000076293945,49.25870132446289,7176400
2017-03-02,54.369998931884766,54.5,53.68000030517578,53.869998931884766,48.51127243041992,5772100
2017-03-03,54.0,54.400001525878906,53.70000076293945,53.869998931884766,48.51127243041992,4092800
2017-03-06,53.790000915527344,54.0,53.34000015258789,53.79999923706055,48.44823455810547,5656100
2017-03-07,53.720001220703125,53.779998779296875,52.83000183105469,52.970001220703125,47.700801849365234,7246400
2017-03-08,52.630001068115234,53.22999954223633,51.20000076293945,51.290000915527344,46.18791961669922,14736900
2017-03-09,50.59000015258789,50.9900016784668,49.75,50.88999938964844,45.827693939208984,14967400
2017-03-10,51.38999938964844,51.5,50.61000061035156,50.90999984741211,45.84571838378906,7711100
2017-03-13,51.02000045776367,51.33000183105469,50.66999816894531,50.880001068115234,45.81869888305664,6272400
2017-03-14,50.880001068115234,50.880001068115234,48.540000915527344,49.79999923706055,44.84613037109375,13128100
2017-03-15,50.31999969482422,51.91999816894531,49.9900016784668,51.540000915527344,46.41304397583008,9993000
2017-03-16,51.650001525878906,51.83000183105469,50.810001373291016,50.91999816894531,45.85472869873047,7336000
2017-03-17,51.150001525878906,51.470001220703125,50.59000015258789,50.779998779296875,45.728641510009766,8131400
2017-03-20,50.36000061035156,50.83000183105469,49.84000015258789,50.63999938964844,45.602577209472656,7763200
2017-03-21,51.11000061035156,51.2599983215332,49.81999969482422,50.150001525878906,45.16132354736328,7673000
2017-03-22,49.869998931884766,50.310001373291016,49.36000061035156,49.83000183105469,44.87315368652344,7544900
2017-03-23,49.7400016784668,50.15999984741211,49.43000030517578,49.709999084472656,44.76508331298828,5620000
2017-03-24,49.20000076293945,50.619998931884766,49.189998626708984,49.40999984741211,44.49492645263672,9607400
2017-03-27,48.599998474121094,48.77000045776367,47.52000045776367,47.779998779296875,43.027069091796875,14193700
2017-03-28,47.91999816894531,48.27000045776367,47.54999923706055,48.02000045776367,43.243194580078125,10606800
2017-03-29,48.0,49.52000045776367,47.959999084472656,49.220001220703125,44.323822021484375,10831200
2017-03-30,49.7599983215332,49.81999969482422,48.650001525878906,49.02000045776367,44.14372253417969,11840200
2017-03-31,49.02000045776367,49.52000045776367,48.90999984741211,49.209999084472656,44.314823150634766,6392600
2017-04-03,49.459999084472656,49.65999984741211,48.810001373291016,49.279998779296875,44.37785720825195,6870700
2017-04-04,49.29999923706055,49.689998626708984,48.7599983215332,49.54999923706055,44.621002197265625,6288700
2017-04-05,50.25,51.2599983215332,49.81999969482422,49.849998474121094,44.89115524291992,12281900
2017-04-06,50.20000076293945,50.45000076293945,49.86000061035156,50.150001525878906,45.16132354736328,5773200
2017-04-07,50.33000183105469,50.5,49.5,49.68000030517578,44.73806381225586,6212000
2017-04-10,49.939998626708984,50.22999954223633,49.75,49.970001220703125,44.99922561645508,5588100
2017-04-11,49.970001220703125,50.02000045776367,49.09000015258789,50.0099983215332,45.03524398803711,6766900
2017-04-12,50.0,50.22999954223633,49.150001525878906,49.33000183105469,44.42289352416992,7358000
2017-04-13,49.189998626708984,49.41999816894531,48.18000030517578,48.380001068115234,43.567386627197266,6762400
2017-04-17,48.380001068115234,48.849998474121094,48.2400016784668,48.84000015258789,43.981624603271484,5249000
2017-04-18,48.470001220703125,48.95000076293945,48.290000915527344,48.529998779296875,43.70246505737305,4703300
2017-04-19,48.72999954223633,48.84000015258789,47.150001525878906,47.43000030517578,42.711891174316406,9432800
2017-04-20,47.81999969482422,48.2599983215332,47.58000183105469,47.689998626708984,42.946022033691406,6425000
2017-04-21,47.150001525878906,47.65999984741211,46.779998779296875,47.060001373291016,42.378700256347656,13268900
2017-04-24,47.220001220703125,47.97999954223633,46.630001068115234,46.75,42.09952926635742,11843600
2017-04-25,46.880001068115234,47.220001220703125,46.709999084472656,47.02000045776367,42.34267807006836,8032500
2017-04-26,46.650001525878906,47.54999923706055,46.599998474121094,46.9900016784668,42.31565856933594,7921900
2017-04-27,46.599998474121094,46.81999969482422,45.099998474121094,46.400001525878906,41.78434753417969,12907600
2017-04-28,47.34000015258789,47.380001068115234,45.83000183105469,45.880001068115234,41.31607437133789,7352400
2017-05-01,45.939998626708984,46.119998931884766,45.560001373291016,45.77000045776367,41.217018127441406,4640700
2017-05-02,45.81999969482422,46.06999969482422,45.09000015258789,45.29999923706055,40.79376983642578,7739700
2017-05-03,45.119998931884766,45.54999923706055,44.90999984741211,45.25,40.74875259399414,7261300
2017-05-04,44.70000076293945,44.790000915527344,43.70000076293945,44.599998474121094,40.163394927978516,13768700
2017-05-05,44.599998474121094,45.709999084472656,44.540000915527344,45.58000183105469,41.04592514038086,11907100
2017-05-08,45.65999984741211,45.93000030517578,45.279998779296875,45.36000061035156,40.84780502319336,8283100
2017-05-09,45.369998931884766,45.5,44.79999923706055,45.029998779296875,40.55063247680664,8453900
2017-05-10,45.4900016784668,46.33000183105469,45.43000030517578,45.810001373291016,41.25303649902344,10051500
2017-05-11,46.369998931884766,46.369998931884766,45.560001373291016,45.61000061035156,41.072933197021484,7942100
2017-05-12,45.720001220703125,45.720001220703125,44.970001220703125,45.13999938964844,40.649688720703125,8969300
2017-05-15,46.20000076293945,47.11000061035156,45.970001220703125,46.5099983215332,41.883399963378906,12600700
2017-05-16,46.88999938964844,46.91999816894531,46.209999084472656,46.779998779296875,42.12654113769531,8862700
2017-05-17,46.779998779296875,47.11000061035156,46.220001220703125,46.34000015258789,41.730316162109375,8064500
2017-05-18,46.04999923706055,46.869998931884766,45.66999816894531,46.58000183105469,41.946449279785156,9072300
2017-05-19,47.290000915527344,48.040000915527344,47.040000915527344,47.779998779296875,43.027069091796875,13304600
2017-05-22,47.970001220703125,48.18000030517578,46.86000061035156,47.119998931884766,42.4327278137207,9495500
2017-05-23,47.060001373291016,47.86000061035156,46.68000030517578,47.599998474121094,42.864986419677734,11837500
2017-05-24,47.58000183105469,48.119998931884766,47.31999969482422,47.709999084472656,42.964046478271484,10331900
2017-05-25,47.59000015258789,48.31999969482422,45.0,45.40999984741211,40.89282989501953,18438700
2017-05-26,45.43000030517578,46.040000915527344,45.25,45.7599983215332,41.208011627197266,9938800
2017-05-30,45.36000061035156,45.43000030517578,44.95000076293945,45.150001525878906,40.658695220947266,8476200
2017-05-31,44.65999984741211,45.59000015258789,44.27000045776367,45.189998626708984,40.69472122192383,9938200
2017-06-01,45.29999923706055,45.880001068115234,44.81999969482422,45.4900016784668,40.964874267578125,9067200
2017-06-02,45.09000015258789,45.5,44.619998931884766,45.29999923706055,40.79376983642578,9598300
2017-06-05,44.77000045776367,45.540000915527344,44.77000045776367,45.31999969482422,40.97459411621094,5920000
2017-06-06,45.290000915527344,46.220001220703125,44.97999954223633,46.0,41.589393615722656,9345500
2017-06-07,45.709999084472656,46.0099983215332,44.0099983215332,44.400001525878906,40.1428108215332,16379300
2017-06-08,44.400001525878906,44.599998474121094,43.90999984741211,44.130001068115234,39.898704528808594,10363800
2017-06-09,44.22999954223633,45.2599983215332,44.18000030517578,44.849998474121094,40.549659729003906,11389400
2017-06-12,45.38999938964844,45.630001068115234,44.68000030517578,44.91999816894531,40.612945556640625,9591600
2017-06-13,44.97999954223633,46.18000030517578,44.79999923706055,45.84000015258789,41.44473648071289,12214200
2017-06-14,45.689998626708984,45.689998626708984,44.189998626708984,44.83000183105469,40.531585693359375,13733100
2017-06-15,44.400001525878906,44.709999084472656,43.86000061035156,44.08000183105469,39.853485107421875,8839800
2017-06-16,44.380001068115234,44.380001068115234,43.72999954223633,44.27000045776367,40.0252685546875,10776800
2017-06-19,44.29999923706055,44.41999816894531,43.619998931884766,43.970001220703125,39.75404357910156,8613800
2017-06-20,43.290000915527344,43.56999969482422,42.439998626708984,43.400001525878906,39.238685607910156,11237600
2017-06-21,43.150001525878906,43.209999084472656,41.95000076293945,42.22999954223633,38.180877685546875,18500700
2017-06-22,42.25,42.560001373291016,41.900001525878906,41.900001525878906,37.88251876831055,11881200
2017-06-23,41.900001525878906,42.02000045776367,41.36000061035156,41.5,37.5208625793457,19487600
2017-06-26,41.84000015258789,42.0,41.47999954223633,41.70000076293945,37.701698303222656,5517100
2017-06-27,41.83000183105469,42.29999923706055,41.470001220703125,41.529998779296875,37.54799270629883,7244100
2017-06-28,41.599998474121094,42.40999984741211,41.540000915527344,42.0099983215332,37.981964111328125,8331800
2017-06-29,42.20000076293945,42.970001220703125,42.130001068115234,42.41999816894531,38.35265350341797,7879800
2017-06-30,42.79999923706055,43.060001373291016,42.29999923706055,42.709999084472656,38.61484909057617,7160800
2017-07-03,42.939998626708984,44.0099983215332,42.72999954223633,43.720001220703125,39.52800750732422,5754800
2017-07-05,44.06999969482422,44.06999969482422,42.529998779296875,42.86000061035156,38.75046920776367,9475900
2017-07-06,43.099998474121094,43.41999816894531,41.86000061035156,42.02000045776367,37.99100875854492,9338600
2017-07-07,41.849998474121094,41.939998626708984,41.029998779296875,41.779998779296875,37.774017333984375,10193200
2017-07-10,41.5099983215332,42.5099983215332,41.43000030517578,42.31999969482422,38.262237548828125,6132100
2017-07-11,42.349998474121094,43.16999816894531,42.189998626708984,42.709999084472656,38.61484909057617,5400900
2017-07-12,43.5099983215332,43.68000030517578,42.599998474121094,42.779998779296875,38.678138732910156,5692300
2017-07-13,42.70000076293945,43.849998474121094,42.66999816894531,43.77000045776367,39.57320785522461,8674800
2017-07-14,43.900001525878906,44.41999816894531,43.810001373291016,44.220001220703125,39.98006057739258,7946900
2017-07-17,44.150001525878906,44.52000045776367,44.0,44.11000061035156,39.880611419677734,6880500
2017-07-18,44.40999984741211,44.40999984741211,43.65999984741211,44.0,39.781158447265625,8182300
2017-07-19,43.970001220703125,45.81999969482422,43.91999816894531,45.58000183105469,41.20966720581055,12052200
2017-07-20,45.88999938964844,46.060001373291016,45.060001373291016,45.380001068115234,41.02885437011719,10591700
2017-07-21,45.36000061035156,45.61000061035156,44.119998931884766,44.380001068115234,40.12472152709961,11819200
2017-07-24,45.04999923706055,45.29999923706055,42.02000045776367,42.5099983215332,38.43402099609375,22394900
2017-07-25,42.88999938964844,43.709999084472656,42.68000030517578,42.689998626708984,38.59675979614258,13843600
2017-07-26,43.040000915527344,43.77000045776367,42.31999969482422,43.31999969482422,39.16636276245117,11246800
2017-07-27,43.5,44.38999938964844,42.540000915527344,43.09000015258789,38.95840835571289,10452300
2017-07-28,42.77000045776367,44.0,42.709999084472656,42.93000030517578,38.81375503540039,8895600
2017-07-31,42.81999969482422,42.900001525878906,42.15999984741211,42.439998626708984,38.3707389831543,8185400
2017-08-01,42.5,42.56999969482422,41.68000030517578,42.45000076293945,38.37977981567383,14301500
2017-08-02,42.130001068115234,42.95000076293945,41.810001373291016,42.849998474121094,38.74142074584961,9983300
2017-08-03,42.77000045776367,42.849998474121094,41.7599983215332,42.029998779296875,38.00004196166992,7944800
2017-08-04,42.0,42.11000061035156,41.54999923706055,41.9900016784668,37.96388244628906,6534100
2017-08-07,41.77000045776367,41.86000061035156,41.08000183105469,41.45000076293945,37.47565841674805,7546700
2017-08-08,41.20000076293945,41.83000183105469,40.709999084472656,41.029998779296875,37.0959358215332,9244700
2017-08-09,41.18000030517578,41.380001068115234,40.75,41.290000915527344,37.33100509643555,6396700
2017-08-10,41.31999969482422,41.33000183105469,40.36000061035156,40.5099983215332,36.625789642333984,6988600
2017-08-11,40.29999923706055,40.7400016784668,40.0,40.02000045776367,36.18277359008789,5519600
2017-08-14,40.04999923706055,40.20000076293945,39.75,39.90999984741211,36.08332061767578,7282300
2017-08-15,39.83000183105469,39.900001525878906,39.25,39.54999923706055,35.75782775878906,7691300
2017-08-16,39.689998626708984,39.959999084472656,39.130001068115234,39.31999969482422,35.54990005493164,6662700
2017-08-17,39.20000076293945,39.36000061035156,38.54999923706055,38.689998626708984,34.98029708862305,8145400
2017-08-18,38.65999984741211,39.45000076293945,38.18000030517578,38.9900016784668,35.25153350830078,8868200
2017-08-21,38.93000030517578,38.9900016784668,38.54999923706055,38.7400016784668,35.0255012512207,5084500
2017-08-22,38.86000061035156,39.029998779296875,38.650001525878906,38.65999984741211,34.953182220458984,6032800
2017-08-23,38.560001373291016,39.279998779296875,38.52000045776367,39.029998779296875,35.28770446777344,4623500
2017-08-24,38.970001220703125,39.0,38.56999969482422,38.790000915527344,35.07071304321289,7345900
2017-08-25,38.93000030517578,39.369998931884766,38.84000015258789,39.0099983215332,35.269615173339844,6167200
2017-08-28,39.06999969482422,39.18000030517578,38.279998779296875,38.790000915527344,35.07071304321289,7348300
2017-08-29,38.65999984741211,38.790000915527344,38.34000015258789,38.720001220703125,35.00741958618164,5120500
2017-08-30,38.61000061035156,39.040000915527344,38.380001068115234,38.66999816894531,34.96221160888672,4481900
2017-08-31,38.900001525878906,39.150001525878906,38.599998474121094,38.970001220703125,35.23345184326172,7303700
2017-09-01,38.9900016784668,39.29999923706055,38.810001373291016,38.900001525878906,35.3333625793457,5199500
2017-09-05,39.279998779296875,40.15999984741211,39.25,39.83000183105469,36.178096771240234,16722100
2017-09-06,40.220001220703125,41.189998626708984,40.18000030517578,41.0099983215332,37.249900817871094,14240600
2017-09-07,41.0,41.41999816894531,40.68000030517578,41.310001373291016,37.522396087646484,8303700
2017-09-08,41.2400016784668,41.2599983215332,39.86000061035156,40.290000915527344,36.59592819213867,9178200
2017-09-11,40.43000030517578,40.77000045776367,40.189998626708984,40.630001068115234,36.90475082397461,10529800
2017-09-12,40.66999816894531,41.5099983215332,40.459999084472656,41.2599983215332,37.47697448730469,6736900
2017-09-13,41.36000061035156,42.25,41.2599983215332,41.79999923706055,37.96746826171875,10385100
2017-09-14,42.029998779296875,42.70000076293945,41.95000076293945,42.18000030517578,38.31262969970703,10484000
2017-09-15,42.09000015258789,42.34000015258789,41.86000061035156,42.310001373291016,38.43071365356445,8173000
2017-09-18,42.400001525878906,42.90999984741211,42.11000061035156,42.619998931884766,38.71228790283203,6479000
2017-09-19,42.81999969482422,42.93000030517578,42.369998931884766,42.810001373291016,38.88486862182617,7023900
2017-09-20,42.900001525878906,43.779998779296875,42.86000061035156,43.61000061035156,39.61151885986328,12057100
2017-09-21,43.5,43.70000076293945,43.11000061035156,43.47999954223633,39.49343490600586,9634300
2017-09-22,43.47999954223633,44.31999969482422,43.470001220703125,44.25,40.192832946777344,9209100
2017-09-25,44.5099983215332,45.11000061035156,44.400001525878906,44.689998626708984,40.59249496459961,11540100
2017-09-26,44.5,44.869998931884766,44.2400016784668,44.63999938964844,40.54707717895508,6067000
2017-09-27,44.7400016784668,45.720001220703125,44.540000915527344,45.58000183105469,41.40089416503906,11317000
2017-09-28,45.70000076293945,46.08000183105469,45.54999923706055,45.83000183105469,41.62797927856445,12198100
2017-09-29,45.61000061035156,46.18000030517578,45.4900016784668,46.029998779296875,41.809627532958984,6683300
2017-10-02,45.22999954223633,45.72999954223633,45.02000045776367,45.529998779296875,41.3554801940918,7408900
2017-10-03,45.41999816894531,45.5099983215332,44.790000915527344,44.93000030517578,40.810489654541016,8635500
2017-10-04,45.04999923706055,45.41999816894531,44.84000015258789,45.18000030517578,41.037559509277344,7061100
2017-10-05,45.36000061035156,45.38999938964844,44.939998626708984,45.09000015258789,40.95581817626953,5485800
2017-10-06,44.86000061035156,45.04999923706055,44.22999954223633,44.75,40.6469841003418,11162200
2017-10-09,44.7599983215332,45.189998626708984,44.72999954223633,44.93000030517578,40.810489654541016,3709100
2017-10-10,45.34000015258789,45.869998931884766,44.97999954223633,45.029998779296875,40.90132522583008,6522000
2017-10-11,44.93000030517578,45.52000045776367,44.709999084472656,45.5099983215332,41.33730697631836,5749500
2017-10-12,45.02000045776367,45.20000076293945,44.689998626708984,44.7599983215332,40.65607833862305,5783500
2017-10-13,45.209999084472656,45.36000061035156,44.66999816894531,44.720001220703125,40.61974334716797,4730000
2017-10-16,44.97999954223633,45.16999816894531,44.58000183105469,44.61000061035156,40.519832611083984,4114200
2017-10-17,44.599998474121094,44.65999984741211,44.150001525878906,44.459999084472656,40.383575439453125,7556600
2017-10-18,44.47999954223633,44.79999923706055,43.59000015258789,43.77000045776367,39.75684356689453,7481700
2017-10-19,43.54999923706055,43.81999969482422,43.08000183105469,43.41999816894531,39.438934326171875,9024600
2017-10-20,43.560001373291016,43.70000076293945,43.0099983215332,43.33000183105469,39.357200622558594,10522600
2017-10-23,42.5099983215332,43.61000061035156,42.150001525878906,42.2400016784668,38.367130279541016,12842900
2017-10-24,42.43000030517578,42.650001525878906,41.279998779296875,41.369998931884766,37.576900482177734,14280500
2017-10-25,41.400001525878906,41.7400016784668,41.0,41.459999084472656,37.65864944458008,8965200
2017-10-26,41.529998779296875,41.90999984741211,40.959999084472656,41.2400016784668,37.45881271362305,8211300
2017-10-27,41.040000915527344,42.58000183105469,40.9900016784668,42.43000030517578,38.539703369140625,12555700
2017-10-30,42.4900016784668,43.06999969482422,42.150001525878906,42.93000030517578,38.993865966796875,7615600
2017-10-31,42.79999923706055,42.970001220703125,42.41999816894531,42.7400016784668,38.8212890625,6243400
2017-11-01,43.150001525878906,43.93000030517578,43.029998779296875,43.04999923706055,39.10286331176758,7257600
2017-11-02,43.15999984741211,43.52000045776367,42.290000915527344,42.689998626708984,38.77586364746094,6218200
2017-11-03,42.54999923706055,43.47999954223633,42.529998779296875,43.22999954223633,39.266361236572266,9575000
2017-11-06,43.38999938964844,45.310001373291016,43.31999969482422,45.08000183105469,40.946739196777344,10277400
2017-11-07,45.34000015258789,45.93000030517578,45.04999923706055,45.27000045776367,41.11930847167969,9507100
2017-11-08,45.02000045776367,45.599998474121094,44.66999816894531,45.119998931884766,40.98306655883789,6728900
2017-11-09,44.900001525878906,45.130001068115234,44.560001373291016,45.0099983215332,40.88315200805664,5760700
2017-11-10,44.900001525878906,45.02000045776367,44.38999938964844,44.58000183105469,40.49258041381836,4565200
2017-11-13,44.290000915527344,44.4900016784668,43.97999954223633,44.209999084472656,40.15651321411133,5350500
2017-11-14,43.959999084472656,44.13999938964844,42.84000015258789,42.939998626708984,39.00294876098633,7938400
2017-11-15,42.47999954223633,42.689998626708984,41.5099983215332,41.689998626708984,37.8675537109375,10470500
2017-11-16,41.56999969482422,41.91999816894531,41.41999816894531,41.5099983215332,37.70405960083008,5721200
2017-11-17,41.650001525878906,41.97999954223633,41.310001373291016,41.77000045776367,37.94021987915039,5902500
2017-11-20,41.7599983215332,41.880001068115234,41.36000061035156,41.56999969482422,37.75856399536133,5806100
2017-11-21,41.869998931884766,41.93000030517578,40.97999954223633,41.16999816894531,37.39523696899414,11601600
2017-11-22,41.52000045776367,41.599998474121094,41.29999923706055,41.43000030517578,37.63139343261719,4916000
2017-11-24,41.65999984741211,41.90999984741211,41.459999084472656,41.58000183105469,37.76764678955078,3352700
2017-11-27,41.349998474121094,41.650001525878906,40.88999938964844,41.06999969482422,37.30440139770508,5376400
2017-11-28,41.02000045776367,41.16999816894531,40.720001220703125,41.02000045776367,37.25898742675781,8102800
2017-11-29,41.06999969482422,41.56999969482422,40.86000061035156,41.29999923706055,37.5133171081543,7383600
2017-11-30,41.47999954223633,42.2400016784668,41.36000061035156,41.779998779296875,37.949302673339844,13390400
2017-12-01,41.869998931884766,43.56999969482422,41.849998474121094,43.060001373291016,39.11195373535156,18066400
2017-12-04,43.15999984741211,45.209999084472656,43.060001373291016,43.88999938964844,39.865848541259766,13897200
2017-12-05,44.02000045776367,44.349998474121094,43.54999923706055,43.630001068115234,39.62968063354492,8993000
2017-12-06,43.369998931884766,43.560001373291016,42.709999084472656,43.380001068115234,39.565834045410156,8807700
2017-12-07,43.380001068115234,43.86000061035156,43.16999816894531,43.459999084472656,39.638797760009766,6269400
2017-12-08,43.779998779296875,44.2599983215332,43.630001068115234,43.9900016784668,40.12220764160156,8178200
2017-12-11,44.08000183105469,45.25,44.04999923706055,45.15999984741211,41.189327239990234,11262900
2017-12-12,45.33000183105469,45.79999923706055,45.0,45.2400016784668,41.26229476928711,9823500
2017-12-13,45.20000076293945,45.400001525878906,44.4900016784668,44.7599983215332,40.82450485229492,7717100
2017-12-14,44.310001373291016,44.900001525878906,44.11000061035156,44.40999984741211,40.505279541015625,7172900
2017-12-15,44.790000915527344,45.040000915527344,44.5099983215332,44.61000061035156,40.68769073486328,9721600
2017-12-18,44.84000015258789,45.849998474121094,44.720001220703125,45.47999954223633,41.48119354248047,7610800
2017-12-19,45.63999938964844,46.66999816894531,45.560001373291016,45.869998931884766,41.836910247802734,8005300
2017-12-20,46.25,47.61000061035156,46.09000015258789,47.41999816894531,43.25062942504883,9148900
2017-12-21,47.58000183105469,48.70000076293945,47.20000076293945,48.16999816894531,43.93467330932617,10710600
2017-12-22,48.310001373291016,48.36000061035156,47.689998626708984,48.0099983215332,43.78874588012695,6767800
2017-12-26,48.130001068115234,48.939998626708984,47.91999816894531,48.77000045776367,44.4819221496582,4983900
2017-12-27,48.91999816894531,49.290000915527344,48.52000045776367,48.81999969482422,44.527523040771484,5409900
2017-12-28,48.849998474121094,48.90999984741211,48.400001525878906,48.56999969482422,44.29950714111328,3884200
2017-12-29,48.68000030517578,49.060001373291016,48.130001068115234,48.869998931884766,44.57312774658203,5194800
2018-01-02,48.91999816894531,49.84000015258789,48.720001220703125,49.61000061035156,45.24806594848633,7269200
2018-01-03,49.79999923706055,51.08000183105469,49.52000045776367,50.5,46.059814453125,11181900
2018-01-04,50.86000061035156,51.779998779296875,50.22999954223633,51.630001068115234,47.0904655456543,10142700
2018-01-05,51.459999084472656,51.900001525878906,50.95000076293945,51.81999969482422,47.26375198364258,8617300
2018-01-08,51.65999984741211,52.36000061035156,51.400001525878906,52.290000915527344,47.69242858886719,7611900
2018-01-09,52.43000030517578,52.65999984741211,51.599998474121094,52.11000061035156,47.528255462646484,8587400
2018-01-10,52.099998474121094,52.59000015258789,51.65999984741211,52.470001220703125,47.85660934448242,9714200
2018-01-11,52.56999969482422,53.689998626708984,52.220001220703125,53.33000183105469,48.640995025634766,9086700
2018-01-12,53.18000030517578,53.52000045776367,52.68000030517578,53.13999938964844,48.46769332885742,9026800
2018-01-16,53.029998779296875,53.209999084472656,51.900001525878906,52.130001068115234,47.5464973449707,10231600
2018-01-17,52.47999954223633,53.33000183105469,52.099998474121094,52.849998474121094,48.20318603515625,8479900
2018-01-18,52.630001068115234,53.06999969482422,52.209999084472656,52.36000061035156,47.75627899169922,8388000
2018-01-19,52.02000045776367,53.18000030517578,51.41999816894531,53.0099983215332,48.34912872314453,10388000
2018-01-22,54.02000045776367,56.45000076293945,53.63999938964844,56.400001525878906,51.44105911254883,17802800
2018-01-23,56.630001068115234,57.86000061035156,56.470001220703125,56.83000183105469,51.833251953125,13756800
2018-01-24,56.72999954223633,56.84000015258789,55.31999969482422,55.34000015258789,50.47426223754883,12321200
2018-01-25,55.66999816894531,56.2599983215332,55.150001525878906,55.20000076293945,50.34657669067383,9436100
2018-01-26,55.5,55.959999084472656,55.15999984741211,55.61000061035156,50.72052001953125,7495100
2018-01-29,55.31999969482422,55.599998474121094,54.61000061035156,54.79999923706055,49.98173522949219,8567500
2018-01-30,54.2400016784668,54.25,53.09000015258789,54.13999938964844,49.37976837158203,10719500
2018-01-31,54.18000030517578,54.43000030517578,52.810001373291016,53.70000076293945,48.97845458984375,8580800
2018-02-01,53.630001068115234,54.70000076293945,53.43000030517578,54.5099983215332,49.71724319458008,8530400
2018-02-02,54.0,54.099998474121094,51.68000030517578,52.189998626708984,47.601219177246094,14070800
2018-02-05,51.4900016784668,52.41999816894531,49.66999816894531,50.040000915527344,45.640262603759766,12398500
2018-02-06,48.7599983215332,51.27000045776367,48.56999969482422,50.630001068115234,46.178382873535156,11153200
2018-02-07,50.77000045776367,51.40999984741211,49.68000030517578,49.689998626708984,45.32102966308594,8631600
2018-02-08,49.939998626708984,50.0,47.380001068115234,47.40999984741211,43.24150466918945,13885400
2018-02-09,47.7400016784668,48.060001373291016,45.099998474121094,46.70000076293945,42.59393310546875,17765800
2018-02-12,47.40999984741211,48.5,47.290000915527344,47.91999816894531,43.70664978027344,12278300
2018-02-13,47.54999923706055,47.720001220703125,46.869998931884766,47.38999938964844,43.22325897216797,6857700
2018-02-14,46.880001068115234,48.18000030517578,46.709999084472656,47.869998931884766,43.66106033325195,8741200
2018-02-15,47.5,47.650001525878906,46.33000183105469,46.88999938964844,42.76721954345703,15759700
2018-02-16,46.7599983215332,47.9900016784668,46.529998779296875,47.5,43.32359313964844,12205900
2018-02-20,47.599998474121094,47.97999954223633,46.7599983215332,47.15999984741211,43.013484954833984,7426100
2018-02-21,46.93000030517578,47.619998931884766,46.52000045776367,46.54999923706055,42.45711898803711,9845900
2018-02-22,46.93000030517578,47.91999816894531,46.83000183105469,47.130001068115234,42.98611831665039,8273000
2018-02-23,47.47999954223633,48.65999984741211,47.209999084472656,48.45000076293945,44.19005584716797,9069900
2018-02-26,48.2400016784668,48.459999084472656,47.619998931884766,48.22999954223633,43.98940658569336,8123000
2018-02-27,48.31999969482422,48.939998626708984,47.61000061035156,47.619998931884766,43.43303680419922,5941300
2018-02-28,48.0099983215332,48.099998474121094,46.369998931884766,46.41999816894531,42.33853530883789,10558600
2018-03-01,45.93000030517578,46.90999984741211,45.459999084472656,46.029998779296875,41.98283004760742,10113100
2018-03-02,45.709999084472656,46.20000076293945,45.16999816894531,46.029998779296875,41.98283004760742,6151500
2018-03-05,45.58000183105469,46.459999084472656,45.02000045776367,46.2599983215332,42.1926155090332,11767900
2018-03-06,46.58000183105469,46.59000015258789,45.619998931884766,45.91999816894531,42.046112060546875,5634400
2018-03-07,45.41999816894531,45.959999084472656,44.97999954223633,45.83000183105469,41.963706970214844,7735400
2018-03-08,45.849998474121094,46.27000045776367,45.560001373291016,46.0099983215332,42.128517150878906,9826000
2018-03-09,46.47999954223633,47.33000183105469,46.40999984741211,46.9900016784668,43.02584457397461,7326000
2018-03-12,46.90999984741211,47.459999084472656,46.7400016784668,46.91999816894531,42.96175003051758,5319900
2018-03-13,47.08000183105469,47.220001220703125,45.83000183105469,46.099998474121094,42.21092987060547,6439100
2018-03-14,46.380001068115234,46.959999084472656,46.15999984741211,46.2400016784668,42.33911895751953,5988300
2018-03-15,46.400001525878906,46.52000045776367,45.029998779296875,45.290000915527344,41.46926498413086,6871700
2018-03-16,45.369998931884766,46.22999954223633,45.15999984741211,45.90999984741211,42.036956787109375,8624700
2018-03-19,45.86000061035156,45.86000061035156,44.209999084472656,44.68000030517578,40.91071701049805,9488200
2018-03-20,44.86000061035156,45.68000030517578,44.81999969482422,45.4900016784668,41.65239334106445,6657400
2018-03-21,45.849998474121094,47.52000045776367,45.59000015258789,47.11000061035156,43.13572692871094,9667300
2018-03-22,46.61000061035156,46.95000076293945,46.15999984741211,46.380001068115234,42.4672966003418,11574700
2018-03-23,46.56999969482422,47.84000015258789,46.2400016784668,46.439998626708984,42.522247314453125,11514900
2018-03-26,47.0099983215332,47.38999938964844,46.20000076293945,47.209999084472656,43.2272834777832,8960800
2018-03-27,47.439998626708984,48.08000183105469,46.52000045776367,46.880001068115234,42.92512130737305,9574800
2018-03-28,46.7599983215332,47.09000015258789,45.75,46.04999923706055,42.16514205932617,9719600
2018-03-29,46.2400016784668,47.25,46.220001220703125,46.939998626708984,42.98005676269531,12284400
2018-04-02,46.689998626708984,46.70000076293945,45.20000076293945,46.09000015258789,42.201778411865234,9091600
2018-04-03,46.349998474121094,46.970001220703125,45.70000076293945,46.79999923706055,42.851871490478516,7615400
2018-04-04,46.02000045776367,46.91999816894531,45.68000030517578,46.779998779296875,42.83355712890625,7857200
2018-04-05,47.0,48.380001068115234,46.959999084472656,47.68000030517578,43.65763473510742,8644700
2018-04-06,47.400001525878906,47.58000183105469,46.220001220703125,47.0,43.03501510620117,9877900
2018-04-09,47.25,47.380001068115234,46.47999954223633,46.560001373291016,42.63212203979492,9558500
2018-04-10,47.41999816894531,49.43000030517578,47.41999816894531,48.81999969482422,44.70146179199219,10241400
2018-04-11,48.630001068115234,50.02000045776367,48.5,49.59000015258789,45.406497955322266,9195000
2018-04-12,50.060001373291016,50.709999084472656,49.36000061035156,50.209999084472656,45.97420120239258,8303700
2018-04-13,50.27000045776367,51.06999969482422,50.20000076293945,50.779998779296875,46.49610900878906,7340800
2018-04-16,50.81999969482422,51.0,50.06999969482422,50.7599983215332,46.47779846191406,6540700
2018-04-17,50.68000030517578,51.06999969482422,50.29999923706055,50.88999938964844,46.596824645996094,6101300
2018-04-18,51.41999816894531,52.529998779296875,51.349998474121094,52.09000015258789,47.69560241699219,12603800
2018-04-19,52.15999984741211,52.65999984741211,51.56999969482422,52.0099983215332,47.62234878540039,11319100
2018-04-20,51.560001373291016,52.47999954223633,51.08000183105469,51.959999084472656,47.57656478881836,13149800
2018-04-23,51.9900016784668,52.650001525878906,50.7599983215332,52.04999923706055,47.65897750854492,7555400
2018-04-24,52.15999984741211,52.880001068115234,51.0099983215332,51.369998931884766,47.036338806152344,8459900
2018-04-25,51.0,51.849998474121094,50.72999954223633,51.75,47.38429260253906,6377000
2018-04-26,52.0099983215332,52.66999816894531,51.810001373291016,52.599998474121094,48.16258239746094,7121500
2018-04-27,52.2599983215332,53.0099983215332,51.900001525878906,52.83000183105469,48.37317657470703,5969700
2018-04-30,52.599998474121094,53.709999084472656,52.400001525878906,52.9900016784668,48.519683837890625,7944800
2018-05-01,52.65999984741211,52.84000015258789,51.7400016784668,52.439998626708984,48.01607131958008,5590600
2018-05-02,52.34000015258789,53.22999954223633,52.25,52.63999938964844,48.19919967651367,5203000
2018-05-03,52.560001373291016,52.619998931884766,51.63999938964844,52.310001373291016,47.89704132080078,4814300
2018-05-04,52.119998931884766,52.439998626708984,51.52000045776367,52.189998626708984,47.78716278076172,6262400
2018-05-07,52.439998626708984,53.5,51.97999954223633,52.029998779296875,47.64066696166992,5559900
2018-05-08,52.060001373291016,52.189998626708984,50.7599983215332,51.869998931884766,47.4941520690918,8970400
2018-05-09,52.63999938964844,53.68000030517578,52.59000015258789,52.70000076293945,48.254146575927734,8434900
2018-05-10,53.34000015258789,53.400001525878906,52.40999984741211,52.709999084472656,48.26329040527344,6965900
2018-05-11,52.79999923706055,52.849998474121094,52.11000061035156,52.279998779296875,47.869571685791016,8541300
2018-05-14,52.459999084472656,52.79999923706055,52.400001525878906,52.5,48.071014404296875,8174300
2018-05-15,52.599998474121094,52.75,51.970001220703125,52.720001220703125,48.2724494934082,5075200
2018-05-16,52.709999084472656,53.15999984741211,52.34000015258789,52.970001220703125,48.50136947631836,6262200
2018-05-17,53.31999969482422,54.90999984741211,53.310001373291016,54.369998931884766,49.78325271606445,10191400
2018-05-18,54.33000183105469,54.709999084472656,54.060001373291016,54.31999969482422,49.73747253417969,6602700
2018-05-21,54.79999923706055,54.79999923706055,53.630001068115234,54.400001525878906,49.81071853637695,5544600
2018-05-22,54.15999984741211,54.709999084472656,52.97999954223633,53.2400016784668,48.74859619140625,6167200
2018-05-23,52.630001068115234,52.95000076293945,52.0099983215332,52.91999816894531,48.45558166503906,6704300
2018-05-24,52.400001525878906,52.61000061035156,52.06999969482422,52.27000045776367,47.86042404174805,6354400
2018-05-25,51.13999938964844,51.13999938964844,49.2599983215332,50.189998626708984,45.95588684082031,12915400
2018-05-29,49.43000030517578,49.970001220703125,49.040000915527344,49.7599983215332,45.56216812133789,6863800
2018-05-30,50.189998626708984,50.869998931884766,50.0099983215332,50.40999984741211,46.15733337402344,5673500
2018-05-31,50.06999969482422,50.45000076293945,49.52000045776367,49.7400016784668,45.543853759765625,7275400
2018-06-01,50.0,50.119998931884766,48.66999816894531,49.08000183105469,44.93952941894531,9214200
2018-06-04,49.16999816894531,49.25,47.79999923706055,47.95000076293945,43.90486145019531,11494700
2018-06-05,47.65999984741211,48.08000183105469,47.38999938964844,47.869998931884766,43.99677276611328,8358200
2018-06-06,48.08000183105469,48.52000045776367,47.7400016784668,48.29999923706055,44.391971588134766,10921700
2018-06-07,48.65999984741211,49.4900016784668,48.54999923706055,48.93000030517578,44.97099685668945,7431700
2018-06-08,48.869998931884766,48.88999938964844,47.540000915527344,48.099998474121094,44.20815658569336,9377500
2018-06-11,48.08000183105469,48.290000915527344,47.630001068115234,47.86000061035156,43.987571716308594,7526300
2018-06-12,47.88999938964844,48.08000183105469,47.34000015258789,47.86000061035156,43.987571716308594,9443300
2018-06-13,47.81999969482422,48.290000915527344,47.529998779296875,47.66999816894531,43.81294631958008,8709600
2018-06-14,47.75,48.119998931884766,47.5,47.72999954223633,43.86808776855469,6875700
2018-06-15,47.45000076293945,47.59000015258789,46.0,46.599998474121094,42.82952117919922,15150700
2018-06-18,46.310001373291016,47.029998779296875,46.29999923706055,46.619998931884766,42.84790802001953,5972800
2018-06-19,46.029998779296875,46.380001068115234,45.630001068115234,46.11000061035156,42.37916564941406,8345700
2018-06-20,46.470001220703125,46.470001220703125,45.5,45.709999084472656,42.011539459228516,8669300
2018-06-21,45.5,45.5,44.560001373291016,44.91999816894531,41.285457611083984,9286800
2018-06-22,46.939998626708984,47.349998474121094,45.97999954223633,46.220001220703125,42.48027038574219,14098300
2018-06-25,45.88999938964844,46.040000915527344,44.709999084472656,45.2400016784668,41.579559326171875,9564600
2018-06-26,45.06999969482422,45.459999084472656,44.40999984741211,45.34000015258789,41.671470642089844,8455100
2018-06-27,45.9900016784668,46.939998626708984,45.709999084472656,45.84000015258789,42.131011962890625,8636400
2018-06-28,45.849998474121094,46.0,45.27000045776367,45.630001068115234,41.938011169433594,7432400
2018-06-29,45.56999969482422,45.79999923706055,44.9900016784668,45.060001373291016,41.41413497924805,8623800
2018-07-02,44.880001068115234,44.880001068115234,44.0099983215332,44.470001220703125,40.87186813354492,7527400
2018-07-03,45.0099983215332,45.189998626708984,44.11000061035156,44.529998779296875,40.9270133972168,4651900
2018-07-05,44.72999954223633,44.790000915527344,44.31999969482422,44.45000076293945,40.85348892211914,5408200
2018-07-06,44.150001525878906,45.0,43.939998626708984,44.93000030517578,41.29464340209961,5642000
2018-07-09,45.13999938964844,45.970001220703125,45.13999938964844,45.83000183105469,42.121829986572266,6632300
2018-07-10,46.290000915527344,47.029998779296875,46.029998779296875,46.2599983215332,42.517032623291016,8631800
2018-07-11,45.58000183105469,45.93000030517578,44.77000045776367,45.099998474121094,41.450889587402344,8082400
2018-07-12,45.31999969482422,45.41999816894531,44.61000061035156,44.91999816894531,41.285457611083984,6793100
2018-07-13,45.0,45.599998474121094,44.810001373291016,45.349998474121094,41.6806640625,4607300
2018-07-16,44.779998779296875,44.9900016784668,44.34000015258789,44.959999084472656,41.322227478027344,5280800
2018-07-17,44.75,45.5,44.5099983215332,45.060001373291016,41.41413497924805,7282000
2018-07-18,44.7599983215332,45.09000015258789,44.06999969482422,44.79999923706055,41.1751708984375,6856800
2018-07-19,44.540000915527344,45.36000061035156,44.38999938964844,44.959999084472656,41.322227478027344,6387800
2018-07-20,45.15999984741211,45.290000915527344,44.79999923706055,45.20000076293945,41.54280090332031,10584000
2018-07-23,42.599998474121094,43.04999923706055,41.25,41.540000915527344,38.1789436340332,31042400
2018-07-24,41.90999984741211,41.939998626708984,40.209999084472656,40.349998474121094,37.08522033691406,24846300
2018-07-25,40.40999984741211,40.41999816894531,39.470001220703125,39.81999969482422,36.598106384277344,22149400
2018-07-26,40.099998474121094,41.56999969482422,39.90999984741211,41.310001373291016,37.96754837036133,17273200
2018-07-27,41.2400016784668,42.08000183105469,41.20000076293945,41.79999923706055,38.41789627075195,10563200
2018-07-30,42.310001373291016,42.88999938964844,42.189998626708984,42.290000915527344,38.868255615234375,9024700
2018-07-31,42.349998474121094,42.4900016784668,41.47999954223633,42.41999816894531,38.987728118896484,10245300
2018-08-01,41.9900016784668,42.38999938964844,41.400001525878906,42.060001373291016,38.656864166259766,9216500
2018-08-02,41.38999938964844,42.150001525878906,41.38999938964844,41.90999984741211,38.51900100708008,6558300
2018-08-03,42.0,42.47999954223633,41.86000061035156,42.04999923706055,38.64767074584961,7336300
2018-08-06,42.15999984741211,42.2400016784668,41.84000015258789,41.959999084472656,38.564945220947266,5123500
2018-08-07,42.40999984741211,42.470001220703125,41.970001220703125,42.029998779296875,38.62928771972656,6557700
2018-08-08,41.75,42.310001373291016,41.72999954223633,42.029998779296875,38.62928771972656,5250800
2018-08-09,42.060001373291016,42.130001068115234,41.41999816894531,41.5099983215332,38.15135955810547,6172500
2018-08-10,41.540000915527344,41.9900016784668,41.2400016784668,41.939998626708984,38.546573638916016,3932500
2018-08-13,41.84000015258789,41.880001068115234,40.7599983215332,40.849998474121094,37.544769287109375,8411800
2018-08-14,41.060001373291016,41.25,40.63999938964844,40.66999816894531,37.37932586669922,5138900
2018-08-15,40.380001068115234,40.41999816894531,38.93000030517578,39.70000076293945,36.48781967163086,9293400
2018-08-16,39.810001373291016,40.18000030517578,39.63999938964844,39.77000045776367,36.55215072631836,6828300
2018-08-17,39.70000076293945,40.08000183105469,39.529998779296875,39.970001220703125,36.735965728759766,6072300
2018-08-20,40.0,40.77000045776367,39.90999984741211,40.400001525878906,37.131187438964844,5479600
2018-08-21,40.84000015258789,41.310001373291016,40.81999969482422,40.90999984741211,37.599910736083984,5361700
2018-08-22,41.27000045776367,41.529998779296875,41.06999969482422,41.20000076293945,37.866451263427734,4564500
2018-08-23,41.02000045776367,41.150001525878906,40.689998626708984,40.83000183105469,37.526390075683594,4873200
2018-08-24,41.209999084472656,41.38999938964844,40.689998626708984,40.810001373291016,37.50800323486328,5121100
2018-08-27,40.91999816894531,41.400001525878906,40.84000015258789,41.0099983215332,37.69181823730469,5127000
2018-08-28,41.09000015258789,41.2599983215332,40.459999084472656,40.66999816894531,37.37932586669922,6639700
2018-08-29,40.720001220703125,40.95000076293945,40.380001068115234,40.720001220703125,37.425289154052734,5691600
2018-08-30,40.54999923706055,40.619998931884766,40.0,40.220001220703125,36.96574401855469,7597600
2018-08-31,40.04999923706055,40.150001525878906,39.58000183105469,39.88999938964844,36.662437438964844,6108300
2018-09-04,39.91999816894531,40.04999923706055,39.310001373291016,39.47999954223633,36.45009231567383,5145000
2018-09-05,38.20000076293945,38.31999969482422,36.81999969482422,37.130001068115234,34.28044509887695,20306500
2018-09-06,37.0,37.560001373291016,36.779998779296875,36.86000061035156,34.03116226196289,13673200
2018-09-07,36.439998626708984,36.810001373291016,35.75,36.79999923706055,33.975765228271484,10740900
2018-09-10,36.88999938964844,37.150001525878906,36.650001525878906,36.689998626708984,33.87419891357422,7632100
2018-09-11,37.029998779296875,37.5099983215332,36.279998779296875,37.349998474121094,34.483558654785156,12547100
2018-09-12,37.970001220703125,38.77000045776367,37.86000061035156,38.13999938964844,35.21293640136719,11335300
2018-09-13,37.900001525878906,38.56999969482422,37.790000915527344,38.43000030517578,35.48067855834961,9940500
2018-09-14,38.43000030517578,39.0,38.349998474121094,38.630001068115234,35.66532516479492,9220400
2018-09-17,38.91999816894531,39.22999954223633,38.65999984741211,38.709999084472656,35.73918533325195,6988800
2018-09-18,38.959999084472656,39.41999816894531,38.939998626708984,39.15999984741211,36.15464782714844,6657800
2018-09-19,39.400001525878906,40.310001373291016,39.2400016784668,40.060001373291016,36.98558044433594,9132400
2018-09-20,40.5099983215332,40.709999084472656,40.16999816894531,40.38999938964844,37.29025650024414,7675700
2018-09-21,40.7599983215332,40.810001373291016,40.369998931884766,40.709999084472656,37.585693359375,12451300
2018-09-24,41.290000915527344,41.66999816894531,40.7400016784668,41.060001373291016,37.908836364746094,7406400
2018-09-25,41.349998474121094,41.68000030517578,41.25,41.36000061035156,38.1858024597168,8039800
2018-09-26,41.04999923706055,41.5,40.900001525878906,41.08000183105469,37.92729568481445,10391200
2018-09-27,41.13999938964844,41.20000076293945,40.220001220703125,40.59000015258789,37.47490692138672,10919700
2018-09-28,40.220001220703125,40.9900016784668,40.18000030517578,40.529998779296875,37.41951370239258,9517400
2018-10-01,40.720001220703125,41.189998626708984,40.34000015258789,41.04999923706055,37.899600982666016,6731100
2018-10-02,41.08000183105469,41.970001220703125,40.880001068115234,41.709999084472656,38.50895309448242,8534000
2018-10-03,41.900001525878906,42.08000183105469,41.310001373291016,41.79999923706055,38.592041015625,8876400
2018-10-04,41.61000061035156,42.22999954223633,41.40999984741211,41.88999938964844,38.675140380859375,6341400
2018-10-05,41.70000076293945,42.45000076293945,41.689998626708984,42.0,38.776695251464844,8358000
2018-10-08,41.41999816894531,42.119998931884766,41.27000045776367,42.0099983215332,38.78592300415039,7125400
2018-10-09,42.130001068115234,42.56999969482422,41.65999984741211,42.13999938964844,38.90595245361328,9496600
2018-10-10,41.97999954223633,42.150001525878906,40.599998474121094,40.63999938964844,37.52106857299805,9084100
2018-10-11,40.25,40.56999969482422,39.40999984741211,39.75,36.69937515258789,12017900
2018-10-12,40.13999938964844,40.2599983215332,38.9900016784668,39.599998474121094,36.560882568359375,7816900
2018-10-15,39.7400016784668,40.20000076293945,39.349998474121094,39.79999923706055,36.74553680419922,11180000
2018-10-16,39.900001525878906,40.45000076293945,39.77000045776367,40.08000183105469,37.00404739379883,7822000
2018-10-17,39.779998779296875,40.02000045776367,39.47999954223633,39.560001373291016,36.52395248413086,8723800
2018-10-18,38.84000015258789,39.08000183105469,37.630001068115234,38.0,35.08367919921875,16491600
2018-10-19,37.84000015258789,38.86000061035156,37.529998779296875,37.540000915527344,34.65897750854492,16521400
2018-10-22,37.220001220703125,37.540000915527344,36.06999969482422,36.400001525878906,33.606475830078125,15887600
2018-10-23,35.5,35.63999938964844,34.630001068115234,35.599998474121094,32.86786651611328,14431300
2018-10-24,35.720001220703125,35.9900016784668,34.189998626708984,34.22999954223633,31.603004455566406,15161400
2018-10-25,34.720001220703125,35.279998779296875,34.599998474121094,34.7400016784668,32.0738639831543,11681300
2018-10-26,34.0099983215332,35.68000030517578,33.72999954223633,35.13999938964844,32.443172454833984,12585400
2018-10-29,35.25,35.47999954223633,33.939998626708984,34.41999816894531,31.77842140197754,11743300
2018-10-30,34.2599983215332,35.220001220703125,34.06999969482422,35.060001373291016,32.36930847167969,10404400
2018-10-31,35.400001525878906,35.599998474121094,34.54999923706055,34.68000030517578,32.018470764160156,10625500
2018-11-01,34.900001525878906,35.150001525878906,34.2599983215332,34.77000045776367,32.10157012939453,10371000
2018-11-02,35.0,35.08000183105469,34.5,34.900001525878906,32.221588134765625,7762000
2018-11-05,35.369998931884766,35.939998626708984,35.11000061035156,35.75,33.0063591003418,8974800
2018-11-06,35.84000015258789,36.13999938964844,35.4900016784668,35.77000045776367,33.02482223510742,7199200
2018-11-07,36.130001068115234,36.5099983215332,35.630001068115234,36.40999984741211,33.615699768066406,8772700
2018-11-08,36.22999954223633,36.31999969482422,35.150001525878906,35.369998931884766,32.655521392822266,8076600
2018-11-09,34.68000030517578,35.2400016784668,34.2599983215332,34.97999954223633,32.29544448852539,9356800
2018-11-12,35.380001068115234,35.43000030517578,34.11000061035156,34.15999984741211,31.538381576538086,9957400
2018-11-13,34.0,34.09000015258789,32.099998474121094,32.27000045776367,29.79343032836914,21537000
2018-11-14,32.790000915527344,32.97999954223633,32.0099983215332,32.25,29.774959564208984,15648700
2018-11-15,32.0,32.470001220703125,31.75,32.45000076293945,29.95961570739746,13292400
2018-11-16,32.68000030517578,32.880001068115234,32.130001068115234,32.459999084472656,29.968843460083008,7905100
2018-11-19,32.25,33.08000183105469,32.20000076293945,32.9900016784668,30.458166122436523,12194600
2018-11-20,32.439998626708984,32.5,31.139999389648438,31.440000534057617,29.027124404907227,12667100
2018-11-21,31.829999923706055,32.13999938964844,31.649999618530273,31.93000030517578,29.479520797729492,5358200
2018-11-23,30.93000030517578,31.170000076293945,30.469999313354492,30.700000762939453,28.34391975402832,7920200
2018-11-26,31.100000381469727,31.829999923706055,31.079999923706055,31.799999237060547,29.359495162963867,18206600
2018-11-27,31.68000030517578,32.36000061035156,31.600000381469727,31.8799991607666,29.4333553314209,12510100
2018-11-28,31.889999389648438,32.2400016784668,31.209999084472656,32.16999816894531,29.701099395751953,9467700
2018-11-29,32.20000076293945,32.349998474121094,31.440000534057617,31.889999389648438,29.442590713500977,8943300
2018-11-30,31.59000015258789,31.6200008392334,30.950000762939453,31.43000030517578,29.017892837524414,10940700
2018-12-03,32.349998474121094,33.11000061035156,32.18000030517578,32.65999984741211,30.15349769592285,11352800
2018-12-04,32.66999816894531,32.81999969482422,31.280000686645508,31.440000534057617,29.027124404907227,13617600
2018-12-06,30.479999542236328,30.549999237060547,29.239999771118164,29.790000915527344,27.662128448486328,18911100
2018-12-07,30.43000030517578,31.06999969482422,29.549999237060547,29.68000030517578,27.559988021850586,14265700
2018-12-10,29.139999389648438,29.59000015258789,28.68000030517578,29.280000686645508,27.188556671142578,12882700
2018-12-11,29.790000915527344,29.84000015258789,28.170000076293945,28.799999237060547,26.74284553527832,13488600
2018-12-12,29.219999313354492,30.110000610351562,29.149999618530273,29.610000610351562,27.49498176574707,10506100
2018-12-13,29.469999313354492,30.190000534057617,29.260000228881836,29.90999984741211,27.773555755615234,15027300
2018-12-14,29.540000915527344,29.860000610351562,28.850000381469727,29.0,26.928556442260742,17021100
2018-12-17,28.920000076293945,29.420000076293945,28.65999984741211,29.09000015258789,27.012128829956055,15925500
2018-12-18,29.09000015258789,29.75,28.760000228881836,28.979999542236328,26.90998649597168,15300200
2018-12-19,29.06999969482422,29.270000457763672,27.299999237060547,27.639999389648438,25.665699005126953,18010600
2018-12-20,27.350000381469727,28.079999923706055,27.020000457763672,27.139999389648438,25.201414108276367,13922500
2018-12-21,26.299999237060547,27.360000610351562,25.559999465942383,25.850000381469727,24.00356101989746,21135400
2018-12-24,25.610000610351562,25.940000534057617,25.139999389648438,25.139999389648438,23.34427261352539,8496000
2018-12-26,25.309999465942383,26.450000762939453,24.700000762939453,26.43000030517578,24.542129516601562,14755100
2018-12-27,25.889999389648438,26.360000610351562,25.290000915527344,26.360000610351562,24.477128982543945,12775500
2018-12-28,26.579999923706055,26.969999313354492,26.229999542236328,26.459999084472656,24.569984436035156,8990100
2018-12-31,26.540000915527344,26.690000534057617,25.75,26.579999923706055,24.681411743164062,9885800
2019-01-02,26.110000610351562,27.639999389648438,26.010000228881836,27.299999237060547,25.34998321533203,7805400
2019-01-03,27.360000610351562,27.639999389648438,26.420000076293945,27.1299991607666,25.19212532043457,11693600
2019-01-04,27.690000534057617,28.530000686645508,27.450000762939453,28.420000076293945,26.389984130859375,15701000
2019-01-07,28.6299991607666,29.1200008392334,28.110000610351562,28.81999969482422,26.76140785217285,10997300
2019-01-08,29.239999771118164,29.579999923706055,28.860000610351562,29.200000762939453,27.11427116394043,8621700
2019-01-09,29.639999389648438,30.1299991607666,29.290000915527344,30.0,27.85712432861328,10328500
2019-01-10,29.75,30.889999389648438,29.709999084472656,30.8700008392334,28.66498374938965,10433500
2019-01-11,30.489999771118164,30.780000686645508,30.040000915527344,30.700000762939453,28.507129669189453,11392400
2019-01-14,30.200000762939453,30.639999389648438,30.06999969482422,30.3700008392334,28.200698852539062,8247100
2019-01-15,30.600000381469727,30.760000228881836,30.15999984741211,30.350000381469727,28.182130813598633,7746100
2019-01-16,30.229999542236328,30.6200008392334,30.030000686645508,30.360000610351562,28.1914119720459,10084300
2019-01-17,30.139999389648438,30.969999313354492,29.84000015258789,30.899999618530273,28.692838668823242,12746500
2019-01-18,31.40999984741211,32.369998931884766,31.299999237060547,32.25,29.946409225463867,16457300
2019-01-22,31.5,31.719999313354492,30.09000015258789,31.260000228881836,29.02712631225586,16986900
2019-01-23,31.31999969482422,31.43000030517578,30.5,31.049999237060547,28.832120895385742,12503900
2019-01-24,31.0,31.8700008392334,30.84000015258789,31.209999084472656,28.980695724487305,11264500
2019-01-25,31.549999237060547,32.369998931884766,31.520000457763672,32.099998474121094,29.8071231842041,10357300
2019-01-28,31.600000381469727,31.6200008392334,30.68000030517578,31.229999542236328,28.999271392822266,10076500
2019-01-29,31.5,31.549999237060547,30.809999465942383,30.850000381469727,28.646411895751953,6375500
2019-01-30,31.110000610351562,31.790000915527344,30.790000915527344,31.56999969482422,29.314983367919922,7975800
2019-01-31,31.530000686645508,31.8700008392334,31.170000076293945,31.360000610351562,29.119985580444336,7494700
2019-02-01,31.5,32.41999816894531,31.3700008392334,32.119998931884766,29.825695037841797,7776100
2019-02-04,31.81999969482422,32.25,31.559999465942383,32.25,29.946409225463867,6164700
2019-02-05,32.209999084472656,32.31999969482422,31.950000762939453,32.29999923706055,29.992839813232422,6061500
2019-02-06,32.20000076293945,32.349998474121094,31.989999771118164,32.029998779296875,29.742122650146484,5471400
2019-02-07,31.719999313354492,31.989999771118164,30.219999313354492,30.5,28.3214111328125,9466200
2019-02-08,30.229999542236328,30.440000534057617,29.399999618530273,29.700000762939453,27.57855796813965,9856100
2019-02-11,29.520000457763672,30.43000030517578,29.399999618530273,30.200000762939453,28.0428409576416,7912200
2019-02-12,30.65999984741211,31.350000381469727,30.65999984741211,30.84000015258789,28.637123107910156,9440900
2019-02-13,31.020000457763672,31.68000030517578,30.809999465942383,31.399999618530273,29.157127380371094,7146400
2019-02-14,31.25,32.02000045776367,31.110000610351562,31.600000381469727,29.34284019470215,8271100
2019-02-15,32.060001373291016,32.27000045776367,31.530000686645508,31.850000381469727,29.574983596801758,8249100
2019-02-19,31.549999237060547,32.06999969482422,31.5,31.700000762939453,29.43569564819336,5434300
2019-02-20,31.700000762939453,32.709999084472656,31.700000762939453,32.290000915527344,29.98355484008789,14461700
2019-02-21,32.119998931884766,32.220001220703125,31.1299991607666,31.3799991607666,29.138559341430664,7680800
2019-02-22,31.600000381469727,31.709999084472656,31.040000915527344,31.31999969482422,29.082839965820312,6207800
2019-02-25,31.190000534057617,32.04999923706055,31.100000381469727,31.75,29.482126235961914,9977300
2019-02-26,31.75,32.16999816894531,31.510000228881836,31.540000915527344,29.287126541137695,7107800
2019-02-27,31.670000076293945,31.959999084472656,31.190000534057617,31.25,29.017841339111328,8237600
2019-02-28,31.350000381469727,31.3700008392334,30.350000381469727,30.690000534057617,28.49784278869629,8639200
2019-03-01,30.889999389648438,31.299999237060547,30.780000686645508,30.93000030517578,28.7206974029541,10827800
2019-03-04,31.190000534057617,31.479999542236328,30.600000381469727,30.979999542236328,28.767126083374023,11119500
2019-03-05,30.799999237060547,30.860000610351562,30.06999969482422,30.290000915527344,28.290786743164062,11444600
2019-03-06,30.059999465942383,30.18000030517578,28.75,28.84000015258789,26.936492919921875,13930200
2019-03-07,28.729999542236328,28.81999969482422,27.81999969482422,27.93000030517578,26.0865535736084,13403200
2019-03-08,27.43000030517578,27.670000076293945,27.010000228881836,27.469999313354492,25.656911849975586,13408400
2019-03-11,27.8799991607666,28.219999313354492,27.459999084472656,27.889999389648438,26.049192428588867,11469800
2019-03-12,28.0,28.329999923706055,27.8700008392334,28.09000015258789,26.235990524291992,10351000
2019-03-13,28.290000915527344,28.649999618530273,28.280000686645508,28.5,26.61893081665039,10434700
2019-03-14,28.5,28.8700008392334,28.31999969482422,28.469999313354492,26.590909957885742,11150500
2019-03-15,28.350000381469727,28.469999313354492,27.8700008392334,27.969999313354492,26.12390899658203,12211800
2019-03-18,28.1299991607666,29.0,28.100000381469727,28.8700008392334,26.964515686035156,8630300
2019-03-19,29.1200008392334,29.549999237060547,29.09000015258789,29.260000228881836,27.328771591186523,13381300
2019-03-20,29.25,30.350000381469727,29.079999923706055,30.100000381469727,28.11332893371582,13823600
2019-03-21,29.850000381469727,30.149999618530273,29.700000762939453,30.040000915527344,28.057289123535156,9167300
2019-03-22,29.770000457763672,29.889999389648438,28.649999618530273,28.729999542236328,26.8337459564209,10438000
2019-03-25,28.5,28.670000076293945,27.959999084472656,28.239999771118164,26.37609100341797,9254700
2019-03-26,28.579999923706055,28.979999542236328,28.31999969482422,28.469999313354492,26.590909957885742,6093500
2019-03-27,28.40999984741211,28.670000076293945,28.209999084472656,28.559999465942383,26.674970626831055,6746400
2019-03-28,28.329999923706055,29.260000228881836,28.25,29.190000534057617,27.26339340209961,8155900
2019-03-29,29.489999771118164,29.709999084472656,28.940000534057617,29.299999237060547,27.366127014160156,7680600
2019-04-01,29.6299991607666,30.170000076293945,29.350000381469727,30.139999389648438,28.15068817138672,11365500
2019-04-02,30.110000610351562,30.719999313354492,29.93000030517578,29.940000534057617,27.96388816833496,11866500
2019-04-03,30.1299991607666,30.459999084472656,29.75,29.93000030517578,27.954547882080078,8063000
2019-04-04,29.920000076293945,30.540000915527344,29.59000015258789,30.420000076293945,28.41220474243164,9072200
2019-04-05,30.559999465942383,31.149999618530273,30.389999389648438,30.969999313354492,28.925905227661133,8285800
2019-04-08,31.09000015258789,31.43000030517578,31.020000457763672,31.290000915527344,29.224781036376953,6805200
2019-04-09,31.059999465942383,31.09000015258789,30.579999923706055,30.809999465942383,28.776464462280273,7704200
2019-04-10,30.959999084472656,31.329999923706055,30.899999618530273,31.040000915527344,28.99128532409668,4913400
2019-04-11,31.0,31.450000762939453,30.81999969482422,31.200000762939453,29.14072608947754,5744500
2019-04-12,31.600000381469727,31.809999465942383,31.06999969482422,31.329999923706055,29.26214599609375,7024200
2019-04-15,31.260000228881836,31.709999084472656,30.979999542236328,31.290000915527344,29.224781036376953,6961100
2019-04-16,31.520000457763672,31.940000534057617,31.329999923706055,31.809999465942383,29.710464477539062,5614300
2019-04-17,32.08000183105469,32.209999084472656,31.559999465942383,31.59000015258789,29.504985809326172,10626300
2019-04-18,31.700000762939453,32.29999923706055,31.09000015258789,31.1299991607666,29.075345993041992,9759200
2019-04-22,31.81999969482422,32.09000015258789,30.610000610351562,31.09000015258789,29.03798484802246,22164600
2019-04-23,31.18000030517578,31.540000915527344,30.729999542236328,31.149999618530273,29.094024658203125,13363800
2019-04-24,30.959999084472656,31.0,30.010000228881836,30.110000610351562,28.12266731262207,11444000
2019-04-25,30.15999984741211,30.18000030517578,29.190000534057617,29.219999313354492,27.291410446166992,8840400
2019-04-26,28.93000030517578,28.969999313354492,28.290000915527344,28.850000381469727,26.945831298828125,9934500
2019-04-29,28.950000762939453,29.209999084472656,28.739999771118164,28.770000457763672,26.871112823486328,6507100
2019-04-30,28.860000610351562,28.889999389648438,28.209999084472656,28.329999923706055,26.46014976501465,10142700
2019-05-01,28.3700008392334,28.56999969482422,27.56999969482422,27.59000015258789,25.76899528503418,8826500
2019-05-02,27.440000534057617,27.899999618530273,27.209999084472656,27.739999771118164,25.90909194946289,10142700
2019-05-03,27.809999465942383,28.18000030517578,27.6200008392334,27.770000457763672,25.937114715576172,8127700
2019-05-06,27.5,27.889999389648438,27.270000457763672,27.6299991607666,25.806354522705078,7067800
2019-05-07,27.219999313354492,27.3700008392334,26.59000015258789,26.940000534057617,25.161893844604492,10469600
2019-05-08,26.850000381469727,27.15999984741211,26.25,26.5,24.750934600830078,11995500
2019-05-09,26.18000030517578,26.219999313354492,25.479999542236328,25.989999771118164,24.274599075317383,12767700
2019-05-10,25.850000381469727,25.8799991607666,24.940000534057617,25.360000610351562,23.686176300048828,14085600
2019-05-13,24.860000610351562,25.18000030517578,24.329999923706055,24.649999618530273,23.023040771484375,17946700
2019-05-14,24.8799991607666,25.649999618530273,24.760000228881836,25.43000030517578,23.75156021118164,9745500
2019-05-15,25.059999465942383,25.729999542236328,24.90999984741211,25.59000015258789,23.900999069213867,8288200
2019-05-16,25.809999465942383,26.190000534057617,25.670000076293945,25.8799991607666,24.171855926513672,8362800
2019-05-17,25.530000686645508,25.799999237060547,25.079999923706055,25.18000030517578,23.518056869506836,7923900
2019-05-20,25.0,25.399999618530273,24.940000534057617,25.079999923706055,23.424659729003906,7073000
2019-05-21,25.200000762939453,25.75,25.15999984741211,25.59000015258789,23.900999069213867,8764900
2019-05-22,25.420000076293945,25.479999542236328,24.59000015258789,24.739999771118164,23.107099533081055,13154000
2019-05-23,24.18000030517578,24.25,23.030000686645508,23.510000228881836,21.958284378051758,23565700
2019-05-24,23.75,23.84000015258789,22.8700008392334,22.969999313354492,21.45392417907715,10217300
2019-05-28,23.06999969482422,23.239999771118164,22.700000762939453,22.989999771118164,21.472606658935547,11673400
2019-05-29,22.6200008392334,23.1299991607666,22.3799991607666,23.010000228881836,21.491289138793945,12559400
2019-05-30,22.969999313354492,23.059999465942383,22.030000686645508,22.170000076293945,20.70672607421875,12157000
2019-05-31,21.68000030517578,21.799999237060547,21.139999389648438,21.290000915527344,19.88481330871582,16450300
2019-06-03,21.350000381469727,21.860000610351562,21.209999084472656,21.600000381469727,20.174345016479492,10669300
2019-06-04,21.729999542236328,22.190000534057617,21.670000076293945,21.959999084472656,20.68294334411621,9992700
2019-06-05,21.93000030517578,22.040000915527344,20.979999542236328,21.190000534057617,19.957725524902344,21224800
2019-06-06,21.3700008392334,21.649999618530273,21.209999084472656,21.549999237060547,20.296789169311523,16250700
2019-06-07,21.649999618530273,21.989999771118164,21.43000030517578,21.6299991607666,20.372135162353516,15266500
2019-06-10,21.799999237060547,22.31999969482422,21.760000228881836,21.760000228881836,20.494579315185547,10838300
2019-06-11,22.030000686645508,22.43000030517578,21.84000015258789,22.079999923706055,20.79596519470215,10124300
2019-06-12,21.799999237060547,21.90999984741211,21.040000915527344,21.06999969482422,19.844697952270508,18406400
2019-06-13,21.639999389648438,21.780000686645508,21.229999542236328,21.65999984741211,20.400388717651367,23940000
2019-06-14,21.600000381469727,21.709999084472656,21.15999984741211,21.3799991607666,20.136672973632812,10687900
2019-06-17,21.25,22.25,21.190000534057617,21.969999313354492,20.692365646362305,12372800
2019-06-18,22.100000381469727,22.520000457763672,21.950000762939453,22.219999313354492,20.927824020385742,12887800
2019-06-19,22.229999542236328,22.34000015258789,21.770000457763672,21.809999465942383,20.54166603088379,11726500
2019-06-20,22.489999771118164,22.969999313354492,22.420000076293945,22.8799991607666,21.549442291259766,14720600
2019-06-21,22.989999771118164,23.260000228881836,22.610000610351562,22.84000015258789,21.51177215576172,19469700
2019-06-24,22.90999984741211,23.040000915527344,22.450000762939453,22.510000228881836,21.200960159301758,17465300
2019-06-25,22.459999084472656,22.719999313354492,22.149999618530273,22.5,21.191543579101562,8246600
2019-06-26,22.829999923706055,23.540000915527344,22.709999084472656,23.200000762939453,21.850833892822266,14331500
2019-06-27,23.200000762939453,23.329999923706055,22.690000534057617,22.729999542236328,21.408164978027344,9923000
2019-06-28,22.829999923706055,23.15999984741211,22.600000381469727,22.739999771118164,21.41758155822754,36268900
2019-07-01,23.260000228881836,23.540000915527344,22.850000381469727,22.950000762939453,21.615373611450195,11586900
2019-07-02,22.829999923706055,22.84000015258789,22.219999313354492,22.649999618530273,21.33281707763672,14286700
2019-07-03,22.639999389648438,22.850000381469727,22.459999084472656,22.84000015258789,21.51177215576172,6255300
2019-07-05,22.65999984741211,23.09000015258789,22.6200008392334,23.030000686645508,21.690717697143555,8454700
2019-07-08,22.969999313354492,23.5,22.829999923706055,23.25,21.897926330566406,14363000
2019-07-09,23.110000610351562,23.56999969482422,22.75,23.56999969482422,22.199316024780273,13350800
2019-07-10,23.709999084472656,23.850000381469727,23.360000610351562,23.600000381469727,22.22757339477539,15516200
2019-07-11,23.600000381469727,23.850000381469727,23.489999771118164,23.850000381469727,22.463035583496094,12268800
2019-07-12,23.899999618530273,24.040000915527344,23.690000534057617,23.75,22.368852615356445,11853900
2019-07-15,23.860000610351562,24.010000228881836,23.40999984741211,23.459999084472656,22.095714569091797,13114400
2019-07-16,23.40999984741211,23.559999465942383,22.829999923706055,22.8799991607666,21.549442291259766,9675800
2019-07-17,22.81999969482422,22.889999389648438,21.770000457763672,21.780000686645508,20.513412475585938,12759600
2019-07-18,21.690000534057617,21.780000686645508,21.219999313354492,21.68000030517578,20.41922378540039,12674400
2019-07-19,21.700000762939453,21.860000610351562,21.420000076293945,21.75,20.485153198242188,17145600
2019-07-22,22.850000381469727,23.81999969482422,22.440000534057617,23.739999771118164,22.359432220458984,28286300
2019-07-23,23.670000076293945,24.049999237060547,23.219999313354492,23.84000015258789,22.453615188598633,18363400
2019-07-24,23.760000228881836,24.079999923706055,23.579999923706055,23.790000915527344,22.406522750854492,12981900
2019-07-25,23.989999771118164,24.030000686645508,23.030000686645508,23.219999313354492,21.86966896057129,12426200
2019-07-26,23.260000228881836,23.40999984741211,22.93000030517578,23.030000686645508,21.690717697143555,6551500
2019-07-29,22.989999771118164,23.0,21.90999984741211,22.18000030517578,20.890153884887695,12261500
2019-07-30,22.0,23.229999542236328,21.809999465942383,23.200000762939453,21.850833892822266,17794400
2019-07-31,23.270000457763672,23.459999084472656,22.75,23.0,21.662464141845703,13557400
2019-08-01,22.709999084472656,22.760000228881836,21.360000610351562,21.65999984741211,20.400388717651367,16509400
2019-08-02,21.719999313354492,21.84000015258789,20.84000015258789,21.0,19.77877426147461,14128600
2019-08-05,20.459999084472656,20.540000915527344,19.959999084472656,20.309999465942383,19.1289005279541,13777200
2019-08-06,20.420000076293945,20.600000381469727,19.5,19.950000762939453,18.789836883544922,14552800
2019-08-07,19.43000030517578,19.8700008392334,19.110000610351562,19.649999618530273,18.507280349731445,16661000
2019-08-08,19.739999771118164,20.030000686645508,19.510000228881836,19.93000030517578,18.77099609375,17492900
2019-08-09,19.93000030517578,20.030000686645508,19.40999984741211,19.520000457763672,18.38484001159668,13613200
2019-08-12,19.420000076293945,19.559999465942383,19.100000381469727,19.40999984741211,18.281240463256836,10673200
2019-08-13,19.350000381469727,20.3799991607666,19.18000030517578,19.479999542236328,18.347166061401367,12404600
2019-08-14,18.969999313354492,19.0,18.1200008392334,18.329999923706055,17.264041900634766,18264700
2019-08-15,18.139999389648438,18.299999237060547,17.459999084472656,18.25,17.188692092895508,21154700
2019-08-16,18.350000381469727,18.93000030517578,18.200000762939453,18.8700008392334,17.77263832092285,14359600
2019-08-19,19.329999923706055,19.489999771118164,19.06999969482422,19.329999923706055,18.20589256286621,13001000
2019-08-20,19.110000610351562,19.190000534057617,18.81999969482422,19.059999465942383,17.951589584350586,8284200
2019-08-21,19.299999237060547,19.360000610351562,18.59000015258789,18.600000381469727,17.518341064453125,10964700
2019-08-22,18.850000381469727,19.200000762939453,18.65999984741211,18.670000076293945,17.584272384643555,13271100
2019-08-23,18.299999237060547,18.579999923706055,17.65999984741211,17.719999313354492,16.68951416015625,14091600
2019-08-26,18.010000228881836,18.139999389648438,17.360000610351562,17.5,16.482311248779297,12999100
2019-08-27,17.700000762939453,17.780000686645508,17.209999084472656,17.309999465942383,16.303359985351562,10316700
2019-08-28,17.290000915527344,18.260000228881836,16.969999313354492,18.0,16.953237533569336,14771300
2019-08-29,18.190000534057617,18.790000915527344,18.18000030517578,18.530000686645508,17.452411651611328,13070400
2019-08-30,18.610000610351562,19.1299991607666,18.510000228881836,18.84000015258789,17.744386672973633,12154600
2019-09-03,18.200000762939453,18.829999923706055,18.1299991607666,18.760000228881836,17.8394775390625,13125600
2019-09-04,19.030000686645508,19.15999984741211,18.709999084472656,18.760000228881836,17.8394775390625,12794000
2019-09-05,18.950000762939453,19.530000686645508,18.940000534057617,19.0,18.067699432373047,12560800
2019-09-06,18.90999984741211,19.1299991607666,18.540000915527344,19.09000015258789,18.153284072875977,10921200
2019-09-09,19.280000686645508,20.200000762939453,19.219999313354492,19.950000762939453,18.971086502075195,13565300
2019-09-10,20.200000762939453,20.709999084472656,19.90999984741211,20.030000686645508,19.047163009643555,16748500
2019-09-11,20.1299991607666,20.600000381469727,19.760000228881836,20.049999237060547,19.066181182861328,14736400
2019-09-12,19.459999084472656,20.0,19.100000381469727,19.75,18.780902862548828,13410400
2019-09-13,20.1299991607666,20.450000762939453,19.770000457763672,20.270000457763672,19.27538299560547,10717200
2019-09-16,21.459999084472656,22.75,21.3799991607666,22.489999771118164,21.386451721191406,36553100
2019-09-17,22.280000686645508,22.280000686645508,20.81999969482422,21.030000686645508,19.99809455871582,19353900
2019-09-18,20.8799991607666,21.149999618530273,20.559999465942383,20.809999465942383,19.788888931274414,15049000
2019-09-19,21.149999618530273,21.31999969482422,20.8799991607666,20.920000076293945,19.893489837646484,12901700
2019-09-20,20.90999984741211,21.059999465942383,20.280000686645508,20.440000534057617,19.437040328979492,15934600
2019-09-23,20.31999969482422,20.850000381469727,20.229999542236328,20.610000610351562,19.598705291748047,11085400
2019-09-24,20.399999618530273,20.5,19.399999618530273,19.489999771118164,18.533658981323242,18536300
2019-09-25,19.1299991607666,19.479999542236328,19.09000015258789,19.440000534057617,18.486112594604492,10550700
2019-09-26,19.25,19.350000381469727,18.860000610351562,19.270000457763672,18.324451446533203,10841000
2019-09-27,19.040000915527344,19.479999542236328,18.59000015258789,18.729999542236328,17.810955047607422,14587700
2019-09-30,18.610000610351562,19.020000457763672,18.549999237060547,18.850000381469727,17.925060272216797,9884200
2019-10-01,19.0,19.15999984741211,18.360000610351562,18.579999923706055,17.668312072753906,12198100
2019-10-02,18.579999923706055,18.899999618530273,18.100000381469727,18.170000076293945,17.278425216674805,12056800
2019-10-03,18.059999465942383,18.65999984741211,18.030000686645508,18.639999389648438,17.725366592407227,10074200
2019-10-04,18.670000076293945,18.93000030517578,18.270000457763672,18.549999237060547,17.63978385925293,7944900
2019-10-07,18.6299991607666,18.799999237060547,18.329999923706055,18.360000610351562,17.459104537963867,8287800
2019-10-08,18.139999389648438,18.600000381469727,18.040000915527344,18.25,17.354503631591797,11337600
2019-10-09,18.389999389648438,18.5,18.020000457763672,18.270000457763672,17.373519897460938,11083800
2019-10-10,18.3700008392334,18.610000610351562,18.219999313354492,18.43000030517578,17.52566909790039,9799100
2019-10-11,18.6299991607666,19.110000610351562,18.600000381469727,18.950000762939453,18.020153045654297,10477700
2019-10-14,18.6200008392334,18.829999923706055,18.049999237060547,18.760000228881836,17.8394775390625,9185800
2019-10-15,18.719999313354492,19.18000030517578,18.579999923706055,18.700000762939453,17.782419204711914,11120800
2019-10-16,18.65999984741211,18.90999984741211,18.290000915527344,18.299999237060547,17.40204429626465,9417800
2019-10-17,18.420000076293945,18.65999984741211,18.260000228881836,18.510000228881836,17.601747512817383,13595800
2019-10-18,18.56999969482422,19.209999084472656,18.43000030517578,18.43000030517578,17.52566909790039,26677300
2019-10-21,18.149999618530273,20.0,18.100000381469727,19.610000610351562,18.647769927978516,27859700
2019-10-22,19.809999465942383,20.100000381469727,19.200000762939453,19.899999618530273,18.923540115356445,14548100
2019-10-23,19.709999084472656,20.399999618530273,19.420000076293945,20.209999084472656,19.21832847595215,11784100
2019-10-24,20.299999237060547,20.360000610351562,19.530000686645508,19.90999984741211,18.933048248291016,9416900
2019-10-25,19.889999389648438,20.520000457763672,19.790000915527344,20.479999542236328,19.475078582763672,13148300
2019-10-28,20.600000381469727,20.639999389648438,20.219999313354492,20.299999237060547,19.303909301757812,12464800
2019-10-29,20.049999237060547,20.530000686645508,19.93000030517578,20.3799991607666,19.379989624023438,11592000
2019-10-30,20.399999618530273,20.450000762939453,19.420000076293945,19.440000534057617,18.486112594604492,13151500
2019-10-31,19.31999969482422,19.440000534057617,18.860000610351562,19.25,18.305435180664062,10693300
2019-11-01,19.420000076293945,20.1299991607666,19.350000381469727,20.09000015258789,19.104211807250977,11548200
2019-11-04,20.5,21.09000015258789,20.479999542236328,21.06999969482422,20.036128997802734,16301100
2019-11-05,21.15999984741211,21.40999984741211,20.850000381469727,21.049999237060547,20.017114639282227,14116000
2019-11-06,20.90999984741211,21.09000015258789,20.420000076293945,20.600000381469727,19.58919334411621,11389800
2019-11-07,20.959999084472656,21.399999618530273,20.860000610351562,20.959999084472656,19.931528091430664,8367700
2019-11-08,20.700000762939453,21.299999237060547,20.450000762939453,21.280000686645508,20.235822677612305,9603400
2019-11-11,20.969999313354492,21.280000686645508,20.65999984741211,21.25,20.20729637145996,6712900
2019-11-12,21.280000686645508,21.440000534057617,20.8799991607666,21.030000686645508,19.99809455871582,6971200
2019-11-13,20.90999984741211,20.90999984741211,20.510000228881836,20.6200008392334,19.608211517333984,7355600
2019-11-14,20.6200008392334,20.920000076293945,20.280000686645508,20.329999923706055,19.332439422607422,6247700
2019-11-15,20.440000534057617,20.799999237060547,20.34000015258789,20.479999542236328,19.475078582763672,9152100
2019-11-18,20.290000915527344,20.290000915527344,19.709999084472656,20.15999984741211,19.170785903930664,8836400
2019-11-19,20.020000457763672,20.06999969482422,19.579999923706055,19.899999618530273,18.923540115356445,10244400
2019-11-20,20.010000228881836,20.889999389648438,19.799999237060547,20.530000686645508,19.522626876831055,12520300
2019-11-21,20.729999542236328,21.200000762939453,20.549999237060547,21.1299991607666,20.093185424804688,10522600
2019-11-22,20.979999542236328,21.25,20.809999465942383,20.989999771118164,19.96005630493164,7404000
2019-11-25,20.93000030517578,21.360000610351562,20.75,21.34000015258789,20.292882919311523,7804800
2019-11-26,21.18000030517578,21.280000686645508,20.690000534057617,20.829999923706055,19.807907104492188,10678100
2019-11-27,20.84000015258789,21.520000457763672,20.75,21.40999984741211,20.35944175720215,9061900
2019-11-29,21.049999237060547,21.18000030517578,20.860000610351562,20.989999771118164,19.96005630493164,6437400
2019-12-02,21.100000381469727,21.489999771118164,21.049999237060547,21.290000915527344,20.245336532592773,10234100
2019-12-03,20.84000015258789,21.030000686645508,20.450000762939453,20.790000915527344,19.769866943359375,13049600
2019-12-04,20.850000381469727,21.709999084472656,20.829999923706055,21.469999313354492,20.59480857849121,12904400
2019-12-05,21.600000381469727,21.739999771118164,21.239999771118164,21.420000076293945,20.546852111816406,10274500
2019-12-06,21.399999618530273,22.34000015258789,21.360000610351562,22.329999923706055,21.419755935668945,13910800
2019-12-09,22.049999237060547,22.739999771118164,22.049999237060547,22.56999969482422,21.649972915649414,12210900
2019-12-10,22.690000534057617,22.920000076293945,22.530000686645508,22.790000915527344,21.861003875732422,13220800
2019-12-11,22.809999465942383,23.450000762939453,22.799999237060547,23.3799991607666,22.42695426940918,13972800
2019-12-12,23.510000228881836,24.510000228881836,23.440000534057617,24.299999237060547,23.309452056884766,16237100
2019-12-13,24.3799991607666,24.68000030517578,23.969999313354492,23.989999771118164,23.012088775634766,14103500
2019-12-16,24.25,24.770000457763672,24.25,24.350000381469727,23.357412338256836,13360600
2019-12-17,24.350000381469727,24.81999969482422,24.290000915527344,24.690000534057617,23.683555603027344,24723100
2019-12-18,24.540000915527344,24.770000457763672,24.34000015258789,24.540000915527344,23.539670944213867,14949200
2019-12-19,24.459999084472656,24.799999237060547,24.350000381469727,24.479999542236328,23.482114791870117,13319500
2019-12-20,24.600000381469727,24.809999465942383,24.350000381469727,24.489999771118164,23.49170684814453,16971100
2019-12-23,24.479999542236328,24.950000762939453,24.469999313354492,24.889999389648438,23.875404357910156,11847800
2019-12-24,24.90999984741211,25.34000015258789,24.780000686645508,24.860000610351562,23.846622467041016,5828500
2019-12-26,24.93000030517578,24.989999771118164,24.420000076293945,24.540000915527344,23.539670944213867,10144900
2019-12-27,24.549999237060547,24.690000534057617,24.31999969482422,24.399999618530273,23.40537452697754,8452600
2019-12-30,24.56999969482422,24.989999771118164,24.510000228881836,24.559999465942383,23.558855056762695,9078400
2019-12-31,24.350000381469727,24.510000228881836,24.1299991607666,24.469999313354492,23.47252082824707,10702100
2020-01-02,24.690000534057617,24.84000015258789,24.420000076293945,24.68000030517578,23.673961639404297,9125500
2020-01-03,25.290000915527344,25.450000762939453,24.579999923706055,24.760000228881836,23.750703811645508,11562600
2020-01-06,25.0,25.469999313354492,24.75,25.389999389648438,24.355018615722656,14422600
2020-01-07,25.350000381469727,25.350000381469727,24.219999313354492,24.670000076293945,23.66437339782715,12406300
2020-01-08,24.469999313354492,24.6200008392334,23.760000228881836,24.049999237060547,23.06964111328125,14021100
2020-01-09,24.09000015258789,24.299999237060547,23.469999313354492,24.190000534057617,23.203937530517578,13480200
2020-01-10,24.139999389648438,24.229999542236328,23.93000030517578,24.079999923706055,23.098421096801758,8385000
2020-01-13,23.950000762939453,23.969999313354492,23.59000015258789,23.75,22.781869888305664,11442700
2020-01-14,23.59000015258789,24.040000915527344,23.3700008392334,23.940000534057617,22.964128494262695,13325200
2020-01-15,23.760000228881836,23.8799991607666,23.489999771118164,23.56999969482422,22.60920524597168,9940800
2020-01-16,23.719999313354492,24.010000228881836,23.65999984741211,23.809999465942383,22.839427947998047,10188100
2020-01-17,24.0,24.229999542236328,23.829999923706055,23.959999084472656,22.983308792114258,14378500
2020-01-21,23.780000686645508,24.520000457763672,23.610000610351562,23.770000457763672,22.801057815551758,21047800
2020-01-22,23.809999465942383,24.149999618530273,23.65999984741211,23.93000030517578,22.954538345336914,12042500
2020-01-23,23.68000030517578,23.700000762939453,23.15999984741211,23.579999923706055,22.61880111694336,12567900
2020-01-24,23.5,23.5,22.829999923706055,23.100000381469727,22.158369064331055,11684500
2020-01-27,22.399999618530273,22.520000457763672,21.56999969482422,21.649999618530273,20.76747703552246,18996600
2020-01-28,21.799999237060547,22.110000610351562,21.440000534057617,22.079999923706055,21.179946899414062,8773600
2020-01-29,22.329999923706055,22.43000030517578,21.6200008392334,21.6299991607666,20.748291015625,10328600
2020-01-30,21.229999542236328,21.969999313354492,21.200000762939453,21.950000762939453,21.055248260498047,10652100
2020-01-31,21.479999542236328,21.889999389648438,21.229999542236328,21.809999465942383,20.920955657958984,12501900
2020-02-03,21.809999465942383,21.93000030517578,21.43000030517578,21.5,20.62358856201172,11481700
2020-02-04,21.969999313354492,22.15999984741211,21.610000610351562,21.670000076293945,20.786657333374023,11941000
2020-02-05,22.190000534057617,22.8700008392334,22.079999923706055,22.579999923706055,21.65956687927246,12034200
2020-02-06,22.68000030517578,22.700000762939453,22.030000686645508,22.260000228881836,21.352609634399414,8205500
2020-02-07,21.940000534057617,22.100000381469727,21.68000030517578,21.799999237060547,20.911359786987305,10241400
2020-02-10,21.510000228881836,21.600000381469727,21.290000915527344,21.399999618530273,20.527667999267578,10099000
2020-02-11,21.770000457763672,21.860000610351562,21.5,21.729999542236328,20.844213485717773,12984000
2020-02-12,22.270000457763672,22.559999465942383,21.899999618530273,22.350000381469727,21.438940048217773,9893900
2020-02-13,22.139999389648438,22.399999618530273,21.899999618530273,22.190000534057617,21.285459518432617,10072300
2020-02-14,22.239999771118164,22.350000381469727,21.84000015258789,22.1200008392334,21.21831512451172,8415500
2020-02-18,21.81999969482422,21.979999542236328,21.389999389648438,21.860000610351562,20.96891975402832,8500200
2020-02-19,21.979999542236328,22.350000381469727,21.950000762939453,22.280000686645508,21.371797561645508,7035300
2020-02-20,22.520000457763672,22.579999923706055,21.940000534057617,21.950000762939453,21.055248260498047,7202300
2020-02-21,21.639999389648438,21.670000076293945,20.889999389648438,21.260000228881836,20.393375396728516,11631000
2020-02-24,20.25,20.280000686645508,19.739999771118164,19.829999923706055,19.02166748046875,12540100
2020-02-25,19.950000762939453,20.010000228881836,18.760000228881836,19.010000228881836,18.235090255737305,13040400
2020-02-26,19.229999542236328,19.270000457763672,18.329999923706055,18.399999618530273,17.649951934814453,16143400
2020-02-27,17.690000534057617,18.43000030517578,17.270000457763672,17.389999389648438,16.68112564086914,20069300
2020-02-28,16.760000228881836,17.149999618530273,16.299999237060547,16.959999084472656,16.26865577697754,27295500
2020-03-02,17.25,17.270000457763672,16.3700008392334,17.219999313354492,16.518054962158203,20530300
2020-03-03,16.739999771118164,17.079999923706055,15.710000038146973,15.949999809265137,15.461444854736328,26031300
2020-03-04,16.190000534057617,16.190000534057617,15.130000114440918,15.390000343322754,14.918597221374512,30188600
2020-03-05,15.0,15.039999961853027,14.420000076293945,14.739999771118164,14.288504600524902,28694400
2020-03-06,14.260000228881836,14.479999542236328,12.75,13.069999694824219,12.669659614562988,30003000
2020-03-09,9.739999771118164,9.739999771118164,7.900000095367432,8.149999618530273,7.90036153793335,74704100
2020-03-10,9.489999771118164,9.569999694824219,7.679999828338623,8.65999984741211,8.394740104675293,62821800
2020-03-11,8.130000114440918,8.329999923706055,7.769999980926514,7.829999923706055,7.590163230895996,35888800
2020-03-12,7.150000095367432,7.389999866485596,6.420000076293945,6.420000076293945,6.223352432250977,38621400
2020-03-13,7.320000171661377,7.349999904632568,6.320000171661377,7.150000095367432,6.930992603302002,43906600
2020-03-16,5.960000038146973,6.829999923706055,5.800000190734863,5.940000057220459,5.758055210113525,37973700
2020-03-17,6.130000114440918,6.400000095367432,5.579999923706055,6.139999866485596,5.95192813873291,36224500
2020-03-18,5.590000152587891,5.889999866485596,4.25,4.610000133514404,4.4687933921813965,45137200
2020-03-19,4.78000020980835,5.340000152587891,4.5,4.800000190734863,4.6529741287231445,39826500
2020-03-20,5.130000114440918,5.360000133514404,4.559999942779541,5.050000190734863,4.895316123962402,49166700
2020-03-23,5.199999809265137,5.380000114440918,4.900000095367432,5.239999771118164,5.079496383666992,27219200
2020-03-24,5.920000076293945,6.949999809265137,5.809999942779541,6.630000114440918,6.426918983459473,48419800
2020-03-25,7.519999980926514,7.519999980926514,6.039999961853027,6.769999980926514,6.562631607055664,51372200
2020-03-26,6.880000114440918,7.769999980926514,6.75,7.050000190734863,6.834054470062256,32866100
2020-03-27,6.570000171661377,6.809999942779541,6.179999828338623,6.389999866485596,6.194270610809326,33438800
2020-03-30,6.300000190734863,6.670000076293945,6.03000020980835,6.369999885559082,6.174883842468262,28100100
2020-03-31,6.800000190734863,6.989999771118164,6.539999961853027,6.849999904632568,6.640180587768555,34498500
2020-04-01,6.610000133514404,6.699999809265137,6.230000019073486,6.599999904632568,6.397838115692139,27200600
2020-04-02,6.809999942779541,8.199999809265137,6.760000228881836,7.519999980926514,7.289658546447754,51270900
2020-04-03,7.829999923706055,8.029999732971191,7.340000152587891,7.610000133514404,7.376902103424072,35876800
2020-04-06,7.829999923706055,8.0,7.610000133514404,7.909999847412109,7.667712211608887,28269000
2020-04-07,8.550000190734863,8.829999923706055,7.78000020980835,8.039999961853027,7.79373025894165,40153500
2020-04-08,8.300000190734863,8.789999961853027,8.270000457763672,8.75,8.48198413848877,27550400
2020-04-09,9.619999885559082,9.729999542236328,7.96999979019165,8.210000038146973,7.958524703979492,62286900
2020-04-13,8.550000190734863,8.550000190734863,7.679999828338623,7.849999904632568,7.609550476074219,46429300
2020-04-14,7.860000133514404,8.149999618530273,7.5,7.630000114440918,7.396288871765137,37407700
2020-04-15,7.150000095367432,7.199999809265137,6.800000190734863,6.949999809265137,6.737117767333984,34865300
2020-04-16,6.980000019073486,6.980000019073486,6.53000020980835,6.670000076293945,6.465694904327393,26960600
2020-04-17,6.900000095367432,7.579999923706055,6.889999866485596,7.579999923706055,7.347820281982422,34351200
2020-04-20,6.900000095367432,8.020000457763672,6.699999809265137,7.630000114440918,7.396288871765137,41649500
2020-04-21,7.309999942779541,7.760000228881836,7.159999847412109,7.460000038146973,7.231496334075928,34791200
2020-04-22,7.849999904632568,8.300000190734863,7.809999942779541,8.229999542236328,7.977911472320557,39590700
2020-04-23,8.600000381469727,9.020000457763672,8.40999984741211,8.920000076293945,8.646777153015137,43765500
2020-04-24,9.1899995803833,9.579999923706055,8.720000267028809,8.859999656677246,8.588614463806152,46122800
2020-04-27,8.5,9.100000381469727,8.260000228881836,8.90999984741211,8.637084007263184,27910700
2020-04-28,9.289999961853027,9.600000381469727,9.039999961853027,9.520000457763672,9.228397369384766,28508700
2020-04-29,10.15999984741211,11.069999694824219,10.100000381469727,11.020000457763672,10.682451248168945,37511600
2020-04-30,11.100000381469727,11.109999656677246,10.239999771118164,10.5,10.17837905883789,45404700
2020-05-01,10.180000305175781,10.399999618530273,9.699999809265137,9.760000228881836,9.461048126220703,28085800
2020-05-04,9.229999542236328,10.039999961853027,9.050000190734863,10.029999732971191,9.722774505615234,25440100
2020-05-05,10.619999885559082,10.760000228881836,9.75,9.859999656677246,9.5579833984375,30398500
2020-05-06,9.779999732971191,10.0,9.550000190734863,9.5600004196167,9.26717472076416,19837800
2020-05-07,9.789999961853027,10.119999885559082,9.760000228881836,10.010000228881836,9.703388214111328,20163200
2020-05-08,10.279999732971191,10.710000038146973,10.09000015258789,10.699999809265137,10.372254371643066,21288400
2020-05-11,10.479999542236328,10.710000038146973,10.3100004196167,10.579999923706055,10.255929946899414,17674300
2020-05-12,10.699999809265137,10.880000114440918,10.350000381469727,10.489999771118164,10.168684959411621,21854000
2020-05-13,10.350000381469727,10.380000114440918,9.40999984741211,9.539999961853027,9.247784614562988,24155200
2020-05-14,9.25,10.140000343322754,9.119999885559082,9.949999809265137,9.645227432250977,22312000
2020-05-15,9.869999885559082,10.239999771118164,9.760000228881836,9.819999694824219,9.519208908081055,22989200
2020-05-18,10.539999961853027,11.619999885559082,10.510000228881836,11.510000228881836,11.157442092895508,40033000
2020-05-19,11.399999618530273,11.510000228881836,11.0600004196167,11.149999618530273,10.808469772338867,26264000
2020-05-20,11.430000305175781,11.989999771118164,11.369999885559082,11.949999809265137,11.583966255187988,28188200
2020-05-21,11.979999542236328,12.210000038146973,11.75,11.979999542236328,11.613044738769531,22874800
2020-05-22,11.859999656677246,11.949999809265137,11.470000267028809,11.59000015258789,11.234992980957031,19319100
2020-05-26,12.039999961853027,12.109999656677246,11.779999732971191,11.869999885559082,11.506415367126465,23319700
2020-05-27,11.949999809265137,12.239999771118164,11.510000228881836,12.1899995803833,11.816615104675293,20093700
2020-05-28,12.180000305175781,12.569999694824219,11.9399995803833,12.109999656677246,11.739065170288086,19018700
2020-05-29,11.880000114440918,11.949999809265137,11.399999618530273,11.75,11.390091896057129,28707100
2020-06-01,11.789999961853027,12.180000305175781,11.579999923706055,12.039999961853027,11.671208381652832,20750000
2020-06-02,12.239999771118164,12.699999809265137,12.109999656677246,12.6899995803833,12.347448348999023,21763900
2020-06-03,13.09000015258789,13.210000038146973,12.859999656677246,13.079999923706055,12.726921081542969,24102100
2020-06-04,12.989999771118164,13.430000305175781,12.670000076293945,13.1899995803833,12.833950996398926,22497000
2020-06-05,14.220000267028809,15.010000228881836,14.210000038146973,14.520000457763672,14.128049850463867,27776900
2020-06-08,15.5,16.450000762939453,15.1899995803833,16.399999618530273,15.957301139831543,36372000
2020-06-09,15.619999885559082,15.619999885559082,14.84000015258789,15.430000305175781,15.013484954833984,23805800
2020-06-10,15.119999885559082,15.239999771118164,14.210000038146973,14.510000228881836,14.118319511413574,26440800
2020-06-11,12.600000381469727,13.25,12.229999542236328,12.279999732971191,11.948515892028809,27855000
2020-06-12,13.170000076293945,13.3100004196167,12.3100004196167,12.779999732971191,12.435018539428711,20073300
2020-06-15,11.949999809265137,13.279999732971191,11.710000038146973,13.029999732971191,12.67827033996582,19678100
2020-06-16,14.100000381469727,14.140000343322754,13.0600004196167,13.529999732971191,13.164772033691406,23520500
2020-06-17,13.449999809265137,13.460000038146973,12.930000305175781,12.960000038146973,12.610160827636719,15676200
2020-06-18,12.729999542236328,13.329999923706055,12.649999618530273,13.1899995803833,12.833950996398926,14375100
2020-06-19,13.779999732971191,13.800000190734863,12.949999809265137,13.039999961853027,12.688000679016113,29721000
2020-06-22,12.930000305175781,13.130000114440918,12.710000038146973,13.020000457763672,12.66854190826416,12853300
2020-06-23,13.180000305175781,13.25,12.960000038146973,13.0,12.649080276489258,13303300
2020-06-24,12.670000076293945,12.699999809265137,11.609999656677246,11.859999656677246,11.539854049682617,18726000
2020-06-25,11.579999923706055,12.430000305175781,11.510000228881836,12.430000305175781,12.094467163085938,12866700
2020-06-26,12.3100004196167,12.3100004196167,11.819999694824219,11.930000305175781,11.607963562011719,16419700
2020-06-29,12.010000228881836,12.5600004196167,11.84000015258789,12.420000076293945,12.084736824035645,16714300
2020-06-30,12.260000228881836,13.15999984741211,12.119999885559082,12.979999542236328,12.629618644714355,21171100
2020-07-01,13.1899995803833,13.3100004196167,12.399999618530273,12.470000267028809,12.133387565612793,15603200
2020-07-02,12.789999961853027,13.109999656677246,12.569999694824219,12.569999694824219,12.230685234069824,15125100
2020-07-06,12.949999809265137,13.210000038146973,12.720000267028809,13.029999732971191,12.67827033996582,13644000
2020-07-07,12.779999732971191,12.850000381469727,12.40999984741211,12.40999984741211,12.075007438659668,10967300
2020-07-08,12.420000076293945,12.670000076293945,12.1899995803833,12.470000267028809,12.133387565612793,13122400
2020-07-09,12.470000267028809,12.579999923706055,11.699999809265137,11.779999732971191,11.46201229095459,16112800
2020-07-10,11.739999771118164,12.09000015258789,11.670000076293945,12.0600004196167,11.734455108642578,12895000
2020-07-13,12.239999771118164,12.260000228881836,11.760000228881836,11.789999961853027,11.471742630004883,13306800
2020-07-14,11.75,12.539999961853027,11.630000114440918,12.479999542236328,12.143117904663086,15884100
2020-07-15,12.989999771118164,13.180000305175781,12.729999542236328,13.0,12.649080276489258,18202100
2020-07-16,12.829999923706055,13.380000114440918,12.6899995803833,13.09000015258789,12.736649513244629,12747200
2020-07-17,13.149999618530273,13.4399995803833,12.9399995803833,13.079999923706055,12.726921081542969,16463500
2020-07-20,13.710000038146973,14.140000343322754,13.380000114440918,13.40999984741211,13.048012733459473,28342500
2020-07-21,14.050000190734863,14.920000076293945,13.979999542236328,14.319999694824219,13.933448791503906,32616200
2020-07-22,14.140000343322754,14.390000343322754,13.880000114440918,14.180000305175781,13.79722785949707,17933100
2020-07-23,13.949999809265137,14.770000457763672,13.9399995803833,14.75,14.35184097290039,19508600
2020-07-24,14.65999984741211,14.90999984741211,14.569999694824219,14.710000038146973,14.312921524047852,21901700
2020-07-27,14.699999809265137,14.930000305175781,14.479999542236328,14.899999618530273,14.497791290283203,15134100
2020-07-28,14.800000190734863,14.989999771118164,14.579999923706055,14.649999618530273,14.25454044342041,14961000
2020-07-29,14.630000114440918,15.109999656677246,14.619999885559082,15.069999694824219,14.663202285766602,13723700
2020-07-30,14.779999732971191,14.84000015258789,14.600000381469727,14.670000076293945,14.274001121520996,14688100
2020-07-31,14.399999618530273,14.59000015258789,14.100000381469727,14.329999923706055,13.9431791305542,18013100
2020-08-03,14.329999923706055,14.680000305175781,14.25,14.529999732971191,14.137781143188477,11183500
2020-08-04,14.5,15.25,14.460000038146973,15.109999656677246,14.702123641967773,15746200
2020-08-05,15.529999732971191,15.75,15.260000228881836,15.319999694824219,14.906454086303711,13469000
2020-08-06,15.34000015258789,15.4399995803833,14.800000190734863,14.819999694824219,14.419952392578125,11389600
2020-08-07,14.649999618530273,14.890000343322754,14.420000076293945,14.890000343322754,14.488062858581543,12918500
2020-08-10,14.979999542236328,15.65999984741211,14.930000305175781,15.609999656677246,15.188627243041992,10490600
2020-08-11,16.0,16.700000762939453,15.979999542236328,16.139999389648438,15.704319953918457,25789800
2020-08-12,16.459999084472656,16.81999969482422,16.3799991607666,16.709999084472656,16.258934020996094,20495500
2020-08-13,16.639999389648438,16.790000915527344,16.350000381469727,16.649999618530273,16.200550079345703,13456900
2020-08-14,16.309999465942383,16.65999984741211,16.149999618530273,16.6299991607666,16.18109130859375,12244200
2020-08-17,16.520000457763672,16.850000381469727,16.5,16.649999618530273,16.200550079345703,12312500
2020-08-18,16.610000610351562,16.889999389648438,16.34000015258789,16.450000762939453,16.005952835083008,10542900
2020-08-19,16.450000762939453,16.8700008392334,16.3799991607666,16.489999771118164,16.044872283935547,11929100
2020-08-20,16.270000457763672,16.290000915527344,15.949999809265137,16.010000228881836,15.57783031463623,13361200
2020-08-21,15.880000114440918,15.989999771118164,15.609999656677246,15.739999771118164,15.315116882324219,9806400
2020-08-24,15.880000114440918,16.639999389648438,15.770000457763672,16.290000915527344,15.850273132324219,14722400
2020-08-25,16.6200008392334,16.690000534057617,16.059999465942383,16.149999618530273,15.714049339294434,10201200
2020-08-26,16.110000610351562,16.260000228881836,15.779999732971191,15.8100004196167,15.383227348327637,8954800
2020-08-27,15.819999694824219,16.059999465942383,15.579999923706055,16.020000457763672,15.58755874633789,8343400
2020-08-28,16.09000015258789,16.43000030517578,16.020000457763672,16.270000457763672,15.830812454223633,8505200
2020-08-31,16.200000762939453,16.34000015258789,15.960000038146973,16.18000030517578,15.743240356445312,9810500
2020-09-01,15.930000305175781,16.350000381469727,15.829999923706055,16.229999542236328,15.835932731628418,11040300
2020-09-02,16.170000076293945,16.290000915527344,16.040000915527344,16.25,15.855447769165039,10415400
2020-09-03,16.139999389648438,16.68000030517578,15.829999923706055,16.1200008392334,15.72860336303711,15884500
2020-09-04,16.290000915527344,16.350000381469727,15.489999771118164,15.989999771118164,15.601760864257812,12968800
2020-09-08,15.489999771118164,15.579999923706055,14.770000457763672,14.8100004196167,14.450411796569824,15783600
2020-09-09,14.960000038146973,15.329999923706055,14.899999618530273,15.0600004196167,14.694341659545898,12272500
2020-09-10,15.050000190734863,15.170000076293945,14.1899995803833,14.279999732971191,13.933279037475586,15727100
2020-09-11,14.369999885559082,14.369999885559082,13.989999771118164,14.270000457763672,13.92352294921875,10846300
2020-09-14,14.3100004196167,14.5,14.09000015258789,14.329999923706055,13.98206615447998,10765000
2020-09-15,14.449999809265137,14.640000343322754,14.3100004196167,14.4399995803833,14.089394569396973,7930400
2020-09-16,14.630000114440918,15.350000381469727,14.430000305175781,15.069999694824219,14.704097747802734,14990800
2020-09-17,14.729999542236328,14.970000267028809,14.569999694824219,14.819999694824219,14.460166931152344,12584200
2020-09-18,14.710000038146973,14.960000038146973,14.350000381469727,14.449999809265137,14.099151611328125,12507600
2020-09-21,13.720000267028809,13.819999694824219,12.890000343322754,13.220000267028809,12.899017333984375,19709700
2020-09-22,13.4399995803833,13.680000305175781,13.100000381469727,13.329999923706055,13.006345748901367,10214600
2020-09-23,13.359999656677246,13.5,12.640000343322754,12.649999618530273,12.342855453491211,15910300
2020-09-24,12.319999694824219,12.770000457763672,12.010000228881836,12.520000457763672,12.216014862060547,24020300
2020-09-25,12.3100004196167,12.569999694824219,12.210000038146973,12.369999885559082,12.069656372070312,18480300
2020-09-28,12.699999809265137,12.920000076293945,12.550000190734863,12.760000228881836,12.450185775756836,16598400
2020-09-29,12.720000267028809,12.779999732971191,12.0,12.069999694824219,11.776939392089844,13391900
2020-09-30,12.180000305175781,12.470000267028809,11.949999809265137,12.050000190734863,11.757425308227539,12139900
2020-10-01,11.859999656677246,11.899999618530273,11.0,11.170000076293945,10.898792266845703,27032500
2020-10-02,10.649999618530273,11.390000343322754,10.600000381469727,11.3100004196167,11.035390853881836,17883400
2020-10-05,11.550000190734863,11.970000267028809,11.40999984741211,11.930000305175781,11.640338897705078,13796400
2020-10-06,12.229999542236328,12.5600004196167,11.779999732971191,11.850000381469727,11.562281608581543,20036300
2020-10-07,11.869999885559082,12.039999961853027,11.699999809265137,11.930000305175781,11.640338897705078,13292300
2020-10-08,12.119999885559082,12.8100004196167,12.050000190734863,12.8100004196167,12.49897289276123,13712800
2020-10-09,12.90999984741211,12.960000038146973,12.4399995803833,12.579999923706055,12.274555206298828,13564600
2020-10-12,12.579999923706055,12.789999961853027,12.359999656677246,12.729999542236328,12.420912742614746,10810700
2020-10-13,12.5600004196167,12.789999961853027,12.399999618530273,12.539999961853027,12.235527038574219,9264000
2020-10-14,12.59000015258789,13.180000305175781,12.5600004196167,12.720000267028809,12.411158561706543,12221800
2020-10-15,12.399999618530273,13.09000015258789,12.270000457763672,13.069999694824219,12.75265884399414,12268200
2020-10-16,12.979999542236328,13.069999694824219,12.210000038146973,12.25,11.952569007873535,18401100
2020-10-19,12.229999542236328,12.729999542236328,11.850000381469727,12.170000076293945,11.87451171875,20524100
2020-10-20,12.4399995803833,13.140000343322754,12.390000343322754,12.739999771118164,12.430670738220215,18730800
2020-10-21,12.609999656677246,12.899999618530273,12.5,12.670000076293945,12.362370491027832,11946900
2020-10-22,12.680000305175781,13.109999656677246,12.640000343322754,13.039999961853027,12.72338581085205,10765500
2020-10-23,13.220000267028809,13.5,13.039999961853027,13.3100004196167,12.986833572387695,17743500
2020-10-26,13.039999961853027,13.069999694824219,12.720000267028809,12.789999961853027,12.47945785522461,16611700
2020-10-27,12.710000038146973,12.75,12.380000114440918,12.510000228881836,12.206255912780762,11873100
2020-10-28,11.960000038146973,12.109999656677246,11.420000076293945,11.420000076293945,11.142719268798828,18266900
2020-10-29,11.25,11.920000076293945,10.989999771118164,11.619999885559082,11.337864875793457,15084800
2020-10-30,11.579999923706055,12.09000015258789,11.479999542236328,12.0600004196167,11.767183303833008,16135900
2020-11-02,12.350000381469727,12.989999771118164,11.979999542236328,12.800000190734863,12.489214897155762,15822600
2020-11-03,13.130000114440918,13.260000228881836,12.760000228881836,12.989999771118164,12.674600601196289,13231800
2020-11-04,12.960000038146973,13.25,12.369999885559082,12.710000038146973,12.401399612426758,19084400
2020-11-05,12.6899995803833,13.029999732971191,12.550000190734863,12.569999694824219,12.26479721069336,11946800
2020-11-06,12.5,12.789999961853027,12.270000457763672,12.279999732971191,11.981841087341309,10871300
2020-11-09,14.199999809265137,15.119999885559082,14.100000381469727,14.380000114440918,14.030851364135742,25174500
2020-11-10,14.229999542236328,14.6899995803833,13.850000381469727,14.380000114440918,14.030851364135742,14627600
2020-11-11,14.569999694824219,14.59000015258789,13.869999885559082,14.180000305175781,13.835708618164062,8998400
2020-11-12,13.899999618530273,14.3100004196167,13.779999732971191,13.920000076293945,13.58202075958252,9915500
2020-11-13,14.020000457763672,14.430000305175781,13.869999885559082,14.329999923706055,13.98206615447998,9683900
2020-11-16,15.039999961853027,15.569999694824219,14.800000190734863,15.460000038146973,15.084630012512207,12832200
2020-11-17,15.09000015258789,15.84000015258789,14.960000038146973,15.8100004196167,15.426131248474121,10451700
2020-11-18,15.850000381469727,16.280000686645508,15.380000114440918,15.390000343322754,15.016329765319824,12951400
2020-11-19,15.210000038146973,16.079999923706055,15.039999961853027,16.0,15.611517906188965,12055800
2020-11-20,15.920000076293945,16.06999969482422,15.569999694824219,15.899999618530273,15.513945579528809,7826600
2020-11-23,16.260000228881836,17.489999771118164,16.149999618530273,17.31999969482422,16.89946746826172,17849200
2020-11-24,18.0,18.280000686645508,17.719999313354492,17.90999984741211,17.475139617919922,15620900
2020-11-25,17.5,17.950000762939453,17.399999618530273,17.860000610351562,17.426361083984375,11051000
